# WaveFront *.obj file (generated by Cinema 4D)

mtllib ./AM158_13.mtl

v -29.860001 -29.104171 30.000004
v 29.662008 -29.244171 29.860004
v -30.000000 -29.104171 -29.859997
v 29.860001 -29.244171 -29.662004
v -29.860001 -22.384171 30.000004
v 30.000000 -22.384171 29.860004
v -30.000000 -22.384171 -29.859997
v 29.860001 -22.384171 -29.999996
v -24.424337 -29.100860 24.236834
v -24.236830 -29.100860 -24.424334
v 24.424337 -29.100860 -24.236826
v 24.236830 -29.100860 24.424341
v -24.291750 -23.262420 24.159164
v -24.159161 -23.262420 -24.291746
v 24.291750 -23.262420 -24.159157
v 24.159161 -23.262420 24.291754
v -30.000000 -29.104171 29.860004
v -29.860001 -29.244171 29.662012
v -29.662008 -29.244171 29.860004
v 29.860001 -29.244171 29.662012
v 30.000000 -29.104171 29.860004
v 29.860001 -29.104171 30.000004
v -29.860001 -29.104171 -29.999996
v -29.662008 -29.244171 -29.859997
v -29.860001 -29.244171 -29.662004
v 29.662008 -29.244171 -29.859997
v 29.860001 -29.104171 -29.999996
v 30.000000 -29.104171 -29.859997
v -29.860001 -22.244171 29.860004
v -30.000000 -22.384171 29.860004
v 29.860001 -22.244171 29.860004
v 29.860001 -22.384171 30.000004
v -29.860001 -22.244171 -29.859997
v -29.860001 -22.384171 -29.999996
v 29.860001 -22.244171 -29.859997
v 30.000000 -22.384171 -29.859997
v -24.291750 -28.968270 24.159164
v -24.159161 -28.968270 24.291754
v -24.236830 -29.100860 24.424341
v -24.159161 -28.968270 -24.291746
v -24.291750 -28.968270 -24.159157
v -24.424337 -29.100860 -24.236826
v 24.291750 -28.968270 -24.159157
v 24.159161 -28.968270 -24.291746
v 24.236830 -29.100860 -24.424334
v 24.159161 -28.968270 24.291754
v 24.291750 -28.968270 24.159164
v 24.424337 -29.100860 24.236834
v -24.159161 -23.129830 24.159164
v -24.159161 -23.262420 24.291754
v -24.159161 -23.129830 -24.159157
v -24.291750 -23.262420 -24.159157
v 24.159161 -23.129830 -24.159157
v 24.159161 -23.262420 -24.291746
v 24.159161 -23.129830 24.159164
v 24.291750 -23.262420 24.159164
v -29.964996 -29.104171 29.965000
v -29.964996 -29.209171 29.810509
v -29.831007 -29.244171 29.831011
v -29.810505 -29.209171 29.965000
v 29.831007 -29.244171 29.831011
v 29.964996 -29.209171 29.810509
v 29.964996 -29.104171 29.965000
v 29.810505 -29.209171 29.965000
v -29.964996 -29.104171 -29.964993
v -29.810505 -29.209171 -29.964993
v -29.831007 -29.244171 -29.831003
v -29.964996 -29.209171 -29.810501
v 29.831007 -29.244171 -29.831003
v 29.810505 -29.209171 -29.964993
v 29.964996 -29.104171 -29.964993
v 29.964996 -29.209171 -29.810501
v -29.860001 -22.279171 29.965004
v -29.965000 -22.279171 29.860003
v -29.965000 -22.384171 29.965004
v 29.965000 -22.279171 29.860004
v 29.859999 -22.279171 29.965004
v 29.965000 -22.384171 29.965004
v -29.965000 -22.279171 -29.859997
v -29.859999 -22.279171 -29.964996
v -29.965000 -22.384171 -29.964996
v 29.860001 -22.279171 -29.964996
v 29.965000 -22.279171 -29.859995
v 29.965000 -22.384171 -29.964996
v -24.324900 -29.067712 24.178581
v -24.258604 -28.968270 24.258608
v -24.178577 -29.067712 24.324903
v -24.358046 -29.100860 24.358049
v -24.178577 -29.067712 -24.324896
v -24.258604 -28.968270 -24.258600
v -24.324900 -29.067712 -24.178574
v -24.358046 -29.100860 -24.358042
v 24.324900 -29.067712 -24.178574
v 24.258604 -28.968270 -24.258600
v 24.178577 -29.067712 -24.324896
v 24.358046 -29.100860 -24.358042
v 24.178577 -29.067712 24.324903
v 24.258604 -28.968270 24.258608
v 24.324900 -29.067712 24.178581
v 24.358046 -29.100860 24.358049
v -24.258604 -23.162978 24.159164
v -24.159161 -23.162978 24.258608
v -24.258604 -23.262420 24.258608
v -24.159161 -23.162978 -24.258600
v -24.258604 -23.162978 -24.159157
v -24.258604 -23.262420 -24.258600
v 24.258604 -23.162978 -24.159157
v 24.159161 -23.162978 -24.258600
v 24.258604 -23.262420 -24.258600
v 24.159161 -23.162978 24.258608
v 24.258604 -23.162978 24.159164
v 24.258604 -23.262420 24.258608
v -29.940252 -29.209171 29.940256
v 29.940252 -29.209171 29.940256
v -29.940252 -29.209171 -29.940248
v 29.940252 -29.209171 -29.940248
v -29.945917 -22.298256 29.945921
v 29.945917 -22.298256 29.945921
v -29.945917 -22.298256 -29.945913
v 29.945917 -22.298256 -29.945913
v -24.282042 -29.067712 24.282045
v -24.282042 -29.067712 -24.282038
v 24.282042 -29.067712 -24.282038
v 24.282042 -29.067712 24.282045
v -24.240532 -23.181054 24.240536
v -24.240532 -23.181054 -24.240528
v 24.240532 -23.181054 -24.240528
v 24.240532 -23.181054 24.240536
v -29.916168 -29.104171 29.992842
v -29.991251 -29.165423 29.847635
v -29.864820 -29.244171 29.750608
v -29.738159 -29.237667 29.913847
v 29.750605 -29.244171 29.864824
v 29.913849 -29.237668 29.738157
v 29.992838 -29.104171 29.916172
v 29.847631 -29.165424 29.991255
v -29.992838 -29.104171 -29.916164
v -29.847631 -29.165423 -29.991247
v -29.750605 -29.244171 -29.864817
v -29.913843 -29.237667 -29.738155
v 29.864820 -29.244171 -29.750601
v 29.738153 -29.237668 -29.913845
v 29.916168 -29.104171 -29.992834
v 29.991251 -29.165424 -29.847628
v -29.860001 -22.328003 29.992842
v -29.916168 -22.251334 29.860004
v -29.992834 -22.384171 29.916172
v 29.992838 -22.328003 29.860004
v 29.860001 -22.251334 29.916172
v 29.916168 -22.384171 29.992838
v -29.992838 -22.328003 -29.859997
v -29.860001 -22.251334 -29.916164
v -29.916168 -22.384171 -29.992830
v 29.860001 -22.328003 -29.992834
v 29.916168 -22.251334 -29.859997
v 29.992834 -22.384171 -29.916164
v -24.371943 -29.094305 24.206139
v -24.284966 -28.968270 24.212358
v -24.163313 -29.022455 24.298838
v -24.301945 -29.100860 24.399340
v -24.206135 -29.094305 -24.371939
v -24.212355 -28.968270 -24.284962
v -24.298834 -29.022455 -24.163309
v -24.399336 -29.100860 -24.301941
v 24.371943 -29.094305 -24.206131
v 24.284966 -28.968270 -24.212351
v 24.163313 -29.022455 -24.298830
v 24.301945 -29.100860 -24.399332
v 24.206135 -29.094305 24.371946
v 24.212355 -28.968270 24.284969
v 24.298834 -29.022455 24.163317
v 24.399336 -29.100860 24.301949
v -24.284966 -23.209225 24.159164
v -24.159161 -23.136613 24.212358
v -24.212355 -23.262421 24.284969
v -24.159161 -23.209225 -24.284962
v -24.212355 -23.136613 -24.159157
v -24.284966 -23.262421 -24.212351
v 24.284966 -23.209225 -24.159157
v 24.159161 -23.136613 -24.212351
v 24.212355 -23.262421 -24.284962
v 24.159161 -23.209225 24.284969
v 24.212355 -23.136613 24.159164
v 24.284966 -23.262421 24.212358
v -29.992838 -29.104171 29.916172
v -29.913843 -29.237668 29.738163
v -29.750605 -29.244171 29.864817
v -29.847631 -29.165424 29.991255
v 29.864813 -29.244171 29.750608
v 29.991251 -29.165424 29.847630
v 29.916168 -29.104171 29.992842
v 29.738153 -29.237668 29.913853
v -29.916168 -29.104171 -29.992834
v -29.738159 -29.237668 -29.913839
v -29.864813 -29.244171 -29.750601
v -29.991251 -29.165424 -29.847628
v 29.750605 -29.244171 -29.864809
v 29.847626 -29.165424 -29.991247
v 29.992838 -29.104171 -29.916164
v 29.913849 -29.237668 -29.738150
v -29.860001 -22.251335 29.916172
v -29.992838 -22.328003 29.860003
v -29.916168 -22.384171 29.992842
v 29.916168 -22.251335 29.860004
v 29.859999 -22.328003 29.992842
v 29.992838 -22.384171 29.916172
v -29.916168 -22.251335 -29.859997
v -29.859999 -22.328003 -29.992834
v -29.992838 -22.384171 -29.916164
v 29.860001 -22.251335 -29.916164
v 29.992838 -22.328003 -29.859995
v 29.916168 -22.384171 -29.992834
v -24.298834 -29.022454 24.163309
v -24.212355 -28.968270 24.284969
v -24.206135 -29.094306 24.371946
v -24.399336 -29.100860 24.301949
v -24.163305 -29.022454 -24.298830
v -24.284966 -28.968270 -24.212351
v -24.371943 -29.094306 -24.206131
v -24.301945 -29.100860 -24.399332
v 24.298834 -29.022454 -24.163301
v 24.212355 -28.968270 -24.284962
v 24.206135 -29.094306 -24.371939
v 24.399336 -29.100860 -24.301941
v 24.163305 -29.022454 24.298838
v 24.284966 -28.968270 24.212358
v 24.371943 -29.094306 24.206139
v 24.301945 -29.100860 24.399340
v -24.212355 -23.136614 24.159164
v -24.159161 -23.209225 24.284969
v -24.284969 -23.262420 24.212358
v -24.159161 -23.136614 -24.212351
v -24.284966 -23.209225 -24.159157
v -24.212355 -23.262420 -24.284966
v 24.212355 -23.136614 -24.159157
v 24.159161 -23.209225 -24.284962
v 24.284969 -23.262420 -24.212351
v 24.159161 -23.136614 24.212358
v 24.284966 -23.209225 24.159164
v 24.212355 -23.262420 24.284973
v -29.963190 -29.165424 29.963194
v -29.887251 -29.237667 29.887255
v -29.967451 -29.209171 29.879265
v -29.879261 -29.209171 29.967455
v 29.887251 -29.237668 29.887255
v 29.963190 -29.165424 29.963194
v 29.967451 -29.209171 29.879265
v 29.879261 -29.209171 29.967455
v -29.963190 -29.165424 -29.963186
v -29.887251 -29.237667 -29.887247
v -29.879261 -29.209171 -29.967447
v -29.967451 -29.209171 -29.879257
v 29.887251 -29.237668 -29.887247
v 29.963190 -29.165424 -29.963186
v 29.879261 -29.209171 -29.967447
v 29.967451 -29.209171 -29.879257
v -29.913153 -22.285709 29.958467
v -29.958466 -22.331019 29.958467
v -29.958466 -22.285710 29.913155
v 29.958464 -22.285709 29.913157
v 29.958464 -22.331019 29.958469
v 29.913151 -22.285710 29.958469
v -29.958464 -22.285709 -29.913149
v -29.958464 -22.331019 -29.958462
v -29.913151 -22.285710 -29.958462
v 29.913153 -22.285709 -29.958460
v 29.958466 -22.331019 -29.958460
v 29.958466 -22.285710 -29.913147
v -24.312433 -29.067712 24.234303
v -24.234299 -29.067712 24.312437
v -24.262796 -29.022454 24.262800
v -24.317915 -29.094305 24.317926
v -24.234299 -29.067712 -24.312429
v -24.312433 -29.067712 -24.234295
v -24.262796 -29.022454 -24.262793
v -24.317923 -29.094305 -24.317911
v 24.312433 -29.067712 -24.234295
v 24.234299 -29.067712 -24.312429
v 24.262796 -29.022454 -24.262793
v 24.317915 -29.094305 -24.317919
v 24.234299 -29.067712 24.312437
v 24.312433 -29.067712 24.234303
v 24.262796 -29.022454 24.262800
v 24.317923 -29.094305 24.317919
v -24.252413 -23.169170 24.209507
v -24.252413 -23.212083 24.252417
v -24.209501 -23.169170 24.252417
v -24.209503 -23.169170 -24.252409
v -24.252413 -23.212083 -24.252409
v -24.252413 -23.169170 -24.209497
v 24.252413 -23.169170 -24.209499
v 24.252413 -23.212083 -24.252409
v 24.209501 -23.169170 -24.252409
v 24.209503 -23.169170 24.252417
v 24.252413 -23.212083 24.252417
v 24.252413 -23.169170 24.209505
v -29.909185 -29.165424 29.989809
v 29.816694 -29.237668 29.917625
v -29.989805 -29.165424 -29.909182
v 29.917622 -29.237668 -29.816690
v -29.916010 -22.328166 29.983591
v 29.983587 -22.328166 29.916014
v -29.983587 -22.328166 -29.916006
v 29.916010 -22.328166 -29.983583
v -24.353483 -29.094305 24.266283
v -24.266279 -29.094305 -24.353479
v 24.353483 -29.094305 -24.266275
v 24.266279 -29.094305 24.353487
v -24.276211 -23.209380 24.212206
v -24.212202 -23.209380 -24.276207
v 24.276211 -23.209380 -24.212198
v 24.212202 -23.209380 24.276215
v -29.989798 -29.165424 29.909189
v -29.917622 -29.237667 29.816698
v -29.816694 -29.237667 29.917620
v 29.917616 -29.237668 29.816698
v 29.989805 -29.165424 29.909189
v 29.909185 -29.165424 29.989801
v -29.909185 -29.165424 -29.989794
v -29.816694 -29.237667 -29.917618
v -29.917616 -29.237667 -29.816690
v 29.816694 -29.237668 -29.917612
v 29.909185 -29.165424 -29.989801
v 29.989798 -29.165424 -29.909182
v -29.916010 -22.260582 29.916010
v -29.983591 -22.328166 29.916010
v 29.916006 -22.260582 29.916014
v 29.916006 -22.328166 29.983595
v -29.916006 -22.260582 -29.916006
v -29.916006 -22.328166 -29.983587
v 29.916010 -22.260582 -29.916002
v 29.983591 -22.328166 -29.916002
v -24.290195 -29.022454 24.216784
v -24.216782 -29.022455 24.290194
v -24.266272 -29.094306 24.353487
v -24.216780 -29.022454 -24.290192
v -24.290190 -29.022455 -24.216778
v -24.353483 -29.094306 -24.266268
v 24.290195 -29.022454 -24.216776
v 24.216782 -29.022455 -24.290186
v 24.266272 -29.094306 -24.353479
v 24.216780 -29.022454 24.290199
v 24.290190 -29.022455 24.216785
v 24.353483 -29.094306 24.266275
v -24.212202 -23.145373 24.212206
v -24.212202 -23.209380 24.276215
v -24.212202 -23.145373 -24.212198
v -24.276211 -23.209380 -24.212198
v 24.212202 -23.145373 -24.212198
v 24.212202 -23.209380 -24.276207
v 24.212202 -23.145373 24.212206
v 24.276211 -23.209380 24.212206
v -29.888346 -29.104171 29.998400
v -29.997980 -29.135826 29.857141
v -29.865347 -29.244171 29.706165
v -29.700193 -29.242726 29.887007
v 29.706161 -29.244171 29.865351
v 29.886997 -29.242725 29.700197
v 29.998396 -29.104171 29.888350
v 29.857138 -29.135825 29.997978
v -29.998396 -29.104171 -29.888342
v -29.857138 -29.135826 -29.997976
v -29.706161 -29.244171 -29.865343
v -29.887003 -29.242726 -29.700190
v 29.865347 -29.244171 -29.706158
v 29.700193 -29.242725 -29.886993
v 29.888346 -29.104171 -29.998392
v 29.997974 -29.135825 -29.857134
v -29.860001 -22.355827 29.998400
v -29.888346 -22.245774 29.860003
v -29.998398 -22.384171 29.888350
v 29.998396 -22.355827 29.860004
v 29.859999 -22.245774 29.888350
v 29.888346 -22.384171 29.998402
v -29.998396 -22.355827 -29.859997
v -29.859999 -22.245774 -29.888342
v -29.888346 -22.384171 -29.998394
v 29.860001 -22.355827 -29.998392
v 29.888346 -22.245774 -29.859995
v 29.998398 -22.384171 -29.888342
v -24.397970 -29.099399 24.221380
v -24.290230 -28.968270 24.186007
v -24.160088 -28.995715 24.293344
v -24.270121 -29.100860 24.413748
v -24.221376 -29.099399 -24.397966
v -24.186003 -28.968270 -24.290226
v -24.293341 -28.995715 -24.160084
v -24.413744 -29.100860 -24.270117
v 24.397970 -29.099399 -24.221373
v 24.290230 -28.968270 -24.185999
v 24.160088 -28.995715 -24.293337
v 24.270121 -29.100860 -24.413740
v 24.221376 -29.099399 24.397974
v 24.186003 -28.968270 24.290234
v 24.293341 -28.995715 24.160091
v 24.413744 -29.100860 24.270124
v -24.290230 -23.235576 24.159163
v -24.159159 -23.131348 24.186008
v -24.186005 -23.262421 24.290237
v -24.159159 -23.235576 -24.290226
v -24.186005 -23.131348 -24.159155
v -24.290234 -23.262421 -24.186001
v 24.290230 -23.235576 -24.159155
v 24.159159 -23.131348 -24.186001
v 24.186005 -23.262421 -24.290230
v 24.159159 -23.235576 24.290234
v 24.186005 -23.131348 24.159163
v 24.290234 -23.262421 24.186008
v -29.982023 -29.104171 29.942375
v -29.940174 -29.227381 29.775408
v -29.793829 -29.244171 29.854876
v -29.831451 -29.190305 29.979816
v 29.854872 -29.244171 29.793833
v 29.979818 -29.190307 29.831455
v 29.942371 -29.104171 29.982027
v 29.775396 -29.227380 29.940178
v -29.942371 -29.104171 -29.982019
v -29.775404 -29.227381 -29.940170
v -29.854872 -29.244171 -29.793825
v -29.979813 -29.190305 -29.831448
v 29.793829 -29.244171 -29.854868
v 29.831451 -29.190307 -29.979815
v 29.982023 -29.104171 -29.942368
v 29.940174 -29.227380 -29.775393
v -29.860004 -22.262152 29.942371
v -29.982019 -22.301801 29.860004
v -29.942368 -22.384171 29.982019
v 29.942368 -22.262152 29.860008
v 29.860001 -22.301801 29.982023
v 29.982016 -22.384171 29.942371
v -29.942368 -22.262152 -29.860001
v -29.860001 -22.301801 -29.982016
v -29.982016 -22.384171 -29.942364
v 29.860004 -22.262152 -29.942364
v 29.982019 -22.301801 -29.859997
v 29.942368 -22.384171 -29.982012
v -24.309256 -29.047111 24.169418
v -24.237171 -28.968270 24.274721
v -24.191555 -29.084223 24.347050
v -24.380775 -29.100860 24.331537
v -24.169415 -29.047111 -24.309252
v -24.274717 -28.968270 -24.237167
v -24.347046 -29.084223 -24.191551
v -24.331533 -29.100860 -24.380772
v 24.309256 -29.047111 -24.169411
v 24.237171 -28.968270 -24.274714
v 24.191555 -29.084223 -24.347042
v 24.380775 -29.100860 -24.331530
v 24.169415 -29.047111 24.309259
v 24.274717 -28.968270 24.237175
v 24.347046 -29.084223 24.191559
v 24.331533 -29.100860 24.380779
v -24.237169 -23.146861 24.159168
v -24.159164 -23.184411 24.274725
v -24.274717 -23.262420 24.237171
v -24.159164 -23.146861 -24.237165
v -24.274721 -23.184411 -24.159161
v -24.237167 -23.262420 -24.274714
v 24.237169 -23.146861 -24.159161
v 24.159164 -23.184411 -24.274717
v 24.274717 -23.262420 -24.237164
v 24.159164 -23.146861 24.237173
v 24.274721 -23.184411 24.159168
v 24.237167 -23.262420 24.274721
v -29.966932 -29.135826 29.966936
v -29.914661 -29.227381 29.914665
v -29.968689 -29.209171 29.844944
v -29.912159 -29.209171 29.958891
v 29.859217 -29.242725 29.859221
v 29.953760 -29.190308 29.953764
v 29.968689 -29.209171 29.844938
v 29.912159 -29.209171 29.958891
v -29.966932 -29.135826 -29.966928
v -29.914661 -29.227381 -29.914658
v -29.844940 -29.209171 -29.968685
v -29.958887 -29.209171 -29.912155
v 29.859217 -29.242725 -29.859213
v 29.953760 -29.190308 -29.953756
v 29.844934 -29.209171 -29.968685
v 29.958887 -29.209171 -29.912155
v -29.885761 -22.280192 29.963982
v -29.951542 -22.309813 29.951542
v -29.963980 -22.280192 29.885765
v 29.963978 -22.280192 29.885765
v 29.951538 -22.309813 29.951546
v 29.885761 -22.280192 29.963984
v -29.963978 -22.280192 -29.885757
v -29.951538 -22.309813 -29.951538
v -29.885761 -22.280192 -29.963976
v 29.885761 -22.280192 -29.963974
v 29.951542 -22.309813 -29.951534
v 29.963980 -22.280192 -29.885757
v -24.320559 -29.067712 24.206932
v -24.259783 -29.067712 24.299747
v -24.259151 -28.995715 24.259155
v -24.298895 -29.084223 24.298899
v -24.206928 -29.067712 -24.320555
v -24.299744 -29.067712 -24.259779
v -24.259151 -28.995715 -24.259148
v -24.298895 -29.084223 -24.298891
v 24.320559 -29.067712 -24.206924
v 24.259783 -29.067712 -24.299740
v 24.259151 -28.995715 -24.259148
v 24.298895 -29.084223 -24.298891
v 24.206928 -29.067712 24.320562
v 24.299744 -29.067712 24.259787
v 24.259151 -28.995715 24.259155
v 24.298895 -29.084223 24.298899
v -24.257637 -23.163945 24.183563
v -24.245855 -23.191999 24.245859
v -24.183559 -23.163945 24.257641
v -24.183559 -23.163945 -24.257633
v -24.245855 -23.191999 -24.245852
v -24.257637 -23.163945 -24.183556
v 24.257637 -23.163945 -24.183556
v 24.245855 -23.191999 -24.245852
v 24.183559 -23.163945 -24.257633
v 24.183559 -23.163945 24.257641
v 24.245855 -23.191999 24.245859
v 24.257637 -23.163945 24.183563
v -29.942371 -29.104171 29.982019
v -29.979813 -29.190305 29.831461
v -29.854872 -29.244171 29.793833
v -29.775396 -29.227380 29.940178
v 29.793829 -29.244171 29.854876
v 29.940174 -29.227379 29.775400
v 29.982016 -29.104171 29.942375
v 29.831457 -29.190308 29.979822
v -29.982016 -29.104171 -29.942368
v -29.831457 -29.190305 -29.979809
v -29.793829 -29.244171 -29.854868
v -29.940174 -29.227380 -29.775393
v 29.854872 -29.244171 -29.793825
v 29.775396 -29.227379 -29.940170
v 29.942371 -29.104171 -29.982012
v 29.979818 -29.190308 -29.831453
v -29.860001 -22.301804 29.982019
v -29.942368 -22.262155 29.860003
v -29.982023 -22.384171 29.942375
v 29.982016 -22.301804 29.860004
v 29.859999 -22.262155 29.942371
v 29.942371 -22.384171 29.982027
v -29.982016 -22.301804 -29.859997
v -29.859999 -22.262155 -29.942364
v -29.942371 -22.384171 -29.982019
v 29.860001 -22.301804 -29.982012
v 29.942368 -22.262155 -29.859995
v 29.982023 -22.384171 -29.942368
v -24.347046 -29.084223 24.191553
v -24.274717 -28.968270 24.237171
v -24.169411 -29.047113 24.309259
v -24.331533 -29.100860 24.380779
v -24.191549 -29.084223 -24.347042
v -24.237167 -28.968270 -24.274714
v -24.309256 -29.047113 -24.169407
v -24.380775 -29.100860 -24.331530
v 24.347046 -29.084223 -24.191545
v 24.274717 -28.968270 -24.237164
v 24.169411 -29.047113 -24.309252
v 24.331533 -29.100860 -24.380772
v 24.191549 -29.084223 24.347050
v 24.237167 -28.968270 24.274721
v 24.309256 -29.047113 24.169415
v 24.380775 -29.100860 24.331537
v -24.274717 -23.184412 24.159164
v -24.159161 -23.146863 24.237171
v -24.237169 -23.262419 24.274725
v -24.159161 -23.184412 -24.274714
v -24.237167 -23.146863 -24.159157
v -24.274721 -23.262419 -24.237165
v 24.274717 -23.184412 -24.159157
v 24.159161 -23.146863 -24.237164
v 24.237169 -23.262419 -24.274717
v 24.159161 -23.184412 24.274721
v 24.237167 -23.146863 24.159164
v 24.274721 -23.262419 24.237173
v -29.998396 -29.104171 29.888350
v -29.887003 -29.242726 29.700197
v -29.706161 -29.244171 29.865351
v -29.857138 -29.135826 29.997984
v 29.865347 -29.244171 29.706165
v 29.997974 -29.135825 29.857136
v 29.888346 -29.104171 29.998400
v 29.700193 -29.242725 29.887001
v -29.888346 -29.104171 -29.998392
v -29.700193 -29.242726 -29.886999
v -29.865347 -29.244171 -29.706158
v -29.997980 -29.135826 -29.857134
v 29.706161 -29.244171 -29.865343
v 29.857132 -29.135825 -29.997971
v 29.998396 -29.104171 -29.888342
v 29.886997 -29.242725 -29.700190
v -29.860001 -22.245774 29.888350
v -29.998398 -22.355826 29.860003
v -29.888346 -22.384171 29.998400
v 29.888346 -22.245774 29.860004
v 29.859999 -22.355826 29.998402
v 29.998396 -22.384171 29.888350
v -29.888346 -22.245774 -29.859997
v -29.859999 -22.355826 -29.998394
v -29.998396 -22.384171 -29.888342
v 29.860001 -22.245774 -29.888342
v 29.998398 -22.355826 -29.859995
v 29.888346 -22.384171 -29.998392
v -24.293341 -28.995715 24.160095
v -24.186003 -28.968270 24.290234
v -24.221380 -29.099399 24.397974
v -24.413750 -29.100860 24.270128
v -24.160091 -28.995715 -24.293337
v -24.290230 -28.968270 -24.185999
v -24.397970 -29.099399 -24.221376
v -24.270124 -29.100860 -24.413746
v 24.293341 -28.995715 -24.160088
v 24.186003 -28.968270 -24.290226
v 24.221380 -29.099399 -24.397966
v 24.413750 -29.100860 -24.270121
v 24.160091 -28.995715 24.293344
v 24.290230 -28.968270 24.186007
v 24.397970 -29.099399 24.221384
v 24.270124 -29.100860 24.413754
v -24.186005 -23.131348 24.159164
v -24.159161 -23.235576 24.290237
v -24.290230 -23.262421 24.186007
v -24.159161 -23.131348 -24.186001
v -24.290234 -23.235576 -24.159157
v -24.186003 -23.262421 -24.290226
v 24.186005 -23.131348 -24.159157
v 24.159161 -23.235576 -24.290230
v 24.290230 -23.262421 -24.185999
v 24.159161 -23.131348 24.186008
v 24.290234 -23.235576 24.159164
v 24.186003 -23.262421 24.290234
v -29.953760 -29.190305 29.953764
v -29.859217 -29.242726 29.859221
v -29.958887 -29.209171 29.912163
v -29.844934 -29.209171 29.968693
v 29.914661 -29.227379 29.914665
v 29.966932 -29.135825 29.966936
v 29.958887 -29.209171 29.912163
v 29.844940 -29.209171 29.968693
v -29.953760 -29.190305 -29.953756
v -29.859217 -29.242726 -29.859213
v -29.912159 -29.209171 -29.958883
v -29.968689 -29.209171 -29.844931
v 29.914661 -29.227379 -29.914658
v 29.966932 -29.135825 -29.966928
v 29.912159 -29.209171 -29.958883
v 29.968689 -29.209171 -29.844936
v -29.934361 -22.292636 29.951542
v -29.963978 -22.358410 29.963982
v -29.951542 -22.292636 29.934364
v 29.951538 -22.292636 29.934364
v 29.963978 -22.358410 29.963982
v 29.934361 -22.292636 29.951546
v -29.951538 -22.292636 -29.934357
v -29.963978 -22.358410 -29.963974
v -29.934361 -22.292636 -29.951538
v 29.934361 -22.292636 -29.951534
v 29.963978 -22.358410 -29.963974
v 29.951542 -22.292636 -29.934357
v -24.299744 -29.067712 24.259787
v -24.206928 -29.067712 24.320562
v -24.270348 -29.047112 24.270351
v -24.337847 -29.099399 24.337851
v -24.259783 -29.067712 -24.299740
v -24.320559 -29.067712 -24.206924
v -24.270348 -29.047112 -24.270344
v -24.337847 -29.099399 -24.337843
v 24.299744 -29.067712 -24.259779
v 24.206928 -29.067712 -24.320555
v 24.270348 -29.047112 -24.270344
v 24.337847 -29.099399 -24.337843
v 24.259783 -29.067712 24.299747
v 24.320559 -29.067712 24.206932
v 24.270348 -29.047112 24.270351
v 24.337847 -29.099399 24.337851
v -24.245855 -23.175730 24.229593
v -24.257637 -23.238023 24.257641
v -24.229589 -23.175730 24.245857
v -24.229589 -23.175730 -24.245852
v -24.257637 -23.238023 -24.257633
v -24.245853 -23.175730 -24.229586
v 24.245855 -23.175730 -24.229586
v 24.257637 -23.238023 -24.257633
v 24.229589 -23.175730 -24.245850
v 24.229589 -23.175730 24.245859
v 24.257637 -23.238023 24.257641
v 24.245853 -23.175730 24.229593
v -29.915754 -29.135826 29.993916
v -29.896429 -29.190305 29.980494
v -29.938288 -29.165424 29.980568
v -29.878571 -29.165424 29.992750
v 29.783747 -29.242725 29.891306
v 29.848969 -29.227380 29.943369
v 29.854689 -29.237668 29.908434
v 29.777388 -29.237668 29.918430
v -29.993912 -29.135826 -29.915751
v -29.980490 -29.190305 -29.896425
v -29.980564 -29.165424 -29.938284
v -29.992746 -29.165424 -29.878567
v 29.891302 -29.242725 -29.783743
v 29.943365 -29.227380 -29.848965
v 29.908430 -29.237668 -29.854685
v 29.918427 -29.237668 -29.777384
v -29.887726 -22.327389 29.991411
v -29.939722 -22.329923 29.972736
v -29.914251 -22.304451 29.972736
v -29.916784 -22.356450 29.991411
v 29.991407 -22.327389 29.887730
v 29.972733 -22.329923 29.939726
v 29.972733 -22.304451 29.914255
v 29.991407 -22.356450 29.916788
v -29.991407 -22.327389 -29.887722
v -29.972733 -22.329923 -29.939718
v -29.972733 -22.304451 -29.914248
v -29.991407 -22.356450 -29.916780
v 29.887726 -22.327389 -29.991404
v 29.939722 -22.329923 -29.972729
v 29.914251 -22.304451 -29.972729
v 29.916784 -22.356450 -29.991404
v -24.364613 -29.094305 24.236826
v -24.337996 -29.094305 24.293676
v -24.331732 -29.084223 24.249342
v -24.376251 -29.099399 24.283991
v -24.236822 -29.094305 -24.364609
v -24.293673 -29.094305 -24.337992
v -24.249338 -29.084223 -24.331728
v -24.283987 -29.099399 -24.376247
v 24.364613 -29.094305 -24.236818
v 24.337996 -29.094305 -24.293669
v 24.331732 -29.084223 -24.249334
v 24.376251 -29.099399 -24.283983
v 24.236822 -29.094305 24.364616
v 24.293673 -29.094305 24.337999
v 24.249338 -29.084223 24.331736
v 24.283987 -29.099399 24.376255
v -24.283611 -23.208644 24.185419
v -24.265932 -23.211044 24.234667
v -24.265928 -23.186921 24.210543
v -24.283613 -23.236166 24.212940
v -24.185415 -23.208644 -24.283607
v -24.234663 -23.211044 -24.265928
v -24.210539 -23.186921 -24.265924
v -24.212936 -23.236166 -24.283609
v 24.283611 -23.208644 -24.185411
v 24.265932 -23.211044 -24.234659
v 24.265928 -23.186921 -24.210535
v 24.283613 -23.236166 -24.212933
v 24.185415 -23.208644 24.283615
v 24.234663 -23.211044 24.265936
v 24.210539 -23.186921 24.265932
v 24.212936 -23.236166 24.283617
v -29.993912 -29.135826 29.915758
v -29.980484 -29.190305 29.896433
v -29.992746 -29.165424 29.878574
v -29.980570 -29.165424 29.938292
v -29.918427 -29.237667 29.777391
v -29.908430 -29.237667 29.854692
v -29.891302 -29.242726 29.783751
v -29.943365 -29.227381 29.848972
v -29.854689 -29.237667 29.908434
v -29.777388 -29.237667 29.918430
v -29.783747 -29.242726 29.891306
v -29.848969 -29.227381 29.943369
v 29.891302 -29.242725 29.783751
v 29.943365 -29.227379 29.848972
v 29.918432 -29.237668 29.777391
v 29.908430 -29.237668 29.854692
v 29.992746 -29.165424 29.878569
v 29.980564 -29.165424 29.938292
v 29.993912 -29.135825 29.915758
v 29.980497 -29.190307 29.896433
v 29.938288 -29.165424 29.980568
v 29.878571 -29.165424 29.992750
v 29.915754 -29.135825 29.993910
v 29.896437 -29.190308 29.980494
v -29.915754 -29.135826 -29.993908
v -29.896429 -29.190305 -29.980480
v -29.878571 -29.165424 -29.992743
v -29.938288 -29.165424 -29.980566
v -29.777388 -29.237668 -29.918423
v -29.854689 -29.237667 -29.908426
v -29.783747 -29.242726 -29.891298
v -29.848969 -29.227381 -29.943361
v -29.908430 -29.237667 -29.854685
v -29.918427 -29.237667 -29.777384
v -29.891302 -29.242726 -29.783743
v -29.943365 -29.227381 -29.848965
v 29.783747 -29.242725 -29.891298
v 29.848969 -29.227379 -29.943361
v 29.777388 -29.237668 -29.918428
v 29.854689 -29.237668 -29.908426
v 29.878565 -29.165424 -29.992743
v 29.938288 -29.165424 -29.980560
v 29.915754 -29.135825 -29.993908
v 29.896429 -29.190307 -29.980494
v 29.980564 -29.165424 -29.938284
v 29.992746 -29.165424 -29.878567
v 29.993906 -29.135825 -29.915751
v 29.980490 -29.190308 -29.896433
v -29.887724 -22.252765 29.916786
v -29.939722 -22.271438 29.914253
v -29.916784 -22.252764 29.887724
v -29.914251 -22.271438 29.939722
v -29.991407 -22.327389 29.887724
v -29.972736 -22.329923 29.939722
v -29.991407 -22.356450 29.916782
v -29.972736 -22.304451 29.914249
v 29.916782 -22.252765 29.887728
v 29.914249 -22.271438 29.939726
v 29.887720 -22.252764 29.916788
v 29.939718 -22.271438 29.914255
v 29.887720 -22.327389 29.991411
v 29.939718 -22.329923 29.972740
v 29.916779 -22.356450 29.991411
v 29.914246 -22.304451 29.972740
v -29.916782 -22.252765 -29.887720
v -29.914249 -22.271438 -29.939718
v -29.887720 -22.252764 -29.916780
v -29.939718 -22.271438 -29.914248
v -29.887720 -22.327389 -29.991404
v -29.939718 -22.329923 -29.972733
v -29.916779 -22.356450 -29.991404
v -29.914246 -22.304451 -29.972733
v 29.887724 -22.252765 -29.916779
v 29.939722 -22.271438 -29.914246
v 29.916784 -22.252764 -29.887716
v 29.914251 -22.271438 -29.939714
v 29.991407 -22.327389 -29.887716
v 29.972736 -22.329923 -29.939714
v 29.991407 -22.356450 -29.916775
v 29.972736 -22.304451 -29.914242
v -24.296394 -29.022454 24.190418
v -24.279219 -29.022454 24.241440
v -24.285830 -28.995715 24.213228
v -24.298971 -29.047111 24.223745
v -24.213219 -28.995715 24.285833
v -24.223742 -29.047112 24.298975
v -24.190414 -29.022455 24.296398
v -24.241444 -29.022455 24.279222
v -24.249346 -29.084223 24.331732
v -24.283987 -29.099399 24.376255
v -24.236818 -29.094306 24.364616
v -24.293673 -29.094306 24.337999
v -24.190414 -29.022454 -24.296391
v -24.241436 -29.022454 -24.279215
v -24.213224 -28.995715 -24.285826
v -24.223742 -29.047111 -24.298967
v -24.285830 -28.995715 -24.213215
v -24.298971 -29.047112 -24.223738
v -24.296394 -29.022455 -24.190411
v -24.279219 -29.022455 -24.241440
v -24.331728 -29.084223 -24.249342
v -24.376251 -29.099399 -24.283983
v -24.364613 -29.094306 -24.236814
v -24.337996 -29.094306 -24.293669
v 24.296394 -29.022454 -24.190411
v 24.279219 -29.022454 -24.241432
v 24.285830 -28.995715 -24.213221
v 24.298971 -29.047111 -24.223738
v 24.213219 -28.995715 -24.285826
v 24.223742 -29.047112 -24.298967
v 24.190414 -29.022455 -24.296391
v 24.241444 -29.022455 -24.279215
v 24.249346 -29.084223 -24.331724
v 24.283987 -29.099399 -24.376247
v 24.236818 -29.094306 -24.364609
v 24.293673 -29.094306 -24.337992
v 24.190414 -29.022454 24.296398
v 24.241436 -29.022454 24.279222
v 24.213224 -28.995715 24.285833
v 24.223742 -29.047111 24.298975
v 24.285830 -28.995715 24.213223
v 24.298971 -29.047112 24.223745
v 24.296394 -29.022455 24.190418
v 24.279219 -29.022455 24.241447
v 24.331728 -29.084223 24.249350
v 24.376251 -29.099399 24.283991
v 24.364613 -29.094306 24.236822
v 24.337996 -29.094306 24.293676
v -24.212938 -23.137969 24.185419
v -24.210539 -23.155654 24.234667
v -24.185415 -23.137969 24.212940
v -24.234663 -23.155654 24.210543
v -24.185415 -23.208645 24.283617
v -24.234663 -23.211044 24.265932
v -24.212936 -23.236167 24.283617
v -24.210539 -23.186921 24.265932
v -24.185415 -23.137969 -24.212934
v -24.234663 -23.155654 -24.210535
v -24.212936 -23.137969 -24.185411
v -24.210539 -23.155654 -24.234659
v -24.283613 -23.208645 -24.185411
v -24.265928 -23.211044 -24.234659
v -24.283613 -23.236167 -24.212933
v -24.265928 -23.186921 -24.210535
v 24.212938 -23.137969 -24.185411
v 24.210539 -23.155654 -24.234659
v 24.185415 -23.137969 -24.212933
v 24.234663 -23.155654 -24.210535
v 24.185415 -23.208645 -24.283609
v 24.234663 -23.211044 -24.265924
v 24.212936 -23.236167 -24.283609
v 24.210539 -23.186921 -24.265924
v 24.185415 -23.137969 24.212942
v 24.234663 -23.155654 24.210543
v 24.212936 -23.137969 24.185419
v 24.210539 -23.155654 24.234667
v 24.283613 -23.208645 24.185419
v 24.265928 -23.211044 24.234667
v 24.283613 -23.236167 24.212940
v 24.265928 -23.186921 24.210543
v -29.886663 -29.135826 29.998041
v 29.741877 -29.242725 29.891966
v -29.998037 -29.135826 -29.886660
v 29.891962 -29.242725 -29.741873
v -29.889246 -22.354930 29.997759
v 29.997755 -22.354930 29.889250
v -29.997755 -22.354930 -29.889242
v 29.889246 -22.354930 -29.997751
v -24.389013 -29.099399 24.253361
v -24.253357 -29.099399 -24.389009
v 24.389013 -29.099399 -24.253353
v 24.253357 -29.099399 24.389017
v -24.289623 -23.234726 24.186859
v -24.186855 -23.234726 -24.289619
v 24.289623 -23.234726 -24.186852
v 24.186855 -23.234726 24.289627
v -29.984009 -29.135826 29.943293
v -29.944351 -29.227381 29.812197
v -29.884373 -29.227381 29.934528
v 29.881735 -29.242725 29.824360
v 29.982496 -29.190307 29.864052
v 29.927347 -29.190308 29.971678
v -29.943289 -29.135826 -29.984005
v -29.812193 -29.227381 -29.944347
v -29.934525 -29.227381 -29.884369
v 29.824356 -29.242725 -29.881731
v 29.864048 -29.190307 -29.982492
v 29.971674 -29.190308 -29.927343
v -29.886383 -22.263916 29.942263
v -29.980255 -22.301913 29.886387
v 29.942259 -22.263916 29.886387
v 29.886383 -22.301913 29.980259
v -29.942259 -22.263916 -29.886379
v -29.886383 -22.301913 -29.980251
v 29.886383 -22.263916 -29.942255
v 29.980255 -22.301913 -29.886379
v -24.305998 -29.047111 24.197014
v -24.237860 -28.995715 24.275324
v -24.275711 -29.084223 24.317717
v -24.197010 -29.047111 -24.305994
v -24.275320 -28.995715 -24.237856
v -24.317713 -29.084223 -24.275707
v 24.305998 -29.047111 -24.197006
v 24.237860 -28.995715 -24.275316
v 24.275711 -29.084223 -24.317709
v 24.197010 -29.047111 24.306002
v 24.275320 -28.995715 24.237864
v 24.317713 -29.084223 24.275715
v -24.237064 -23.148530 24.184153
v -24.184149 -23.184516 24.273054
v -24.184149 -23.148530 -24.237061
v -24.273050 -23.184516 -24.184145
v 24.237064 -23.148530 -24.184145
v 24.184149 -23.184516 -24.273046
v 24.184149 -23.148530 24.237068
v 24.273050 -23.184516 24.184153
v -29.943283 -29.135826 29.984007
v -29.927347 -29.190305 29.971678
v -29.864048 -29.190305 29.982492
v 29.824356 -29.242725 29.881739
v 29.884373 -29.227380 29.934534
v 29.812185 -29.227380 29.944355
v -29.984003 -29.135826 -29.943279
v -29.971674 -29.190305 -29.927343
v -29.982489 -29.190305 -29.864044
v 29.881735 -29.242725 -29.824352
v 29.934530 -29.227380 -29.884369
v 29.944351 -29.227380 -29.812181
v -29.886387 -22.301913 29.980259
v -29.936234 -22.307940 29.962986
v -29.942259 -22.357787 29.980259
v 29.980255 -22.301913 29.886391
v 29.962982 -22.307940 29.936237
v 29.980255 -22.357787 29.942263
v -29.980255 -22.301913 -29.886383
v -29.962982 -22.307940 -29.936230
v -29.980255 -22.357787 -29.942255
v 29.886387 -22.301913 -29.980251
v 29.936234 -22.307940 -29.962978
v 29.942259 -22.357787 -29.980251
v -24.341286 -29.084223 24.221001
v -24.317713 -29.084223 24.275715
v -24.359236 -29.099399 24.312473
v -24.220997 -29.084223 -24.341282
v -24.275711 -29.084223 -24.317709
v -24.312469 -29.099399 -24.359232
v 24.341286 -29.084223 -24.220993
v 24.317713 -29.084223 -24.275707
v 24.359236 -29.099399 -24.312466
v 24.220997 -29.084223 24.341290
v 24.275711 -29.084223 24.317717
v 24.312469 -29.099399 24.359240
v -24.273050 -23.184516 24.184153
v -24.256697 -23.190226 24.231363
v -24.273052 -23.237433 24.237068
v -24.184149 -23.184516 -24.273046
v -24.231359 -23.190226 -24.256693
v -24.237064 -23.237433 -24.273048
v 24.273050 -23.184516 -24.184145
v 24.256697 -23.190226 -24.231356
v 24.273052 -23.237433 -24.237061
v 24.184149 -23.184516 24.273054
v 24.231359 -23.190226 24.256701
v 24.237064 -23.237433 24.273056
v -29.998045 -29.135826 29.886667
v -29.982483 -29.190305 29.864058
v -29.971674 -29.190305 29.927351
v -29.891968 -29.242726 29.741880
v -29.881742 -29.242726 29.824360
v -29.934530 -29.227381 29.884382
v -29.824356 -29.242726 29.881746
v -29.741877 -29.242726 29.891977
v -29.812185 -29.227380 29.944355
v 29.891973 -29.242725 29.741880
v 29.944351 -29.227379 29.812189
v 29.934525 -29.227379 29.884377
v 29.998037 -29.135825 29.886662
v 29.983997 -29.135825 29.943287
v 29.971674 -29.190308 29.927351
v 29.943283 -29.135825 29.984013
v 29.886663 -29.135825 29.998041
v 29.864054 -29.190308 29.982492
v -29.886663 -29.135826 -29.998041
v -29.864054 -29.190305 -29.982479
v -29.927347 -29.190305 -29.971670
v -29.741877 -29.242726 -29.891964
v -29.824356 -29.242726 -29.881739
v -29.884378 -29.227381 -29.934526
v -29.881742 -29.242726 -29.824352
v -29.891973 -29.242726 -29.741873
v -29.944351 -29.227380 -29.812181
v 29.741877 -29.242725 -29.891970
v 29.812185 -29.227379 -29.944347
v 29.884373 -29.227379 -29.934521
v 29.886658 -29.135825 -29.998034
v 29.943283 -29.135825 -29.983994
v 29.927347 -29.190308 -29.971670
v 29.984009 -29.135825 -29.943279
v 29.998037 -29.135825 -29.886660
v 29.982489 -29.190308 -29.864050
v -29.889242 -22.246417 29.889246
v -29.942259 -22.263915 29.886387
v -29.936234 -22.281189 29.936237
v -29.997755 -22.354929 29.889244
v -29.980255 -22.357788 29.942263
v -29.962988 -22.307940 29.936235
v 29.889242 -22.246417 29.889246
v 29.886383 -22.263915 29.942263
v 29.936234 -22.281189 29.936237
v 29.889240 -22.354929 29.997759
v 29.942259 -22.357788 29.980259
v 29.936232 -22.307940 29.962992
v -29.889242 -22.246417 -29.889238
v -29.886383 -22.263915 -29.942255
v -29.936234 -22.281189 -29.936230
v -29.889240 -22.354929 -29.997751
v -29.942259 -22.357788 -29.980251
v -29.936232 -22.307940 -29.962984
v 29.889242 -22.246417 -29.889238
v 29.942259 -22.263915 -29.886379
v 29.936234 -22.281189 -29.936230
v 29.997755 -22.354929 -29.889236
v 29.980255 -22.357788 -29.942255
v 29.962988 -22.307940 -29.936228
v -24.291464 -28.995715 24.186968
v -24.275320 -28.995715 24.237860
v -24.287275 -29.047112 24.248678
v -24.186964 -28.995715 24.291468
v -24.197008 -29.047112 24.306002
v -24.248678 -29.047112 24.287279
v -24.220999 -29.084223 24.341290
v -24.253357 -29.099399 24.389017
v -24.312475 -29.099399 24.359240
v -24.186964 -28.995715 -24.291460
v -24.237856 -28.995715 -24.275316
v -24.248674 -29.047112 -24.287271
v -24.291464 -28.995715 -24.186960
v -24.305998 -29.047112 -24.197004
v -24.287275 -29.047112 -24.248674
v -24.341286 -29.084223 -24.220995
v -24.389013 -29.099399 -24.253353
v -24.359236 -29.099399 -24.312471
v 24.291464 -28.995715 -24.186960
v 24.275320 -28.995715 -24.237852
v 24.287275 -29.047112 -24.248671
v 24.186964 -28.995715 -24.291460
v 24.197008 -29.047112 -24.305994
v 24.248678 -29.047112 -24.287271
v 24.220999 -29.084223 -24.341282
v 24.253357 -29.099399 -24.389009
v 24.312475 -29.099399 -24.359232
v 24.186964 -28.995715 24.291468
v 24.237856 -28.995715 24.275324
v 24.248674 -29.047112 24.287279
v 24.291464 -28.995715 24.186968
v 24.305998 -29.047112 24.197012
v 24.287275 -29.047112 24.248682
v 24.341286 -29.084223 24.221003
v 24.389013 -29.099399 24.253361
v 24.359236 -29.099399 24.312479
v -24.186857 -23.131957 24.186859
v -24.184149 -23.148530 24.237068
v -24.231359 -23.164890 24.231363
v -24.186855 -23.234726 24.289629
v -24.237064 -23.237433 24.273054
v -24.231359 -23.190226 24.256699
v -24.186855 -23.131957 -24.186853
v -24.237064 -23.148530 -24.184145
v -24.231359 -23.164890 -24.231356
v -24.289625 -23.234726 -24.186852
v -24.273050 -23.237433 -24.237061
v -24.256695 -23.190226 -24.231356
v 24.186857 -23.131957 -24.186852
v 24.184149 -23.148530 -24.237061
v 24.231359 -23.164890 -24.231356
v 24.186855 -23.234726 -24.289621
v 24.237064 -23.237433 -24.273046
v 24.231359 -23.190226 -24.256691
v 24.186855 -23.131957 24.186861
v 24.237064 -23.148530 24.184153
v 24.231359 -23.164890 24.231363
v 24.289625 -23.234726 24.186859
v 24.273050 -23.237433 24.237068
v 24.256695 -23.190226 24.231363
# 1136 vertices

vn 0.000000 -1.000000 0.000000
vn 0.000000 1.000000 0.000000
vn 0.000000 0.000000 1.000000
vn 1.000000 0.000000 0.000000
vn 0.000000 0.000000 -1.000000
vn -1.000000 0.000000 0.000000
vn 0.025661 -0.999671 -0.000679
vn 0.025660 -0.999671 0.000680
vn 0.000679 -0.999671 0.025661
vn -0.000680 -0.999671 0.025660
vn -0.025661 -0.999671 0.000679
vn -0.025660 -0.999671 -0.000680
vn -0.000679 -0.999671 -0.025661
vn 0.000680 -0.999671 -0.025660
vn -0.027238 -0.039974 0.998829
vn -0.007746 -0.997888 0.064496
vn -0.998829 -0.039974 -0.027238
vn 0.064496 -0.997888 0.007746
vn -0.038843 0.038846 0.998490
vn 0.998490 0.038846 0.038843
vn -0.998490 0.038845 -0.038843
vn 0.038843 0.038845 -0.998490
vn 0.047273 -0.998733 -0.017263
vn 0.048112 -0.998739 -0.014360
vn 0.017263 -0.998733 0.047273
vn 0.014360 -0.998739 0.048112
vn -0.047273 -0.998733 0.017263
vn -0.048112 -0.998739 0.014360
vn -0.017263 -0.998733 -0.047273
vn -0.014360 -0.998739 -0.048112
vn 0.998489 -0.038857 -0.038857
vn 0.038857 -0.038857 0.998489
vn -0.998489 -0.038857 0.038857
vn -0.038857 -0.038857 -0.998489
vn -0.053466 -0.998570 0.000000
vn 0.000000 -0.998569 -0.053471
vn 0.053477 -0.998569 0.000000
vn 0.000000 -0.998569 0.053471
vn 0.000000 0.998406 0.056434
vn 0.056434 0.998406 0.000000
vn 0.000000 0.998406 -0.056434
vn -0.056434 0.998406 0.000000
vn 0.056467 -0.000000 0.998405
vn -0.056501 0.000000 0.998403
vn 0.998405 -0.000000 -0.056467
vn -0.056467 -0.000000 -0.998405
vn 0.998325 -0.057862 0.000000
vn -0.000000 -0.057862 0.998325
vn -0.998325 -0.057862 -0.000000
vn 0.000000 -0.057862 -0.998325
vn 0.002802 -0.999720 -0.023490
vn 0.023490 -0.999720 0.002802
vn -0.002802 -0.999720 0.023490
vn -0.023490 -0.999720 -0.002802
vn 0.056468 -0.998404 0.000000
vn 0.000000 -0.998404 0.056468
vn -0.056468 -0.998404 0.000000
vn 0.000000 -0.998404 -0.056468
vn 0.056470 0.000000 -0.998404
vn 0.998404 0.000000 0.056470
vn -0.056470 0.000000 0.998404
vn -0.998404 0.000000 -0.056470
vn -0.802533 0.076243 0.591716
vn -0.656294 -0.751018 -0.072459
vn -0.251019 -0.890020 0.380597
vn 0.031104 -0.999316 0.020029
vn 0.832631 -0.548162 -0.079013
vn 0.393340 -0.708062 0.586457
vn -0.591716 0.076243 -0.802533
vn 0.072459 -0.751018 -0.656294
vn -0.380597 -0.890020 -0.251019
vn 0.020029 -0.999316 -0.031104
vn -0.079013 -0.548162 -0.832631
vn 0.586457 -0.708062 -0.393340
vn -0.055634 0.798120 0.599924
vn -0.798134 0.599904 0.055648
vn 0.599924 0.798120 0.055634
vn 0.055648 0.599904 0.798134
vn -0.599924 0.798120 -0.055634
vn -0.055627 0.599922 -0.798122
vn 0.055634 0.798120 -0.599924
vn 0.798123 0.599922 -0.055627
vn 0.778416 -0.618851 -0.105314
vn 0.602572 -0.030282 -0.797490
vn 0.356636 -0.822048 -0.443900
vn 0.105314 -0.618851 0.778416
vn 0.797490 -0.030282 0.602572
vn 0.443900 -0.822048 0.356636
vn -0.778416 -0.618851 0.105314
vn -0.602572 -0.030282 0.797490
vn -0.356636 -0.822048 0.443900
vn -0.105314 -0.618851 -0.778416
vn -0.797490 -0.030282 -0.602572
vn -0.443900 -0.822048 -0.356636
vn 0.599893 -0.798145 -0.055618
vn 0.055670 -0.599885 -0.798147
vn 0.055618 -0.798145 0.599893
vn 0.798147 -0.599885 0.055670
vn -0.599893 -0.798145 0.055618
vn -0.055670 -0.599885 0.798147
vn -0.055618 -0.798145 -0.599893
vn -0.798147 -0.599885 -0.055670
vn -0.786453 -0.617649 0.000000
vn -0.000000 -0.617743 -0.786380
vn 0.786307 -0.617836 0.000000
vn -0.000000 -0.617743 0.786380
vn -0.000000 0.600986 0.799260
vn 0.799260 0.600986 0.000000
vn 0.000000 0.600986 -0.799260
vn -0.799260 0.600986 -0.000000
vn 0.799223 -0.000000 0.601034
vn -0.799070 -0.000000 0.601239
vn 0.601034 -0.000000 -0.799223
vn -0.799223 -0.000000 -0.601034
vn 0.597688 -0.801728 0.000000
vn 0.000000 -0.801728 0.597688
vn -0.597688 -0.801728 0.000000
vn 0.000000 -0.801728 -0.597688
vn 0.013095 -0.999829 -0.013095
vn 0.016868 -0.999814 -0.009333
vn 0.013095 -0.999829 0.013095
vn 0.009333 -0.999814 0.016868
vn -0.013095 -0.999829 0.013095
vn -0.016868 -0.999814 0.009333
vn -0.013095 -0.999829 -0.013095
vn -0.009333 -0.999814 -0.016868
vn 0.799287 -0.600950 -0.000000
vn 0.000000 -0.600950 0.799287
vn -0.799287 -0.600950 0.000000
vn -0.000000 -0.600950 -0.799287
vn 0.799360 0.000000 -0.600853
vn 0.600853 0.000000 0.799360
vn -0.799360 0.000000 0.600853
vn -0.600853 0.000000 -0.799360
vn -0.359914 0.047534 0.931774
vn -0.499615 -0.472066 0.726319
vn -0.071920 -0.399246 0.914019
vn 0.009867 -0.999053 0.042372
vn 0.142890 -0.965261 0.218757
vn 0.008513 -0.932746 0.360434
vn -0.931774 0.047534 -0.359914
vn -0.726319 -0.472066 -0.499615
vn -0.914019 -0.399246 -0.071920
vn 0.042372 -0.999053 -0.009867
vn 0.218757 -0.965261 -0.142890
vn 0.360434 -0.932746 -0.008513
vn -0.050716 0.391782 0.918659
vn -0.412518 0.572310 0.708725
vn -0.408033 0.262726 0.874348
vn 0.918659 0.391782 0.050716
vn 0.708725 0.572310 0.412518
vn 0.874348 0.262726 0.408033
vn -0.918665 0.391769 -0.050703
vn -0.708742 0.572319 -0.412476
vn -0.874349 0.262735 -0.408024
vn 0.050703 0.391769 -0.918665
vn 0.412476 0.572319 -0.708742
vn 0.408024 0.262735 -0.874349
vn 0.344694 -0.935743 -0.074642
vn 0.509179 -0.819834 -0.261933
vn 0.153824 -0.984048 -0.089378
vn 0.074642 -0.935743 0.344694
vn 0.261933 -0.819834 0.509179
vn 0.089378 -0.984048 0.153824
vn -0.344694 -0.935743 0.074642
vn -0.509179 -0.819834 0.261933
vn -0.153824 -0.984048 0.089378
vn -0.074642 -0.935743 -0.344694
vn -0.261933 -0.819834 -0.509179
vn -0.089378 -0.984048 -0.153824
vn 0.918680 -0.391731 -0.050722
vn 0.708782 -0.572314 -0.412414
vn 0.874420 -0.262616 -0.407950
vn 0.050722 -0.391731 0.918680
vn 0.412414 -0.572314 0.708782
vn 0.407950 -0.262616 0.874420
vn -0.918680 -0.391731 0.050722
vn -0.708782 -0.572314 0.412414
vn -0.874420 -0.262616 0.407950
vn -0.050722 -0.391731 -0.918680
vn -0.412414 -0.572314 -0.708782
vn -0.407950 -0.262616 -0.874420
vn -0.985714 0.005230 0.168349
vn -0.927987 -0.367653 -0.060590
vn -0.860648 -0.438484 0.258876
vn -0.220980 -0.974930 -0.026071
vn -0.042371 -0.999053 0.009863
vn -0.292471 -0.953571 0.071855
vn -0.070259 -0.991624 0.108376
vn -0.000748 -0.998574 0.053387
vn -0.008536 -0.932815 0.360255
vn 0.053387 -0.998574 0.000748
vn 0.423510 -0.904577 -0.048784
vn 0.292519 -0.953555 0.071874
vn 0.981055 -0.192127 -0.024871
vn 0.931745 0.047453 0.360000
vn 0.860581 -0.438401 0.259239
vn 0.569194 -0.181510 0.801917
vn 0.168318 0.005024 0.985720
vn 0.072032 -0.399134 0.914059
vn -0.168349 0.005230 -0.985714
vn 0.060590 -0.367653 -0.927987
vn -0.258876 -0.438484 -0.860648
vn 0.026071 -0.974930 -0.220980
vn -0.009863 -0.999053 -0.042371
vn -0.071855 -0.953571 -0.292471
vn -0.108376 -0.991624 -0.070259
vn -0.053387 -0.998574 -0.000748
vn -0.360255 -0.932815 -0.008536
vn 0.000748 -0.998574 -0.053387
vn -0.048784 -0.904577 -0.423510
vn 0.071874 -0.953555 -0.292519
vn -0.024871 -0.192127 -0.981055
vn 0.360000 0.047453 -0.931745
vn 0.259239 -0.438401 -0.860581
vn 0.801917 -0.181510 -0.569194
vn 0.985720 0.005024 -0.168318
vn 0.914059 -0.399134 -0.072032
vn -0.030367 0.976917 0.211449
vn -0.391782 0.918660 0.050695
vn -0.413318 0.811364 0.413348
vn -0.976932 0.211380 0.030365
vn -0.918753 0.050841 0.391545
vn -0.811415 0.413285 0.413281
vn 0.211449 0.976917 0.030367
vn 0.050695 0.918660 0.391782
vn 0.413348 0.811364 0.413318
vn 0.030365 0.211380 0.976932
vn 0.391545 0.050841 0.918753
vn 0.413281 0.413285 0.811415
vn -0.211416 0.976925 -0.030335
vn -0.050663 0.918674 -0.391754
vn -0.413348 0.811364 -0.413318
vn -0.030371 0.211387 -0.976931
vn -0.391545 0.050841 -0.918753
vn -0.413282 0.413284 -0.811415
vn 0.030335 0.976925 -0.211416
vn 0.391754 0.918674 -0.050663
vn 0.413318 0.811364 -0.413348
vn 0.976931 0.211387 -0.030371
vn 0.918753 0.050841 -0.391545
vn 0.811415 0.413284 -0.413282
vn 0.976683 -0.200005 -0.078022
vn 0.921454 -0.035611 -0.386852
vn 0.835541 -0.395023 -0.381873
vn 0.202667 -0.044129 -0.978253
vn 0.094931 -0.395205 -0.913675
vn 0.381726 -0.395050 -0.835596
vn 0.173723 -0.817655 -0.548872
vn 0.044305 -0.984244 -0.171174
vn 0.089353 -0.984051 -0.153819
vn 0.078022 -0.200005 0.976683
vn 0.386852 -0.035611 0.921454
vn 0.381873 -0.395023 0.835541
vn 0.978253 -0.044129 0.202667
vn 0.913675 -0.395205 0.094931
vn 0.835596 -0.395050 0.381726
vn 0.548872 -0.817655 0.173723
vn 0.171174 -0.984244 0.044305
vn 0.153819 -0.984051 0.089353
vn -0.976683 -0.200005 0.078022
vn -0.921454 -0.035611 0.386852
vn -0.835541 -0.395023 0.381873
vn -0.202667 -0.044129 0.978253
vn -0.094931 -0.395205 0.913675
vn -0.381726 -0.395050 0.835596
vn -0.173723 -0.817655 0.548872
vn -0.044305 -0.984244 0.171174
vn -0.089353 -0.984051 0.153819
vn -0.078022 -0.200005 -0.976683
vn -0.386852 -0.035611 -0.921454
vn -0.381873 -0.395023 -0.835541
vn -0.978253 -0.044129 -0.202667
vn -0.913675 -0.395205 -0.094931
vn -0.835596 -0.395050 -0.381726
vn -0.548872 -0.817655 -0.173723
vn -0.171174 -0.984244 -0.044305
vn -0.153819 -0.984051 -0.089353
vn 0.211406 -0.976927 -0.030332
vn 0.050693 -0.918682 -0.391731
vn 0.413295 -0.811403 -0.413295
vn 0.030319 -0.211433 -0.976922
vn 0.391685 -0.050751 -0.918699
vn 0.413322 -0.413322 -0.811375
vn 0.030332 -0.976927 0.211406
vn 0.391731 -0.918682 0.050693
vn 0.413295 -0.811403 0.413295
vn 0.976922 -0.211433 0.030319
vn 0.918699 -0.050751 0.391685
vn 0.811375 -0.413322 0.413322
vn -0.211406 -0.976927 0.030332
vn -0.050693 -0.918682 0.391731
vn -0.413295 -0.811403 0.413295
vn -0.030319 -0.211433 0.976922
vn -0.391685 -0.050751 0.918699
vn -0.413322 -0.413322 0.811375
vn -0.030332 -0.976927 -0.211406
vn -0.391731 -0.918682 -0.050693
vn -0.413295 -0.811403 -0.413295
vn -0.976922 -0.211433 -0.030319
vn -0.918699 -0.050751 -0.391685
vn -0.811375 -0.413322 -0.413322
vn -0.363875 -0.931448 0.000000
vn -0.000000 -0.931423 -0.363939
vn 0.364032 -0.931387 0.000000
vn -0.000000 -0.931411 0.363968
vn 0.000000 0.924287 0.381699
vn 0.381699 0.924287 -0.000000
vn -0.000000 0.924287 -0.381699
vn -0.381699 0.924287 0.000000
vn 0.381450 0.000000 0.924389
vn -0.381761 0.000000 0.924261
vn 0.924389 0.000000 -0.381450
vn -0.381450 0.000000 -0.924389
vn 0.921103 -0.389318 0.000000
vn -0.000000 -0.389318 0.921103
vn -0.921103 -0.389318 -0.000000
vn 0.000000 -0.389318 -0.921103
vn 0.005876 -0.999775 -0.020362
vn 0.009336 -0.999814 -0.016868
vn 0.020362 -0.999775 0.005876
vn 0.016868 -0.999814 0.009336
vn -0.005876 -0.999775 0.020362
vn -0.009336 -0.999814 0.016868
vn -0.020362 -0.999775 -0.005876
vn -0.016868 -0.999814 -0.009336
vn 0.381700 -0.924286 0.000000
vn -0.000000 -0.924286 0.381700
vn -0.381700 -0.924286 -0.000000
vn 0.000000 -0.924286 -0.381700
vn 0.381645 0.000000 -0.924309
vn 0.924309 0.000000 0.381645
vn -0.381645 0.000000 0.924309
vn -0.924309 0.000000 -0.381645
vn -0.975117 -0.221692 0.000000
vn 0.000000 -0.221595 -0.975139
vn 0.975161 -0.221499 0.000000
vn 0.000000 -0.221595 0.975139
vn -0.000000 0.195916 0.980621
vn 0.980619 0.195922 0.000000
vn 0.000000 0.195922 -0.980619
vn -0.980621 0.195916 -0.000000
vn 0.980625 0.000000 0.195896
vn -0.980605 0.000000 0.195993
vn 0.195896 0.000000 -0.980625
vn -0.980625 0.000000 -0.195896
vn 0.192090 -0.981377 0.000000
vn 0.000000 -0.981377 0.192090
vn -0.192090 -0.981377 0.000000
vn 0.000000 -0.981377 -0.192090
vn 0.020364 -0.999775 -0.005874
vn 0.023491 -0.999720 -0.002801
vn 0.005874 -0.999775 0.020364
vn 0.002801 -0.999720 0.023491
vn -0.020364 -0.999775 0.005874
vn -0.023491 -0.999720 0.002801
vn -0.005874 -0.999775 -0.020364
vn -0.002801 -0.999720 -0.023491
vn 0.980611 -0.195966 -0.000000
vn 0.000000 -0.195966 0.980611
vn -0.980611 -0.195966 0.000000
vn -0.000000 -0.195966 -0.980611
vn 0.980638 0.000000 -0.195829
vn 0.195829 0.000000 0.980638
vn -0.980638 0.000000 0.195829
vn -0.195829 0.000000 -0.980638
vn -0.168223 0.005114 0.985736
vn -0.115922 -0.184062 0.976055
vn 0.024777 -0.192259 0.981031
vn 0.000737 -0.998572 0.053421
vn 0.003331 -0.982924 0.183979
vn -0.026030 -0.974974 0.220788
vn -0.985736 0.005114 -0.168223
vn -0.976055 -0.184062 -0.115922
vn -0.981031 -0.192259 0.024777
vn 0.053421 -0.998572 -0.000737
vn 0.183979 -0.982924 -0.003331
vn 0.220788 -0.974974 0.026030
vn -0.030337 0.211341 0.976942
vn -0.247883 0.247869 0.936544
vn -0.211360 0.030320 0.976938
vn 0.976942 0.211341 0.030337
vn 0.936544 0.247869 0.247883
vn 0.976938 0.030320 0.211360
vn -0.976940 0.211348 -0.030330
vn -0.936540 0.247876 -0.247892
vn -0.976938 0.030319 -0.211362
vn 0.030330 0.211348 -0.976940
vn 0.247892 0.247876 -0.936540
vn 0.211362 0.030319 -0.976937
vn 0.171182 -0.984243 -0.044302
vn 0.165202 -0.984080 -0.065530
vn 0.044915 -0.998718 -0.023363
vn 0.044302 -0.984243 0.171182
vn 0.065530 -0.984080 0.165202
vn 0.023363 -0.998718 0.044915
vn -0.171182 -0.984243 0.044302
vn -0.165202 -0.984080 0.065530
vn -0.044915 -0.998718 0.023363
vn -0.044302 -0.984243 -0.171182
vn -0.065530 -0.984080 -0.165202
vn -0.023363 -0.998718 -0.044915
vn 0.976936 -0.211366 -0.030323
vn 0.936584 -0.247834 -0.247769
vn 0.976957 -0.030347 -0.211266
vn 0.030323 -0.211366 0.976937
vn 0.247769 -0.247834 0.936584
vn 0.211266 -0.030347 0.976957
vn -0.976936 -0.211366 0.030323
vn -0.936584 -0.247834 0.247769
vn -0.976957 -0.030347 0.211266
vn -0.030323 -0.211366 -0.976937
vn -0.247769 -0.247834 -0.936584
vn -0.211266 -0.030347 -0.976957
vn -0.931864 0.047539 0.359681
vn -0.931697 -0.180784 0.315051
vn -0.801841 -0.181507 0.569303
vn -0.423369 -0.904644 -0.048771
vn -0.360315 -0.932792 0.008511
vn -0.585499 -0.810465 0.018386
vn -0.142837 -0.965280 0.218707
vn -0.071862 -0.953571 0.292470
vn -0.126183 -0.859740 0.494898
vn 0.042371 -0.999053 0.009863
vn 0.146814 -0.988543 0.035039
vn 0.108374 -0.991627 0.070216
vn 0.928135 -0.367261 -0.060710
vn 0.914138 -0.398972 0.071921
vn 0.796001 -0.604053 0.038745
vn 0.499623 -0.472037 0.726331
vn 0.259079 -0.438316 0.860672
vn 0.196790 -0.663282 0.722032
vn -0.359681 0.047539 -0.931864
vn -0.315051 -0.180784 -0.931697
vn -0.569303 -0.181507 -0.801841
vn 0.048771 -0.904644 -0.423369
vn -0.008511 -0.932792 -0.360315
vn -0.018386 -0.810465 -0.585499
vn -0.218707 -0.965280 -0.142837
vn -0.292470 -0.953571 -0.071862
vn -0.494898 -0.859740 -0.126183
vn 0.009863 -0.999053 -0.042371
vn 0.035039 -0.988543 -0.146814
vn 0.070216 -0.991627 -0.108374
vn -0.060710 -0.367261 -0.928135
vn 0.071921 -0.398972 -0.914138
vn 0.038745 -0.604053 -0.796001
vn 0.726331 -0.472037 -0.499623
vn 0.860672 -0.438316 -0.259079
vn 0.722032 -0.663282 -0.196790
vn -0.050783 0.918712 0.391651
vn -0.262683 0.874361 0.408033
vn -0.266422 0.763464 0.588339
vn -0.918686 0.391708 0.050805
vn -0.874383 0.408010 0.262645
vn -0.763487 0.588335 0.266363
vn 0.391651 0.918712 0.050783
vn 0.408033 0.874361 0.262683
vn 0.588339 0.763464 0.266422
vn 0.050805 0.391708 0.918686
vn 0.262645 0.408010 0.874383
vn 0.266363 0.588335 0.763487
vn -0.391679 0.918701 -0.050751
vn -0.408031 0.874361 -0.262684
vn -0.588366 0.763451 -0.266398
vn -0.050792 0.391695 -0.918692
vn -0.262644 0.408011 -0.874383
vn -0.266380 0.588349 -0.763470
vn 0.050751 0.918701 -0.391679
vn 0.262684 0.874361 -0.408031
vn 0.266398 0.763451 -0.588366
vn 0.918692 0.391695 -0.050792
vn 0.874383 0.408011 -0.262644
vn 0.763470 0.588349 -0.266380
vn 0.913658 -0.395242 -0.094935
vn 0.892178 -0.393347 -0.222027
vn 0.756372 -0.619021 -0.211460
vn 0.386761 -0.035567 -0.921494
vn 0.392001 -0.191307 -0.899854
vn 0.596081 -0.190571 -0.779981
vn 0.261933 -0.819836 -0.509176
vn 0.169225 -0.935955 -0.308789
vn 0.222368 -0.936468 -0.271256
vn 0.094935 -0.395242 0.913658
vn 0.222027 -0.393347 0.892178
vn 0.211460 -0.619021 0.756372
vn 0.921494 -0.035567 0.386761
vn 0.899854 -0.191307 0.392001
vn 0.779981 -0.190571 0.596081
vn 0.509176 -0.819836 0.261933
vn 0.308789 -0.935955 0.169225
vn 0.271256 -0.936468 0.222368
vn -0.913658 -0.395242 0.094935
vn -0.892178 -0.393347 0.222027
vn -0.756372 -0.619021 0.211460
vn -0.386761 -0.035567 0.921494
vn -0.392001 -0.191307 0.899854
vn -0.596081 -0.190571 0.779981
vn -0.261933 -0.819836 0.509176
vn -0.169225 -0.935955 0.308789
vn -0.222368 -0.936468 0.271256
vn -0.094935 -0.395242 -0.913658
vn -0.222027 -0.393347 -0.892178
vn -0.211460 -0.619021 -0.756372
vn -0.921494 -0.035567 -0.386761
vn -0.899854 -0.191307 -0.392001
vn -0.779981 -0.190571 -0.596081
vn -0.509176 -0.819836 -0.261933
vn -0.308789 -0.935955 -0.169225
vn -0.271256 -0.936468 -0.222368
vn 0.391697 -0.918695 -0.050733
vn 0.407976 -0.874363 -0.262764
vn 0.588340 -0.763463 -0.266422
vn 0.050779 -0.391682 -0.918698
vn 0.262642 -0.408044 -0.874368
vn 0.266397 -0.588330 -0.763479
vn 0.050733 -0.918695 0.391697
vn 0.262764 -0.874363 0.407976
vn 0.266422 -0.763463 0.588340
vn 0.918698 -0.391683 0.050779
vn 0.874368 -0.408044 0.262642
vn 0.763479 -0.588330 0.266397
vn -0.391697 -0.918695 0.050733
vn -0.407976 -0.874363 0.262764
vn -0.588340 -0.763463 0.266422
vn -0.050779 -0.391682 0.918698
vn -0.262642 -0.408044 0.874368
vn -0.266397 -0.588330 0.763479
vn -0.050733 -0.918695 -0.391697
vn -0.262764 -0.874363 -0.407976
vn -0.266422 -0.763463 -0.588340
vn -0.918698 -0.391683 -0.050779
vn -0.874368 -0.408044 -0.262642
vn -0.763479 -0.588330 -0.266397
vn -0.591521 0.076213 0.802679
vn -0.569138 -0.181442 0.801973
vn -0.315368 -0.180685 0.931609
vn -0.393360 -0.708027 0.586487
vn -0.196784 -0.663213 0.722098
vn -0.259124 -0.438505 0.860562
vn -0.038754 -0.603810 0.796185
vn 0.079004 -0.547936 0.832781
vn 0.060677 -0.367504 0.928041
vn 0.020029 -0.999316 0.031104
vn 0.070220 -0.991631 0.108335
vn 0.035031 -0.988555 0.146738
vn 0.251034 -0.890030 0.380565
vn 0.126149 -0.859731 0.494923
vn 0.071885 -0.953538 0.292570
vn 0.018384 -0.810494 0.585458
vn -0.072456 -0.751039 0.656271
vn -0.048750 -0.904589 0.423489
vn -0.802679 0.076213 -0.591521
vn -0.801973 -0.181442 -0.569138
vn -0.931609 -0.180685 -0.315368
vn -0.586487 -0.708027 -0.393360
vn -0.722098 -0.663213 -0.196784
vn -0.860562 -0.438505 -0.259124
vn -0.796185 -0.603810 -0.038754
vn -0.832781 -0.547936 0.079004
vn -0.928041 -0.367504 0.060677
vn 0.031104 -0.999316 -0.020029
vn 0.108335 -0.991631 -0.070220
vn 0.146738 -0.988555 -0.035031
vn 0.380565 -0.890030 -0.251034
vn 0.494923 -0.859731 -0.126149
vn 0.292570 -0.953538 -0.071885
vn 0.585458 -0.810494 -0.018384
vn 0.656271 -0.751039 0.072456
vn 0.423489 -0.904589 0.048750
vn -0.055600 0.599871 0.798162
vn -0.266391 0.588360 0.763458
vn -0.262741 0.408018 0.874350
vn -0.555441 0.555626 0.618681
vn -0.572231 0.412456 0.708824
vn -0.413349 0.413319 0.811363
vn -0.588357 0.266339 0.763478
vn -0.599902 0.055604 0.798139
vn -0.391781 0.050696 0.918661
vn 0.798162 0.599871 0.055600
vn 0.763458 0.588360 0.266391
vn 0.874350 0.408018 0.262741
vn 0.618681 0.555626 0.555441
vn 0.708824 0.412456 0.572231
vn 0.811363 0.413319 0.413349
vn 0.763478 0.266339 0.588357
vn 0.798139 0.055604 0.599902
vn 0.918661 0.050696 0.391782
vn -0.798151 0.599889 -0.055578
vn -0.763442 0.588374 -0.266408
vn -0.874352 0.408005 -0.262754
vn -0.618637 0.555619 -0.555496
vn -0.708820 0.412460 -0.572234
vn -0.811376 0.413305 -0.413336
vn -0.763480 0.266337 -0.588356
vn -0.798138 0.055602 -0.599904
vn -0.918661 0.050694 -0.391780
vn 0.055578 0.599889 -0.798151
vn 0.266408 0.588374 -0.763442
vn 0.262754 0.408005 -0.874352
vn 0.555496 0.555619 -0.618637
vn 0.572234 0.412460 -0.708820
vn 0.413336 0.413305 -0.811376
vn 0.588356 0.266337 -0.763480
vn 0.599904 0.055602 -0.798138
vn 0.391780 0.050694 -0.918661
vn 0.567865 -0.817183 -0.098696
vn 0.548872 -0.817658 -0.173706
vn 0.332632 -0.935556 -0.118705
vn 0.443900 -0.822048 -0.356636
vn 0.271257 -0.936466 -0.222376
vn 0.308757 -0.935965 -0.169229
vn 0.136405 -0.984078 -0.113951
vn 0.041127 -0.998710 -0.029795
vn 0.035946 -0.998707 -0.035944
vn 0.098696 -0.817183 0.567865
vn 0.173706 -0.817658 0.548872
vn 0.118705 -0.935556 0.332632
vn 0.356636 -0.822048 0.443900
vn 0.222376 -0.936466 0.271257
vn 0.169229 -0.935965 0.308757
vn 0.113951 -0.984078 0.136405
vn 0.029795 -0.998710 0.041127
vn 0.035944 -0.998707 0.035946
vn -0.567865 -0.817183 0.098696
vn -0.548872 -0.817658 0.173706
vn -0.332632 -0.935556 0.118705
vn -0.443900 -0.822048 0.356636
vn -0.271257 -0.936466 0.222376
vn -0.308757 -0.935965 0.169229
vn -0.136405 -0.984078 0.113951
vn -0.041127 -0.998710 0.029795
vn -0.035946 -0.998707 0.035944
vn -0.098696 -0.817183 -0.567865
vn -0.173706 -0.817658 -0.548872
vn -0.118705 -0.935556 -0.332632
vn -0.356636 -0.822048 -0.443900
vn -0.222376 -0.936466 -0.271257
vn -0.169229 -0.935965 -0.308757
vn -0.113951 -0.984078 -0.136405
vn -0.029795 -0.998710 -0.041127
vn -0.035944 -0.998707 -0.035946
vn 0.798201 -0.599822 -0.055585
vn 0.763489 -0.588322 -0.266387
vn 0.874389 -0.408016 -0.262614
vn 0.618649 -0.555485 -0.555616
vn 0.708682 -0.412445 -0.572415
vn 0.811402 -0.413360 -0.413231
vn 0.763421 -0.266348 -0.588428
vn 0.798196 -0.055535 -0.599832
vn 0.918656 -0.050689 -0.391793
vn 0.055585 -0.599822 0.798200
vn 0.266387 -0.588322 0.763489
vn 0.262614 -0.408016 0.874389
vn 0.555616 -0.555485 0.618649
vn 0.572415 -0.412445 0.708682
vn 0.413231 -0.413360 0.811402
vn 0.588428 -0.266348 0.763421
vn 0.599832 -0.055535 0.798196
vn 0.391793 -0.050689 0.918656
vn -0.798201 -0.599822 0.055585
vn -0.763489 -0.588322 0.266387
vn -0.874389 -0.408016 0.262614
vn -0.618649 -0.555485 0.555616
vn -0.708682 -0.412445 0.572415
vn -0.811402 -0.413360 0.413231
vn -0.763421 -0.266348 0.588428
vn -0.798196 -0.055535 0.599832
vn -0.918656 -0.050689 0.391793
vn -0.055585 -0.599822 -0.798200
vn -0.266387 -0.588322 -0.763489
vn -0.262614 -0.408016 -0.874389
vn -0.555616 -0.555485 -0.618649
vn -0.572415 -0.412445 -0.708682
vn -0.413231 -0.413360 -0.811402
vn -0.588428 -0.266348 -0.763421
vn -0.599832 -0.055535 -0.798196
vn -0.391793 -0.050689 -0.918656
vn -0.998838 -0.039847 0.027109
vn -0.981012 -0.192343 -0.024902
vn -0.975971 -0.184359 0.116161
vn -0.832811 -0.547902 -0.078928
vn -0.796298 -0.603661 0.038766
vn -0.913966 -0.399346 0.072032
vn -0.722186 -0.663129 0.196743
vn -0.586487 -0.708027 0.393360
vn -0.726249 -0.472138 0.499649
vn -0.064479 -0.997889 -0.007744
vn -0.053410 -0.998572 0.000740
vn -0.184050 -0.982911 0.003345
vn -0.031100 -0.999316 0.020029
vn -0.108376 -0.991624 0.070259
vn -0.146820 -0.988542 0.035037
vn -0.218664 -0.965288 0.142843
vn -0.380596 -0.890004 0.251078
vn -0.494976 -0.859700 0.126153
vn -0.020029 -0.999316 0.031100
vn -0.009859 -0.999053 0.042370
vn -0.035031 -0.988539 0.146842
vn 0.007748 -0.997889 0.064478
vn 0.026092 -0.974918 0.221030
vn -0.003371 -0.982910 0.184056
vn 0.048769 -0.904650 0.423355
vn 0.072466 -0.751004 0.656309
vn -0.018383 -0.810463 0.585501
vn 0.064494 -0.997888 -0.007755
vn 0.220966 -0.974932 -0.026098
vn 0.184020 -0.982917 0.003384
vn 0.656270 -0.751039 -0.072462
vn 0.585461 -0.810492 0.018382
vn 0.360318 -0.932790 0.008564
vn 0.494860 -0.859764 0.126174
vn 0.380565 -0.890040 0.250998
vn 0.218781 -0.965260 0.142857
vn 0.998828 -0.040066 0.027140
vn 0.985738 0.005097 0.168209
vn 0.976061 -0.184045 0.115900
vn 0.802731 0.076144 0.591461
vn 0.802032 -0.181351 0.569084
vn 0.931595 -0.180600 0.315458
vn 0.726331 -0.472037 0.499623
vn 0.586457 -0.708062 0.393340
vn 0.721948 -0.663362 0.196829
vn 0.591672 0.076193 0.802570
vn 0.359628 0.047428 0.931890
vn 0.315082 -0.180748 0.931694
vn 0.027140 -0.040061 0.998829
vn -0.024871 -0.192127 0.981055
vn 0.116135 -0.184128 0.976017
vn -0.060596 -0.367445 0.928069
vn -0.078915 -0.548117 0.832670
vn 0.038754 -0.603853 0.796153
vn -0.027109 -0.039847 -0.998838
vn 0.024902 -0.192343 -0.981012
vn -0.116161 -0.184359 -0.975971
vn 0.078928 -0.547902 -0.832811
vn -0.038766 -0.603661 -0.796298
vn -0.072032 -0.399346 -0.913966
vn -0.196743 -0.663129 -0.722186
vn -0.393360 -0.708027 -0.586487
vn -0.499649 -0.472138 -0.726249
vn 0.007744 -0.997889 -0.064479
vn -0.000740 -0.998572 -0.053410
vn -0.003345 -0.982911 -0.184050
vn -0.020029 -0.999316 -0.031100
vn -0.070259 -0.991624 -0.108376
vn -0.035037 -0.988542 -0.146820
vn -0.142843 -0.965288 -0.218664
vn -0.251078 -0.890004 -0.380596
vn -0.126153 -0.859700 -0.494976
vn -0.031100 -0.999316 -0.020029
vn -0.042370 -0.999053 -0.009859
vn -0.146842 -0.988539 -0.035031
vn -0.064478 -0.997889 0.007748
vn -0.221030 -0.974918 0.026092
vn -0.184056 -0.982910 -0.003371
vn -0.423355 -0.904650 0.048769
vn -0.656309 -0.751004 0.072466
vn -0.585501 -0.810463 -0.018383
vn -0.007755 -0.997888 -0.064494
vn -0.026098 -0.974932 -0.220966
vn 0.003384 -0.982917 -0.184020
vn -0.072462 -0.751039 -0.656270
vn 0.018382 -0.810492 -0.585461
vn 0.008564 -0.932790 -0.360318
vn 0.126174 -0.859764 -0.494860
vn 0.250998 -0.890039 -0.380565
vn 0.142857 -0.965260 -0.218781
vn 0.027140 -0.040066 -0.998828
vn 0.168209 0.005097 -0.985738
vn 0.115900 -0.184045 -0.976061
vn 0.591460 0.076144 -0.802731
vn 0.569084 -0.181351 -0.802032
vn 0.315458 -0.180600 -0.931595
vn 0.499623 -0.472037 -0.726331
vn 0.393340 -0.708062 -0.586457
vn 0.196829 -0.663362 -0.721948
vn 0.802570 0.076193 -0.591672
vn 0.931890 0.047428 -0.359628
vn 0.931694 -0.180748 -0.315082
vn 0.998829 -0.040061 -0.027140
vn 0.981055 -0.192127 0.024871
vn 0.976017 -0.184128 -0.116135
vn 0.928069 -0.367445 0.060596
vn 0.832670 -0.548117 0.078915
vn 0.796153 -0.603853 -0.038754
vn -0.038845 0.998490 0.038842
vn -0.211380 0.976932 0.030365
vn -0.247817 0.936564 0.247861
vn -0.599864 0.798172 0.055548
vn -0.588344 0.763466 0.266404
vn -0.408047 0.874355 0.262681
vn -0.572339 0.708741 0.412450
vn -0.555496 0.618636 0.555620
vn -0.412466 0.708711 0.572364
vn -0.998490 0.038848 0.038842
vn -0.976917 0.030324 0.211456
vn -0.936571 0.247819 0.247832
vn -0.798043 0.055757 0.600015
vn -0.763478 0.266322 0.588365
vn -0.874393 0.262638 0.407992
vn -0.708800 0.412407 0.572297
vn -0.618581 0.555619 0.555558
vn -0.708757 0.572339 0.412422
vn 0.038842 0.998490 0.038845
vn 0.030365 0.976932 0.211380
vn 0.247861 0.936564 0.247817
vn 0.055548 0.798172 0.599864
vn 0.266404 0.763466 0.588344
vn 0.262681 0.874355 0.408047
vn 0.412450 0.708741 0.572339
vn 0.555620 0.618636 0.555496
vn 0.572364 0.708711 0.412466
vn 0.038842 0.038848 0.998490
vn 0.211456 0.030324 0.976917
vn 0.247832 0.247819 0.936571
vn 0.600015 0.055757 0.798043
vn 0.588365 0.266322 0.763478
vn 0.407992 0.262638 0.874393
vn 0.572297 0.412407 0.708800
vn 0.555558 0.555619 0.618581
vn 0.412422 0.572339 0.708757
vn -0.038842 0.998490 -0.038845
vn -0.030365 0.976932 -0.211380
vn -0.247831 0.936564 -0.247848
vn -0.055520 0.798156 -0.599887
vn -0.266403 0.763431 -0.588390
vn -0.262684 0.874380 -0.407991
vn -0.412444 0.708748 -0.572334
vn -0.555637 0.618605 -0.555514
vn -0.572359 0.708718 -0.412460
vn -0.038843 0.038846 -0.998490
vn -0.211456 0.030324 -0.976917
vn -0.247825 0.247811 -0.936575
vn -0.600015 0.055757 -0.798043
vn -0.588357 0.266313 -0.763487
vn -0.408001 0.262629 -0.874392
vn -0.572300 0.412411 -0.708795
vn -0.555613 0.555613 -0.618537
vn -0.412380 0.572348 -0.708774
vn 0.038845 0.998490 -0.038842
vn 0.211380 0.976932 -0.030365
vn 0.247848 0.936564 -0.247831
vn 0.599887 0.798156 -0.055520
vn 0.588390 0.763431 -0.266403
vn 0.407991 0.874380 -0.262684
vn 0.572334 0.708748 -0.412444
vn 0.555514 0.618605 -0.555637
vn 0.412460 0.708718 -0.572359
vn 0.998490 0.038846 -0.038843
vn 0.976917 0.030324 -0.211456
vn 0.936575 0.247811 -0.247825
vn 0.798043 0.055757 -0.600015
vn 0.763487 0.266313 -0.588357
vn 0.874392 0.262629 -0.408001
vn 0.708795 0.412411 -0.572300
vn 0.618537 0.555613 -0.555613
vn 0.708774 0.572348 -0.412380
vn 0.996580 -0.053451 -0.063016
vn 0.978256 -0.044152 -0.202645
vn 0.957026 -0.194473 -0.215132
vn 0.797542 -0.030281 -0.602503
vn 0.780065 -0.190527 -0.595985
vn 0.899766 -0.191323 -0.392194
vn 0.725150 -0.397999 -0.561921
vn 0.612390 -0.626131 -0.482636
vn 0.704763 -0.622326 -0.340618
vn 0.063011 -0.053442 -0.996581
vn 0.078029 -0.200037 -0.976676
vn 0.215245 -0.194425 -0.957010
vn 0.105288 -0.618873 -0.778403
vn 0.211452 -0.619025 -0.756370
vn 0.222095 -0.393435 -0.892123
vn 0.340604 -0.622303 -0.704789
vn 0.482675 -0.626106 -0.612386
vn 0.562023 -0.397966 -0.725088
vn 0.098701 -0.817192 -0.567852
vn 0.074653 -0.935739 -0.344703
vn 0.118727 -0.935551 -0.332639
vn 0.014366 -0.998738 -0.048116
vn 0.017266 -0.998733 -0.047279
vn 0.023362 -0.998717 -0.044921
vn 0.065528 -0.984083 -0.165188
vn 0.029797 -0.998710 -0.041129
vn 0.113951 -0.984079 -0.136395
vn 0.063016 -0.053451 0.996580
vn 0.202645 -0.044152 0.978257
vn 0.215132 -0.194473 0.957026
vn 0.602503 -0.030281 0.797542
vn 0.595985 -0.190527 0.780065
vn 0.392194 -0.191323 0.899766
vn 0.561921 -0.397999 0.725150
vn 0.482636 -0.626131 0.612390
vn 0.340618 -0.622326 0.704763
vn 0.996581 -0.053442 0.063011
vn 0.976676 -0.200037 0.078029
vn 0.957010 -0.194425 0.215245
vn 0.778403 -0.618873 0.105288
vn 0.756370 -0.619025 0.211452
vn 0.892123 -0.393435 0.222095
vn 0.704789 -0.622303 0.340604
vn 0.612386 -0.626106 0.482675
vn 0.725088 -0.397967 0.562023
vn 0.567852 -0.817192 0.098701
vn 0.344703 -0.935739 0.074653
vn 0.332639 -0.935551 0.118727
vn 0.048116 -0.998738 0.014366
vn 0.047279 -0.998733 0.017266
vn 0.044921 -0.998717 0.023362
vn 0.165188 -0.984083 0.065528
vn 0.041129 -0.998710 0.029797
vn 0.136395 -0.984079 0.113951
vn -0.996580 -0.053451 0.063016
vn -0.978256 -0.044152 0.202645
vn -0.957026 -0.194473 0.215132
vn -0.797542 -0.030281 0.602503
vn -0.780065 -0.190527 0.595985
vn -0.899766 -0.191323 0.392194
vn -0.725150 -0.397999 0.561921
vn -0.612390 -0.626131 0.482636
vn -0.704763 -0.622326 0.340618
vn -0.063011 -0.053442 0.996581
vn -0.078029 -0.200037 0.976676
vn -0.215245 -0.194425 0.957010
vn -0.105288 -0.618873 0.778403
vn -0.211452 -0.619025 0.756370
vn -0.222095 -0.393435 0.892123
vn -0.340604 -0.622303 0.704789
vn -0.482675 -0.626106 0.612386
vn -0.562023 -0.397966 0.725088
vn -0.098701 -0.817192 0.567852
vn -0.074653 -0.935739 0.344703
vn -0.118727 -0.935551 0.332639
vn -0.014366 -0.998738 0.048116
vn -0.017266 -0.998733 0.047279
vn -0.023362 -0.998717 0.044921
vn -0.065528 -0.984083 0.165188
vn -0.029797 -0.998710 0.041129
vn -0.113951 -0.984079 0.136395
vn -0.063016 -0.053451 -0.996580
vn -0.202645 -0.044152 -0.978257
vn -0.215132 -0.194473 -0.957026
vn -0.602503 -0.030281 -0.797542
vn -0.595985 -0.190527 -0.780065
vn -0.392194 -0.191323 -0.899766
vn -0.561921 -0.397999 -0.725150
vn -0.482636 -0.626131 -0.612390
vn -0.340618 -0.622326 -0.704763
vn -0.996581 -0.053442 -0.063011
vn -0.976676 -0.200037 -0.078029
vn -0.957010 -0.194425 -0.215245
vn -0.778403 -0.618873 -0.105288
vn -0.756370 -0.619025 -0.211452
vn -0.892123 -0.393435 -0.222095
vn -0.704789 -0.622303 -0.340604
vn -0.612386 -0.626106 -0.482675
vn -0.725088 -0.397967 -0.562023
vn -0.567852 -0.817192 -0.098701
vn -0.344703 -0.935739 -0.074653
vn -0.332639 -0.935551 -0.118727
vn -0.048116 -0.998738 -0.014366
vn -0.047279 -0.998733 -0.017266
vn -0.044921 -0.998717 -0.023362
vn -0.165188 -0.984083 -0.065528
vn -0.041129 -0.998710 -0.029797
vn -0.136395 -0.984079 -0.113951
vn 0.038852 -0.998489 -0.038855
vn 0.030346 -0.976927 -0.211408
vn 0.247893 -0.936530 -0.247911
vn 0.055562 -0.798179 -0.599852
vn 0.266432 -0.763453 -0.588348
vn 0.262750 -0.874373 -0.407963
vn 0.412455 -0.708759 -0.572313
vn 0.555509 -0.618666 -0.555574
vn 0.572277 -0.708791 -0.412450
vn 0.038818 -0.038818 -0.998492
vn 0.211441 -0.030312 -0.976921
vn 0.247841 -0.247823 -0.936567
vn 0.599867 -0.055650 -0.798162
vn 0.588344 -0.266367 -0.763479
vn 0.408039 -0.262621 -0.874376
vn 0.572344 -0.412424 -0.708752
vn 0.555551 -0.555494 -0.618700
vn 0.412450 -0.572319 -0.708757
vn 0.038855 -0.998489 0.038852
vn 0.211408 -0.976927 0.030346
vn 0.247911 -0.936530 0.247893
vn 0.599852 -0.798180 0.055562
vn 0.588348 -0.763453 0.266432
vn 0.407963 -0.874373 0.262750
vn 0.572313 -0.708759 0.412455
vn 0.555574 -0.618666 0.555509
vn 0.412450 -0.708791 0.572277
vn 0.998492 -0.038818 0.038818
vn 0.976921 -0.030312 0.211441
vn 0.936567 -0.247823 0.247841
vn 0.798162 -0.055650 0.599867
vn 0.763479 -0.266367 0.588344
vn 0.874376 -0.262621 0.408039
vn 0.708752 -0.412424 0.572344
vn 0.618700 -0.555494 0.555551
vn 0.708757 -0.572319 0.412450
vn -0.038852 -0.998489 0.038855
vn -0.030346 -0.976927 0.211408
vn -0.247893 -0.936530 0.247911
vn -0.055562 -0.798179 0.599852
vn -0.266432 -0.763453 0.588348
vn -0.262750 -0.874373 0.407963
vn -0.412455 -0.708759 0.572313
vn -0.555509 -0.618666 0.555574
vn -0.572277 -0.708791 0.412450
vn -0.038818 -0.038818 0.998492
vn -0.211441 -0.030312 0.976921
vn -0.247841 -0.247823 0.936567
vn -0.599867 -0.055650 0.798162
vn -0.588344 -0.266367 0.763479
vn -0.408039 -0.262621 0.874376
vn -0.572344 -0.412424 0.708752
vn -0.555551 -0.555494 0.618700
vn -0.412450 -0.572319 0.708757
vn -0.038855 -0.998489 -0.038852
vn -0.211408 -0.976927 -0.030346
vn -0.247911 -0.936530 -0.247893
vn -0.599852 -0.798180 -0.055562
vn -0.588348 -0.763453 -0.266432
vn -0.407963 -0.874373 -0.262750
vn -0.572313 -0.708759 -0.412455
vn -0.555574 -0.618666 -0.555509
vn -0.412450 -0.708791 -0.572277
vn -0.998492 -0.038818 -0.038818
vn -0.976921 -0.030312 -0.211441
vn -0.936567 -0.247823 -0.247841
vn -0.798162 -0.055650 -0.599867
vn -0.763479 -0.266367 -0.588344
vn -0.874376 -0.262621 -0.408039
vn -0.708752 -0.412424 -0.572344
vn -0.618700 -0.555494 -0.555551
vn -0.708757 -0.572319 -0.412450
vn -0.185199 -0.982701 0.000000
vn 0.000000 -0.982708 -0.185161
vn 0.185089 -0.982722 0.000000
vn -0.000000 -0.982715 0.185127
vn -0.000000 0.980605 0.195993
vn 0.195993 0.980605 0.000000
vn 0.000000 0.980605 -0.195993
vn -0.195993 0.980605 -0.000000
vn 0.195993 0.000000 0.980605
vn -0.195896 0.000000 0.980625
vn 0.980605 0.000000 -0.195993
vn -0.195993 0.000000 -0.980605
vn 0.979545 -0.201226 0.000000
vn -0.000000 -0.201226 0.979545
vn -0.979545 -0.201226 -0.000000
vn 0.000000 -0.201226 -0.979545
vn 0.195980 -0.980608 0.000000
vn 0.000000 -0.980608 0.195980
vn -0.195980 -0.980608 0.000000
vn 0.000000 -0.980608 -0.195980
vn 0.195973 0.000000 -0.980609
vn 0.980609 0.000000 0.195973
vn -0.195973 0.000000 0.980609
vn -0.980609 0.000000 -0.195973
vn -0.908588 -0.417693 0.000000
vn -0.000000 -0.417593 -0.908634
vn 0.908680 -0.417494 0.000000
vn -0.000000 -0.417593 0.908634
vn -0.000000 0.381716 0.924280
vn 0.924280 0.381716 0.000000
vn 0.000000 0.381716 -0.924280
vn -0.924280 0.381716 -0.000000
vn 0.924261 0.000000 0.381761
vn -0.924389 0.000000 0.381450
vn 0.381761 0.000000 -0.924261
vn -0.924261 0.000000 -0.381761
vn 0.375354 -0.926882 0.000000
vn 0.000000 -0.926882 0.375354
vn -0.375354 -0.926882 0.000000
vn 0.000000 -0.926882 -0.375354
vn 0.924299 -0.381670 -0.000000
vn 0.000000 -0.381670 0.924299
vn -0.924299 -0.381670 0.000000
vn -0.000000 -0.381670 -0.924299
vn 0.924243 0.000000 -0.381804
vn 0.381804 0.000000 0.924243
vn -0.924243 0.000000 0.381804
vn -0.381804 0.000000 -0.924243
vn -0.591501 -0.806305 0.000000
vn 0.000000 -0.806319 -0.591480
vn 0.591460 -0.806334 0.000000
vn 0.000000 -0.806319 0.591480
vn 0.000000 0.799272 0.600970
vn 0.600970 0.799272 -0.000000
vn -0.000000 0.799272 -0.600970
vn -0.600970 0.799272 0.000000
vn 0.601239 -0.000000 0.799070
vn -0.601034 -0.000000 0.799223
vn 0.799070 -0.000000 -0.601239
vn -0.601239 -0.000000 -0.799070
vn 0.796389 -0.604785 0.000000
vn -0.000000 -0.604785 0.796389
vn -0.796389 -0.604785 -0.000000
vn 0.000000 -0.604785 -0.796389
vn 0.600938 -0.799295 0.000000
vn -0.000000 -0.799295 0.600938
vn -0.600938 -0.799295 -0.000000
vn 0.000000 -0.799295 -0.600938
vn 0.600950 0.000000 -0.799287
vn 0.799287 0.000000 0.600950
vn -0.600950 0.000000 0.799287
vn -0.799287 0.000000 -0.600950
vn -0.997970 -0.063681 0.000000
vn 0.000000 -0.063773 -0.997964
vn 0.997959 -0.063865 0.000000
vn 0.000000 -0.063773 0.997964
vn -0.000000 0.056471 0.998404
vn 0.998404 0.056469 0.000000
vn 0.000000 0.056469 -0.998404
vn -0.998404 0.056471 -0.000000
vn 0.998403 0.000000 0.056501
vn -0.998405 -0.000000 0.056467
vn 0.056501 0.000000 -0.998403
vn -0.998403 0.000000 -0.056501
vn 0.055326 -0.998468 0.000000
vn 0.000000 -0.998468 0.055326
vn -0.055326 -0.998468 0.000000
vn 0.000000 -0.998468 -0.055326
vn 0.998404 -0.056468 -0.000000
vn 0.000000 -0.056468 0.998404
vn -0.998404 -0.056468 0.000000
vn -0.000000 -0.056468 -0.998404
vn 0.998400 0.000000 -0.056543
vn 0.056543 0.000000 0.998400
vn -0.998400 0.000000 0.056543
vn -0.056543 0.000000 -0.998400
# 1134 normals

vt 0.097750 0.097750 0.000000
vt 0.097750 0.902250 0.000000
vt 0.902250 0.902250 0.000000
vt 0.902250 0.097750 0.000000
vt 0.002831 0.997169 0.000000
vt 0.997169 0.997169 0.000000
vt 0.997169 0.002831 0.000000
vt 0.002831 0.002831 0.000000
vt 0.002831 0.649335 0.000000
vt 0.997169 0.649335 0.000000
vt 0.997169 0.350665 0.000000
vt 0.002831 0.350665 0.000000
vt 0.906666 0.096457 0.000000
vt 0.906665 0.903544 0.000000
vt 0.997169 0.993873 0.000000
vt 0.997169 0.006127 0.000000
vt 0.903543 0.906666 0.000000
vt 0.096456 0.906665 0.000000
vt 0.006127 0.997169 0.000000
vt 0.993873 0.997169 0.000000
vt 0.093334 0.903543 0.000000
vt 0.093335 0.096456 0.000000
vt 0.002831 0.006127 0.000000
vt 0.002831 0.993873 0.000000
vt 0.096457 0.093334 0.000000
vt 0.903544 0.093335 0.000000
vt 0.993873 0.002831 0.000000
vt 0.006127 0.002831 0.000000
vt 0.097750 0.610302 0.000000
vt 0.902250 0.610302 0.000000
vt 0.902250 0.356705 0.000000
vt 0.097750 0.356705 0.000000
vt 0.002878 0.349258 0.000000
vt 0.002387 0.349258 0.000000
vt 0.002359 0.350665 0.000000
vt 0.005492 0.002381 0.000000
vt 0.004798 0.002298 0.000000
vt 0.005392 0.002742 0.000000
vt 0.002359 0.350665 0.000000
vt 0.002381 0.994508 0.000000
vt 0.002298 0.995202 0.000000
vt 0.002742 0.994608 0.000000
vt 0.002359 0.649335 0.000000
vt 0.002344 0.650635 0.000000
vt 0.002831 0.650595 0.000000
vt 0.002359 0.649335 0.000000
vt 0.906489 0.095902 0.000000
vt 0.906077 0.096181 0.000000
vt 0.906227 0.096714 0.000000
vt 0.904098 0.906489 0.000000
vt 0.903819 0.906077 0.000000
vt 0.903286 0.906227 0.000000
vt 0.093511 0.904098 0.000000
vt 0.093923 0.903819 0.000000
vt 0.093773 0.903286 0.000000
vt 0.095902 0.093511 0.000000
vt 0.096181 0.093923 0.000000
vt 0.096714 0.093773 0.000000
vt 0.097303 0.610301 0.000000
vt 0.097289 0.611532 0.000000
vt 0.097750 0.611495 0.000000
vt 0.097750 0.611495 0.000000
vt 0.997619 0.994509 0.000000
vt 0.997619 0.005492 0.000000
vt 0.005491 0.997619 0.000000
vt 0.994508 0.997619 0.000000
vt 0.002381 0.005491 0.000000
vt 0.994509 0.002381 0.000000
vt 0.997169 0.002359 0.000000
vt 0.002831 0.002359 0.000000
vt 0.997641 0.997169 0.000000
vt 0.997641 0.002831 0.000000
vt 0.002831 0.997641 0.000000
vt 0.997169 0.997641 0.000000
vt 0.002359 0.002831 0.000000
vt 0.002359 0.997169 0.000000
vt 0.997641 0.649335 0.000000
vt 0.997641 0.350665 0.000000
vt 0.902266 0.355485 0.000000
vt 0.097734 0.355485 0.000000
vt 0.904098 0.093511 0.000000
vt 0.994608 0.002742 0.000000
vt 0.906489 0.904098 0.000000
vt 0.997258 0.994608 0.000000
vt 0.095902 0.906489 0.000000
vt 0.005392 0.997258 0.000000
vt 0.093511 0.095902 0.000000
vt 0.002742 0.005392 0.000000
vt 0.902697 0.902250 0.000000
vt 0.902697 0.097750 0.000000
vt 0.097750 0.902697 0.000000
vt 0.902250 0.902697 0.000000
vt 0.097303 0.097750 0.000000
vt 0.097303 0.902250 0.000000
vt 0.902250 0.097303 0.000000
vt 0.097750 0.097303 0.000000
vt 0.902697 0.610301 0.000000
vt 0.902697 0.356705 0.000000
vt 0.998917 0.350665 0.000000
vt 0.998950 0.349258 0.000000
vt 0.998556 0.349258 0.000000
vt 0.998541 0.350665 0.000000
vt 0.998979 0.003082 0.000000
vt 0.998574 0.003627 0.000000
vt 0.998504 0.004239 0.000000
vt 0.998918 0.003655 0.000000
vt 0.998506 0.001495 0.000000
vt 0.998038 0.001184 0.000000
vt 0.997575 0.001590 0.000000
vt 0.998080 0.001921 0.000000
vt 0.002844 0.002844 0.000000
vt 0.002469 0.003424 0.000000
vt 0.002916 0.003932 0.000000
vt 0.003314 0.003313 0.000000
vt 0.001083 0.003655 0.000000
vt 0.001021 0.003081 0.000000
vt 0.000791 0.002763 0.000000
vt 0.000836 0.003306 0.000000
vt 0.001962 0.001184 0.000000
vt 0.001709 0.000971 0.000000
vt 0.001270 0.001269 0.000000
vt 0.001495 0.001494 0.000000
vt 0.996918 0.998979 0.000000
vt 0.996373 0.998574 0.000000
vt 0.995761 0.998504 0.000000
vt 0.996345 0.998918 0.000000
vt 0.998505 0.998506 0.000000
vt 0.998816 0.998038 0.000000
vt 0.998410 0.997575 0.000000
vt 0.998079 0.998080 0.000000
vt 0.002844 0.997156 0.000000
vt 0.003424 0.997531 0.000000
vt 0.003932 0.997084 0.000000
vt 0.003313 0.996686 0.000000
vt 0.003655 0.998917 0.000000
vt 0.003081 0.998979 0.000000
vt 0.002763 0.999209 0.000000
vt 0.003306 0.999164 0.000000
vt 0.001184 0.998038 0.000000
vt 0.000971 0.998291 0.000000
vt 0.001269 0.998730 0.000000
vt 0.001494 0.998505 0.000000
vt 0.002831 0.001083 0.000000
vt 0.002402 0.001100 0.000000
vt 0.002391 0.001461 0.000000
vt 0.002830 0.001459 0.000000
vt 0.001082 0.002831 0.000000
vt 0.001099 0.002402 0.000000
vt 0.000828 0.002391 0.000000
vt 0.000799 0.002831 0.000000
vt 0.998917 0.002831 0.000000
vt 0.998900 0.002402 0.000000
vt 0.998539 0.002391 0.000000
vt 0.998541 0.002831 0.000000
vt 0.997169 0.001082 0.000000
vt 0.997598 0.001099 0.000000
vt 0.997609 0.000828 0.000000
vt 0.997169 0.000799 0.000000
vt 0.001083 0.997169 0.000000
vt 0.001100 0.997598 0.000000
vt 0.001461 0.997609 0.000000
vt 0.001459 0.997170 0.000000
vt 0.002831 0.998918 0.000000
vt 0.002402 0.998901 0.000000
vt 0.002391 0.999172 0.000000
vt 0.002831 0.999201 0.000000
vt 0.997169 0.998917 0.000000
vt 0.997598 0.998900 0.000000
vt 0.997609 0.998539 0.000000
vt 0.997170 0.998541 0.000000
vt 0.998918 0.997169 0.000000
vt 0.998901 0.997598 0.000000
vt 0.999172 0.997609 0.000000
vt 0.999201 0.997169 0.000000
vt 0.904938 0.096954 0.000000
vt 0.904695 0.097120 0.000000
vt 0.904750 0.097579 0.000000
vt 0.905010 0.097427 0.000000
vt 0.903915 0.355485 0.000000
vt 0.903561 0.355485 0.000000
vt 0.903549 0.356705 0.000000
vt 0.903906 0.356705 0.000000
vt 0.904577 0.095423 0.000000
vt 0.904191 0.095110 0.000000
vt 0.903926 0.095409 0.000000
vt 0.904296 0.095704 0.000000
vt 0.903046 0.904938 0.000000
vt 0.902880 0.904695 0.000000
vt 0.902421 0.904750 0.000000
vt 0.902573 0.905010 0.000000
vt 0.904577 0.904577 0.000000
vt 0.904890 0.904191 0.000000
vt 0.904591 0.903926 0.000000
vt 0.904296 0.904296 0.000000
vt 0.095062 0.903046 0.000000
vt 0.095305 0.902880 0.000000
vt 0.095250 0.902421 0.000000
vt 0.094990 0.902573 0.000000
vt 0.095423 0.904577 0.000000
vt 0.095809 0.904890 0.000000
vt 0.096074 0.904591 0.000000
vt 0.095704 0.904296 0.000000
vt 0.096954 0.095062 0.000000
vt 0.097120 0.095305 0.000000
vt 0.097579 0.095250 0.000000
vt 0.097427 0.094990 0.000000
vt 0.095423 0.095423 0.000000
vt 0.095110 0.095809 0.000000
vt 0.095409 0.096074 0.000000
vt 0.095704 0.095704 0.000000
vt 0.903906 0.097750 0.000000
vt 0.903890 0.097344 0.000000
vt 0.903548 0.097334 0.000000
vt 0.903549 0.097750 0.000000
vt 0.902250 0.096094 0.000000
vt 0.902657 0.096110 0.000000
vt 0.902666 0.095854 0.000000
vt 0.902250 0.095826 0.000000
vt 0.902250 0.903906 0.000000
vt 0.902656 0.903890 0.000000
vt 0.902666 0.903548 0.000000
vt 0.902250 0.903549 0.000000
vt 0.903906 0.902250 0.000000
vt 0.903890 0.902657 0.000000
vt 0.904146 0.902666 0.000000
vt 0.904174 0.902250 0.000000
vt 0.096094 0.902250 0.000000
vt 0.096110 0.902656 0.000000
vt 0.096452 0.902666 0.000000
vt 0.096451 0.902250 0.000000
vt 0.097750 0.903906 0.000000
vt 0.097343 0.903890 0.000000
vt 0.097334 0.904146 0.000000
vt 0.097750 0.904174 0.000000
vt 0.097750 0.096094 0.000000
vt 0.097344 0.096110 0.000000
vt 0.097334 0.096452 0.000000
vt 0.097750 0.096451 0.000000
vt 0.096094 0.097750 0.000000
vt 0.096110 0.097343 0.000000
vt 0.095854 0.097334 0.000000
vt 0.095826 0.097750 0.000000
vt 0.998917 0.996345 0.000000
vt 0.999164 0.996694 0.000000
vt 0.999164 0.003306 0.000000
vt 0.996694 0.999164 0.000000
vt 0.001082 0.996345 0.000000
vt 0.000836 0.996694 0.000000
vt 0.003655 0.001082 0.000000
vt 0.996345 0.001083 0.000000
vt 0.996694 0.000836 0.000000
vt 0.003306 0.000836 0.000000
vt 0.002831 0.000799 0.000000
vt 0.999201 0.002831 0.000000
vt 0.997169 0.999201 0.000000
vt 0.000799 0.997169 0.000000
vt 0.001082 0.350665 0.000000
vt 0.001082 0.649335 0.000000
vt 0.001459 0.649335 0.000000
vt 0.001459 0.350665 0.000000
vt 0.998917 0.649335 0.000000
vt 0.998541 0.649335 0.000000
vt 0.001082 0.350665 0.000000
vt 0.001082 0.649335 0.000000
vt 0.001459 0.350665 0.000000
vt 0.905010 0.902574 0.000000
vt 0.905379 0.902790 0.000000
vt 0.905379 0.097211 0.000000
vt 0.097426 0.905010 0.000000
vt 0.097210 0.905379 0.000000
vt 0.902789 0.905379 0.000000
vt 0.094990 0.097426 0.000000
vt 0.094621 0.097210 0.000000
vt 0.094621 0.902789 0.000000
vt 0.902574 0.094990 0.000000
vt 0.902790 0.094622 0.000000
vt 0.097211 0.094621 0.000000
vt 0.996687 0.003314 0.000000
vt 0.905562 0.094438 0.000000
vt 0.905940 0.094880 0.000000
vt 0.997084 0.003932 0.000000
vt 0.996686 0.996687 0.000000
vt 0.905562 0.905562 0.000000
vt 0.905120 0.905940 0.000000
vt 0.996068 0.997084 0.000000
vt 0.094438 0.905562 0.000000
vt 0.094060 0.905120 0.000000
vt 0.002916 0.996068 0.000000
vt 0.094438 0.094438 0.000000
vt 0.094880 0.094060 0.000000
vt 0.003932 0.002916 0.000000
vt 0.904174 0.097750 0.000000
vt 0.902250 0.904174 0.000000
vt 0.095826 0.902250 0.000000
vt 0.097750 0.095826 0.000000
vt 0.096094 0.356705 0.000000
vt 0.096094 0.610302 0.000000
vt 0.096451 0.610302 0.000000
vt 0.096451 0.356705 0.000000
vt 0.096094 0.356705 0.000000
vt 0.096094 0.610302 0.000000
vt 0.096451 0.610302 0.000000
vt 0.096451 0.356705 0.000000
vt 0.001902 0.349258 0.000000
vt 0.001444 0.349258 0.000000
vt 0.001895 0.350665 0.000000
vt 0.998888 0.001113 0.000000
vt 0.998473 0.000823 0.000000
vt 0.998291 0.000971 0.000000
vt 0.998731 0.001270 0.000000
vt 0.997988 0.000669 0.000000
vt 0.997479 0.000621 0.000000
vt 0.997237 0.000791 0.000000
vt 0.997776 0.000825 0.000000
vt 0.004652 0.002750 0.000000
vt 0.004100 0.002309 0.000000
vt 0.003424 0.002469 0.000000
vt 0.002919 0.002024 0.000000
vt 0.002425 0.001590 0.000000
vt 0.001921 0.001920 0.000000
vt 0.002377 0.002377 0.000000
vt 0.004206 0.001858 0.000000
vt 0.003627 0.001426 0.000000
vt 0.003014 0.001443 0.000000
vt 0.003552 0.001871 0.000000
vt 0.001895 0.350665 0.000000
vt 0.998887 0.998888 0.000000
vt 0.999177 0.998473 0.000000
vt 0.999029 0.998291 0.000000
vt 0.998730 0.998731 0.000000
vt 0.999331 0.997988 0.000000
vt 0.999379 0.997479 0.000000
vt 0.999209 0.997237 0.000000
vt 0.999175 0.997776 0.000000
vt 0.002750 0.995348 0.000000
vt 0.002309 0.995900 0.000000
vt 0.002469 0.996576 0.000000
vt 0.002024 0.997081 0.000000
vt 0.001590 0.997575 0.000000
vt 0.001920 0.998079 0.000000
vt 0.002377 0.997623 0.000000
vt 0.001858 0.995794 0.000000
vt 0.001426 0.996373 0.000000
vt 0.001442 0.996986 0.000000
vt 0.001871 0.996448 0.000000
vt 0.002831 0.000619 0.000000
vt 0.002369 0.000643 0.000000
vt 0.002391 0.000829 0.000000
vt 0.001946 0.001191 0.000000
vt 0.001927 0.000954 0.000000
vt 0.001561 0.001116 0.000000
vt 0.001592 0.001307 0.000000
vt 0.001885 0.650567 0.000000
vt 0.001461 0.650508 0.000000
vt 0.001503 0.651746 0.000000
vt 0.001898 0.651825 0.000000
vt 0.999381 0.002831 0.000000
vt 0.999357 0.002369 0.000000
vt 0.999171 0.002391 0.000000
vt 0.998809 0.001945 0.000000
vt 0.999046 0.001927 0.000000
vt 0.998884 0.001561 0.000000
vt 0.998693 0.001592 0.000000
vt 0.000619 0.997169 0.000000
vt 0.000643 0.997631 0.000000
vt 0.000829 0.997609 0.000000
vt 0.001191 0.998055 0.000000
vt 0.000954 0.998073 0.000000
vt 0.001116 0.998439 0.000000
vt 0.001307 0.998408 0.000000
vt 0.001898 0.651825 0.000000
vt 0.997169 0.999381 0.000000
vt 0.997631 0.999357 0.000000
vt 0.997609 0.999171 0.000000
vt 0.998055 0.998809 0.000000
vt 0.998073 0.999046 0.000000
vt 0.998439 0.998884 0.000000
vt 0.998408 0.998693 0.000000
vt 0.905671 0.096457 0.000000
vt 0.905283 0.096720 0.000000
vt 0.905793 0.096968 0.000000
vt 0.904802 0.096499 0.000000
vt 0.905124 0.096248 0.000000
vt 0.904890 0.095809 0.000000
vt 0.904591 0.096074 0.000000
vt 0.905486 0.095966 0.000000
vt 0.905865 0.095671 0.000000
vt 0.905582 0.095197 0.000000
vt 0.905228 0.095510 0.000000
vt 0.903543 0.905671 0.000000
vt 0.903280 0.905283 0.000000
vt 0.903032 0.905793 0.000000
vt 0.903501 0.904802 0.000000
vt 0.903752 0.905124 0.000000
vt 0.904191 0.904890 0.000000
vt 0.903926 0.904591 0.000000
vt 0.904034 0.905486 0.000000
vt 0.904329 0.905865 0.000000
vt 0.904803 0.905582 0.000000
vt 0.904490 0.905228 0.000000
vt 0.094329 0.903543 0.000000
vt 0.094717 0.903280 0.000000
vt 0.094207 0.903032 0.000000
vt 0.095198 0.903501 0.000000
vt 0.094876 0.903752 0.000000
vt 0.095110 0.904191 0.000000
vt 0.095409 0.903926 0.000000
vt 0.094514 0.904034 0.000000
vt 0.094135 0.904329 0.000000
vt 0.094418 0.904803 0.000000
vt 0.094772 0.904490 0.000000
vt 0.096457 0.094329 0.000000
vt 0.096720 0.094717 0.000000
vt 0.096968 0.094207 0.000000
vt 0.096499 0.095198 0.000000
vt 0.096248 0.094876 0.000000
vt 0.095809 0.095110 0.000000
vt 0.096074 0.095409 0.000000
vt 0.095966 0.094514 0.000000
vt 0.095671 0.094135 0.000000
vt 0.095197 0.094418 0.000000
vt 0.095510 0.094772 0.000000
vt 0.904345 0.097750 0.000000
vt 0.904323 0.097313 0.000000
vt 0.904147 0.097334 0.000000
vt 0.903803 0.096912 0.000000
vt 0.904028 0.096894 0.000000
vt 0.903874 0.096548 0.000000
vt 0.903694 0.096577 0.000000
vt 0.096854 0.611468 0.000000
vt 0.096453 0.611412 0.000000
vt 0.096493 0.612585 0.000000
vt 0.096867 0.612659 0.000000
vt 0.902250 0.904345 0.000000
vt 0.902687 0.904323 0.000000
vt 0.902666 0.904147 0.000000
vt 0.903088 0.903803 0.000000
vt 0.903106 0.904028 0.000000
vt 0.903452 0.903874 0.000000
vt 0.903423 0.903694 0.000000
vt 0.095655 0.902250 0.000000
vt 0.095677 0.902687 0.000000
vt 0.095853 0.902666 0.000000
vt 0.096197 0.903088 0.000000
vt 0.095972 0.903106 0.000000
vt 0.096126 0.903452 0.000000
vt 0.096306 0.903423 0.000000
vt 0.096854 0.611468 0.000000
vt 0.096453 0.611412 0.000000
vt 0.096493 0.612585 0.000000
vt 0.096867 0.612659 0.000000
vt 0.097750 0.095655 0.000000
vt 0.097313 0.095677 0.000000
vt 0.097334 0.095853 0.000000
vt 0.096912 0.096197 0.000000
vt 0.096894 0.095972 0.000000
vt 0.096548 0.096126 0.000000
vt 0.096577 0.096306 0.000000
vt 0.998104 0.350665 0.000000
vt 0.998098 0.349258 0.000000
vt 0.997613 0.349258 0.000000
vt 0.999380 0.002522 0.000000
vt 0.999209 0.002763 0.000000
vt 0.999355 0.003037 0.000000
vt 0.999177 0.001527 0.000000
vt 0.999029 0.001709 0.000000
vt 0.999176 0.002224 0.000000
vt 0.999331 0.002012 0.000000
vt 0.998142 0.004206 0.000000
vt 0.997702 0.004798 0.000000
vt 0.998066 0.004859 0.000000
vt 0.997250 0.004652 0.000000
vt 0.997691 0.004100 0.000000
vt 0.997531 0.003424 0.000000
vt 0.998129 0.003552 0.000000
vt 0.998558 0.003014 0.000000
vt 0.998410 0.002425 0.000000
vt 0.997976 0.002919 0.000000
vt 0.997623 0.002377 0.000000
vt 0.997081 0.002024 0.000000
vt 0.996576 0.002469 0.000000
vt 0.997156 0.002844 0.000000
vt 0.995900 0.002310 0.000000
vt 0.995203 0.002298 0.000000
vt 0.995348 0.002751 0.000000
vt 0.996986 0.001443 0.000000
vt 0.996373 0.001426 0.000000
vt 0.995794 0.001858 0.000000
vt 0.996448 0.001871 0.000000
vt 0.002310 0.004100 0.000000
vt 0.002298 0.004797 0.000000
vt 0.002751 0.004652 0.000000
vt 0.001934 0.004859 0.000000
vt 0.001858 0.004206 0.000000
vt 0.001426 0.003627 0.000000
vt 0.001496 0.004239 0.000000
vt 0.001871 0.003552 0.000000
vt 0.002024 0.002919 0.000000
vt 0.001590 0.002425 0.000000
vt 0.001443 0.003014 0.000000
vt 0.003037 0.347942 0.000000
vt 0.002521 0.347942 0.000000
vt 0.002387 0.349258 0.000000
vt 0.002878 0.349258 0.000000
vt 0.001902 0.349258 0.000000
vt 0.001444 0.349258 0.000000
vt 0.000824 0.002224 0.000000
vt 0.000971 0.001709 0.000000
vt 0.000823 0.001527 0.000000
vt 0.000669 0.002012 0.000000
vt 0.998473 0.347942 0.000000
vt 0.998556 0.349258 0.000000
vt 0.998950 0.349258 0.000000
vt 0.998887 0.347942 0.000000
vt 0.998098 0.349258 0.000000
vt 0.997613 0.349258 0.000000
vt 0.002012 0.000669 0.000000
vt 0.002224 0.000824 0.000000
vt 0.002763 0.000791 0.000000
vt 0.002522 0.000620 0.000000
vt 0.997478 0.999380 0.000000
vt 0.997237 0.999209 0.000000
vt 0.996963 0.999355 0.000000
vt 0.998473 0.999177 0.000000
vt 0.998291 0.999029 0.000000
vt 0.997776 0.999176 0.000000
vt 0.997988 0.999331 0.000000
vt 0.995794 0.998142 0.000000
vt 0.995202 0.997702 0.000000
vt 0.995141 0.998066 0.000000
vt 0.995348 0.997250 0.000000
vt 0.995900 0.997691 0.000000
vt 0.996576 0.997531 0.000000
vt 0.996448 0.998129 0.000000
vt 0.996986 0.998558 0.000000
vt 0.997575 0.998410 0.000000
vt 0.997081 0.997976 0.000000
vt 0.997623 0.997623 0.000000
vt 0.997976 0.997081 0.000000
vt 0.997531 0.996576 0.000000
vt 0.997156 0.997156 0.000000
vt 0.997690 0.995900 0.000000
vt 0.997702 0.995203 0.000000
vt 0.997249 0.995348 0.000000
vt 0.998557 0.996986 0.000000
vt 0.998574 0.996373 0.000000
vt 0.998142 0.995794 0.000000
vt 0.998129 0.996448 0.000000
vt 0.004100 0.997690 0.000000
vt 0.004797 0.997702 0.000000
vt 0.004652 0.997249 0.000000
vt 0.004859 0.998066 0.000000
vt 0.004206 0.998142 0.000000
vt 0.003627 0.998574 0.000000
vt 0.004239 0.998504 0.000000
vt 0.003552 0.998129 0.000000
vt 0.002919 0.997976 0.000000
vt 0.002425 0.998410 0.000000
vt 0.003014 0.998557 0.000000
vt 0.002521 0.347942 0.000000
vt 0.002878 0.349258 0.000000
vt 0.002224 0.999176 0.000000
vt 0.001709 0.999029 0.000000
vt 0.001527 0.999177 0.000000
vt 0.002012 0.999331 0.000000
vt 0.000669 0.997988 0.000000
vt 0.000824 0.997776 0.000000
vt 0.000791 0.997237 0.000000
vt 0.000620 0.997478 0.000000
vt 0.002831 0.001896 0.000000
vt 0.002369 0.001885 0.000000
vt 0.002344 0.002344 0.000000
vt 0.001895 0.002831 0.000000
vt 0.001885 0.002369 0.000000
vt 0.001461 0.002391 0.000000
vt 0.001459 0.002831 0.000000
vt 0.001898 0.001898 0.000000
vt 0.001927 0.001503 0.000000
vt 0.001561 0.001562 0.000000
vt 0.001503 0.001927 0.000000
vt 0.997169 0.651832 0.000000
vt 0.997631 0.651859 0.000000
vt 0.997656 0.650635 0.000000
vt 0.997169 0.650595 0.000000
vt 0.998104 0.649335 0.000000
vt 0.998115 0.650567 0.000000
vt 0.998539 0.650508 0.000000
vt 0.000773 0.001898 0.000000
vt 0.000953 0.001928 0.000000
vt 0.001116 0.001562 0.000000
vt 0.000953 0.001503 0.000000
vt 0.998104 0.002831 0.000000
vt 0.998115 0.002369 0.000000
vt 0.997656 0.002344 0.000000
vt 0.997169 0.001895 0.000000
vt 0.997631 0.001885 0.000000
vt 0.997609 0.001461 0.000000
vt 0.997169 0.001459 0.000000
vt 0.998102 0.001898 0.000000
vt 0.998497 0.001927 0.000000
vt 0.998438 0.001561 0.000000
vt 0.998073 0.001503 0.000000
vt 0.998102 0.000773 0.000000
vt 0.998072 0.000953 0.000000
vt 0.998438 0.001116 0.000000
vt 0.998497 0.000953 0.000000
vt 0.001896 0.997169 0.000000
vt 0.001885 0.997631 0.000000
vt 0.002344 0.997656 0.000000
vt 0.002831 0.998105 0.000000
vt 0.002369 0.998115 0.000000
vt 0.002391 0.998539 0.000000
vt 0.002831 0.998541 0.000000
vt 0.001898 0.998102 0.000000
vt 0.001503 0.998073 0.000000
vt 0.001561 0.998439 0.000000
vt 0.001928 0.998497 0.000000
vt 0.001898 0.999227 0.000000
vt 0.001928 0.999047 0.000000
vt 0.001562 0.998884 0.000000
vt 0.001503 0.999047 0.000000
vt 0.997169 0.998104 0.000000
vt 0.997631 0.998115 0.000000
vt 0.997656 0.997656 0.000000
vt 0.998105 0.997169 0.000000
vt 0.998115 0.997631 0.000000
vt 0.998539 0.997609 0.000000
vt 0.998541 0.997169 0.000000
vt 0.998102 0.998102 0.000000
vt 0.998073 0.998497 0.000000
vt 0.998439 0.998438 0.000000
vt 0.998497 0.998073 0.000000
vt 0.999227 0.998102 0.000000
vt 0.999047 0.998072 0.000000
vt 0.998884 0.998438 0.000000
vt 0.999047 0.998497 0.000000
vt 0.097229 0.354297 0.000000
vt 0.097287 0.355485 0.000000
vt 0.097681 0.354297 0.000000
vt 0.096864 0.356705 0.000000
vt 0.096850 0.355485 0.000000
vt 0.096440 0.355485 0.000000
vt 0.904432 0.096790 0.000000
vt 0.904578 0.096675 0.000000
vt 0.904384 0.096259 0.000000
vt 0.904249 0.096380 0.000000
vt 0.903150 0.355485 0.000000
vt 0.902713 0.355485 0.000000
vt 0.903136 0.356705 0.000000
vt 0.902320 0.095424 0.000000
vt 0.902771 0.095465 0.000000
vt 0.902881 0.095305 0.000000
vt 0.902421 0.095251 0.000000
vt 0.903210 0.095568 0.000000
vt 0.903620 0.095751 0.000000
vt 0.903741 0.095617 0.000000
vt 0.903326 0.095422 0.000000
vt 0.903752 0.094877 0.000000
vt 0.903280 0.094717 0.000000
vt 0.903046 0.095062 0.000000
vt 0.903501 0.095198 0.000000
vt 0.903033 0.094207 0.000000
vt 0.903543 0.094329 0.000000
vt 0.903819 0.093923 0.000000
vt 0.903286 0.093774 0.000000
vt 0.904034 0.094514 0.000000
vt 0.904490 0.094772 0.000000
vt 0.904803 0.094419 0.000000
vt 0.904329 0.094135 0.000000
vt 0.903210 0.904432 0.000000
vt 0.903325 0.904578 0.000000
vt 0.903741 0.904384 0.000000
vt 0.903620 0.904249 0.000000
vt 0.904576 0.902320 0.000000
vt 0.904535 0.902771 0.000000
vt 0.904695 0.902881 0.000000
vt 0.904749 0.902421 0.000000
vt 0.904432 0.903210 0.000000
vt 0.904249 0.903620 0.000000
vt 0.904383 0.903741 0.000000
vt 0.904578 0.903326 0.000000
vt 0.905123 0.903752 0.000000
vt 0.905283 0.903280 0.000000
vt 0.904938 0.903046 0.000000
vt 0.904802 0.903501 0.000000
vt 0.905793 0.903033 0.000000
vt 0.905671 0.903543 0.000000
vt 0.906077 0.903819 0.000000
vt 0.906226 0.903286 0.000000
vt 0.905486 0.904034 0.000000
vt 0.905228 0.904490 0.000000
vt 0.905581 0.904803 0.000000
vt 0.905865 0.904329 0.000000
vt 0.097229 0.354297 0.000000
vt 0.097287 0.355485 0.000000
vt 0.097681 0.354297 0.000000
vt 0.096439 0.355485 0.000000
vt 0.095568 0.903210 0.000000
vt 0.095422 0.903325 0.000000
vt 0.095616 0.903741 0.000000
vt 0.095751 0.903620 0.000000
vt 0.097680 0.904576 0.000000
vt 0.097229 0.904535 0.000000
vt 0.097119 0.904695 0.000000
vt 0.097579 0.904749 0.000000
vt 0.096790 0.904432 0.000000
vt 0.096380 0.904249 0.000000
vt 0.096259 0.904383 0.000000
vt 0.096674 0.904578 0.000000
vt 0.096248 0.905123 0.000000
vt 0.096720 0.905283 0.000000
vt 0.096954 0.904938 0.000000
vt 0.096499 0.904802 0.000000
vt 0.096967 0.905793 0.000000
vt 0.096457 0.905671 0.000000
vt 0.096181 0.906077 0.000000
vt 0.096714 0.906226 0.000000
vt 0.095966 0.905486 0.000000
vt 0.095510 0.905228 0.000000
vt 0.095197 0.905581 0.000000
vt 0.095671 0.905865 0.000000
vt 0.096790 0.095568 0.000000
vt 0.096675 0.095422 0.000000
vt 0.096259 0.095616 0.000000
vt 0.096380 0.095751 0.000000
vt 0.095424 0.097680 0.000000
vt 0.095465 0.097229 0.000000
vt 0.095305 0.097119 0.000000
vt 0.095251 0.097579 0.000000
vt 0.095568 0.096790 0.000000
vt 0.095751 0.096380 0.000000
vt 0.095617 0.096259 0.000000
vt 0.095422 0.096674 0.000000
vt 0.094877 0.096248 0.000000
vt 0.094717 0.096720 0.000000
vt 0.095062 0.096954 0.000000
vt 0.095198 0.096499 0.000000
vt 0.094207 0.096967 0.000000
vt 0.094329 0.096457 0.000000
vt 0.093923 0.096181 0.000000
vt 0.093774 0.096714 0.000000
vt 0.094514 0.095966 0.000000
vt 0.094772 0.095510 0.000000
vt 0.094419 0.095197 0.000000
vt 0.094135 0.095671 0.000000
vt 0.903136 0.097750 0.000000
vt 0.903146 0.097313 0.000000
vt 0.902712 0.097289 0.000000
vt 0.902250 0.096864 0.000000
vt 0.902688 0.096854 0.000000
vt 0.902666 0.096453 0.000000
vt 0.902250 0.096451 0.000000
vt 0.903134 0.096867 0.000000
vt 0.903507 0.096894 0.000000
vt 0.903453 0.096548 0.000000
vt 0.903106 0.096493 0.000000
vt 0.902250 0.612666 0.000000
vt 0.902688 0.612692 0.000000
vt 0.902712 0.611532 0.000000
vt 0.902250 0.611495 0.000000
vt 0.903136 0.610301 0.000000
vt 0.903146 0.611468 0.000000
vt 0.903548 0.611412 0.000000
vt 0.903549 0.610302 0.000000
vt 0.903134 0.095801 0.000000
vt 0.903106 0.095972 0.000000
vt 0.903453 0.096126 0.000000
vt 0.903507 0.095972 0.000000
vt 0.902250 0.903136 0.000000
vt 0.902687 0.903146 0.000000
vt 0.902711 0.902712 0.000000
vt 0.903136 0.902250 0.000000
vt 0.903146 0.902688 0.000000
vt 0.903547 0.902666 0.000000
vt 0.903549 0.902250 0.000000
vt 0.903133 0.903134 0.000000
vt 0.903106 0.903507 0.000000
vt 0.903452 0.903453 0.000000
vt 0.903507 0.903106 0.000000
vt 0.904199 0.903134 0.000000
vt 0.904028 0.903106 0.000000
vt 0.903874 0.903453 0.000000
vt 0.904028 0.903507 0.000000
vt 0.096864 0.902250 0.000000
vt 0.096854 0.902687 0.000000
vt 0.097288 0.902711 0.000000
vt 0.097750 0.903136 0.000000
vt 0.097312 0.903146 0.000000
vt 0.097334 0.903547 0.000000
vt 0.097750 0.903549 0.000000
vt 0.096866 0.903133 0.000000
vt 0.096493 0.903106 0.000000
vt 0.096547 0.903452 0.000000
vt 0.096894 0.903507 0.000000
vt 0.096866 0.904199 0.000000
vt 0.096894 0.904028 0.000000
vt 0.096547 0.903874 0.000000
vt 0.096493 0.904028 0.000000
vt 0.097750 0.096864 0.000000
vt 0.097313 0.096854 0.000000
vt 0.097289 0.097288 0.000000
vt 0.096864 0.097750 0.000000
vt 0.096854 0.097312 0.000000
vt 0.096453 0.097334 0.000000
vt 0.096451 0.097750 0.000000
vt 0.096867 0.096866 0.000000
vt 0.096894 0.096493 0.000000
vt 0.096548 0.096547 0.000000
vt 0.096493 0.096894 0.000000
vt 0.095801 0.096866 0.000000
vt 0.095972 0.096894 0.000000
vt 0.096126 0.096547 0.000000
vt 0.095972 0.096493 0.000000
vt 0.998066 0.995141 0.000000
vt 0.998504 0.995761 0.000000
vt 0.001934 0.995140 0.000000
vt 0.001496 0.995761 0.000000
vt 0.004860 0.001934 0.000000
vt 0.995141 0.001934 0.000000
vt 0.995761 0.001496 0.000000
vt 0.004239 0.001496 0.000000
vt 0.001895 0.649335 0.000000
vt 0.904576 0.097681 0.000000
vt 0.902319 0.904576 0.000000
vt 0.095424 0.902319 0.000000
vt 0.097681 0.095424 0.000000
vt 0.904628 0.093751 0.000000
vt 0.905120 0.094060 0.000000
vt 0.996068 0.002916 0.000000
vt 0.906249 0.904628 0.000000
vt 0.905940 0.905120 0.000000
vt 0.997084 0.996068 0.000000
vt 0.095372 0.906249 0.000000
vt 0.094880 0.905940 0.000000
vt 0.093751 0.095372 0.000000
vt 0.094060 0.094880 0.000000
vt 0.996963 0.347942 0.000000
vt 0.003036 0.347942 0.000000
vt 0.997122 0.349258 0.000000
vt 0.997122 0.349258 0.000000
vt 0.003036 0.347942 0.000000
vt 0.002831 0.651832 0.000000
vt 0.001895 0.649335 0.000000
vt 0.906249 0.095372 0.000000
vt 0.997258 0.005392 0.000000
vt 0.904628 0.906249 0.000000
vt 0.994608 0.997258 0.000000
vt 0.093751 0.904628 0.000000
vt 0.095372 0.093751 0.000000
vt 0.097750 0.612666 0.000000
vt 0.096864 0.610302 0.000000
vt 0.097303 0.356705 0.000000
vt 0.002521 0.347942 0.000000
vt 0.002012 0.347942 0.000000
vt 0.002369 0.651859 0.000000
vt 0.002369 0.651859 0.000000
vt 0.097313 0.612692 0.000000
vt 0.997988 0.347942 0.000000
vt 0.998959 0.002510 0.000000
vt 0.997490 0.001042 0.000000
vt 0.000621 0.002521 0.000000
vt 0.000645 0.003037 0.000000
vt 0.001042 0.002510 0.000000
vt 0.001527 0.000823 0.000000
vt 0.001113 0.001112 0.000000
vt 0.002510 0.001042 0.000000
vt 0.997490 0.998959 0.000000
vt 0.998958 0.997490 0.000000
vt 0.002521 0.999379 0.000000
vt 0.003037 0.999355 0.000000
vt 0.002510 0.998958 0.000000
vt 0.000823 0.998473 0.000000
vt 0.001112 0.998887 0.000000
vt 0.001041 0.997490 0.000000
vt 0.000643 0.002369 0.000000
vt 0.000619 0.002831 0.000000
vt 0.001191 0.001946 0.000000
vt 0.997631 0.000643 0.000000
vt 0.997169 0.000619 0.000000
vt 0.998054 0.001191 0.000000
vt 0.002369 0.999357 0.000000
vt 0.002831 0.999381 0.000000
vt 0.001946 0.998809 0.000000
vt 0.999357 0.997631 0.000000
vt 0.999381 0.997169 0.000000
vt 0.998809 0.998054 0.000000
vt 0.904535 0.097229 0.000000
vt 0.903620 0.354297 0.000000
vt 0.903210 0.354297 0.000000
vt 0.903976 0.354297 0.000000
vt 0.904894 0.095106 0.000000
vt 0.902771 0.904535 0.000000
vt 0.904894 0.904894 0.000000
vt 0.095465 0.902771 0.000000
vt 0.095106 0.904894 0.000000
vt 0.097229 0.095465 0.000000
vt 0.095106 0.095106 0.000000
vt 0.902688 0.095678 0.000000
vt 0.902250 0.095655 0.000000
vt 0.903089 0.096197 0.000000
vt 0.904322 0.902688 0.000000
vt 0.904345 0.902250 0.000000
vt 0.903803 0.903089 0.000000
vt 0.097312 0.904322 0.000000
vt 0.097750 0.904345 0.000000
vt 0.096911 0.903803 0.000000
vt 0.095678 0.097312 0.000000
vt 0.095655 0.097750 0.000000
vt 0.096197 0.096911 0.000000
vt 0.001050 0.349258 0.000000
vt 0.001527 0.347942 0.000000
vt 0.001112 0.347942 0.000000
vt 0.996919 0.001021 0.000000
vt 0.996964 0.000645 0.000000
vt 0.003082 0.001021 0.000000
vt 0.001527 0.347942 0.000000
vt 0.998979 0.996919 0.000000
vt 0.999355 0.996964 0.000000
vt 0.001021 0.996918 0.000000
vt 0.001898 0.000773 0.000000
vt 0.001306 0.001307 0.000000
vt 0.001400 0.001400 0.000000
vt 0.001503 0.000954 0.000000
vt 0.001191 0.001191 0.000000
vt 0.001099 0.650480 0.000000
vt 0.001191 0.651698 0.000000
vt 0.999227 0.001898 0.000000
vt 0.998693 0.001306 0.000000
vt 0.998600 0.001400 0.000000
vt 0.999046 0.001503 0.000000
vt 0.998809 0.001191 0.000000
vt 0.000773 0.998102 0.000000
vt 0.001307 0.998694 0.000000
vt 0.001400 0.998600 0.000000
vt 0.000954 0.998497 0.000000
vt 0.001191 0.998809 0.000000
vt 0.998102 0.999227 0.000000
vt 0.998694 0.998693 0.000000
vt 0.998600 0.998600 0.000000
vt 0.998497 0.999046 0.000000
vt 0.998809 0.998809 0.000000
vt 0.905226 0.094775 0.000000
vt 0.905225 0.905226 0.000000
vt 0.094774 0.905225 0.000000
vt 0.094775 0.094774 0.000000
vt 0.904199 0.096867 0.000000
vt 0.903694 0.096306 0.000000
vt 0.903605 0.096395 0.000000
vt 0.904028 0.096493 0.000000
vt 0.903803 0.096197 0.000000
vt 0.096110 0.611386 0.000000
vt 0.096197 0.612539 0.000000
vt 0.903133 0.904199 0.000000
vt 0.903694 0.903694 0.000000
vt 0.903605 0.903605 0.000000
vt 0.903507 0.904028 0.000000
vt 0.903803 0.903803 0.000000
vt 0.095801 0.903133 0.000000
vt 0.096306 0.903694 0.000000
vt 0.096395 0.903605 0.000000
vt 0.095972 0.903507 0.000000
vt 0.096197 0.903803 0.000000
vt 0.096110 0.611386 0.000000
vt 0.096867 0.095801 0.000000
vt 0.096306 0.096306 0.000000
vt 0.096395 0.096395 0.000000
vt 0.096493 0.095972 0.000000
vt 0.096197 0.096197 0.000000
vt 0.997478 0.347942 0.000000
vt 0.998816 0.001962 0.000000
vt 0.001184 0.001962 0.000000
vt 0.001050 0.349258 0.000000
vt 0.003037 0.000645 0.000000
vt 0.998038 0.998816 0.000000
vt 0.001962 0.998816 0.000000
vt 0.000645 0.996963 0.000000
vt 0.001306 0.001593 0.000000
vt 0.998102 0.651825 0.000000
vt 0.998900 0.650480 0.000000
vt 0.998497 0.651746 0.000000
vt 0.998809 0.651698 0.000000
vt 0.998407 0.001306 0.000000
vt 0.001593 0.998694 0.000000
vt 0.998694 0.998407 0.000000
vt 0.096790 0.354297 0.000000
vt 0.096085 0.355485 0.000000
vt 0.096380 0.354297 0.000000
vt 0.096024 0.354297 0.000000
vt 0.904102 0.095899 0.000000
vt 0.903976 0.096024 0.000000
vt 0.902771 0.354297 0.000000
vt 0.902320 0.354297 0.000000
vt 0.904101 0.904102 0.000000
vt 0.903976 0.903976 0.000000
vt 0.096085 0.355485 0.000000
vt 0.096380 0.354297 0.000000
vt 0.096024 0.354297 0.000000
vt 0.095898 0.904101 0.000000
vt 0.096024 0.903976 0.000000
vt 0.095899 0.095898 0.000000
vt 0.096024 0.096024 0.000000
vt 0.903423 0.096306 0.000000
vt 0.903134 0.612659 0.000000
vt 0.903890 0.611386 0.000000
vt 0.903906 0.610302 0.000000
vt 0.903507 0.612585 0.000000
vt 0.903803 0.612539 0.000000
vt 0.903694 0.903423 0.000000
vt 0.096577 0.903694 0.000000
vt 0.096306 0.096577 0.000000
# 1010 texture coordinates

g ?????????
usemtl metal_bright_shiny
f 49/4/1 51/3/1 53/2/1 55/1/1
f 29/8/2 31/7/2 35/6/2 33/5/2
f 1/12/3 22/11/3 32/10/3 5/9/3
f 21/12/4 28/11/4 36/10/4 6/9/4
f 27/12/5 23/11/5 34/10/5 8/9/5
f 3/12/6 17/11/6 30/10/6 7/9/6
f 18/16/7 25/15/8 42/14/8 9/13/7
f 24/20/9 26/19/10 45/18/10 10/17/9
f 4/24/11 20/23/12 48/22/12 11/21/11
f 2/28/13 19/27/14 39/26/14 12/25/13
f 37/32/4 41/31/4 52/30/4 13/29/4
f 40/32/3 44/31/3 54/30/3 14/29/3
f 43/32/6 47/31/6 56/30/6 15/29/6
f 46/32/5 38/31/5 50/30/5 16/29/5
f 1/12/15 353/35/15 913/34/15 580/33/15
f 357/38/16 914/37/16 584/36/16 2/28/16
f 3/12/17 361/39/17 915/34/17 588/33/17
f 365/42/18 916/41/18 592/40/18 4/24/18
f 5/9/19 369/45/19 917/44/19 595/43/19
f 6/9/20 372/45/20 918/44/20 598/43/20
f 7/9/21 375/45/21 919/44/21 601/46/21
f 8/9/22 378/45/22 920/44/22 604/46/22
f 9/13/24 381/49/24 921/48/23 608/47/23
f 10/17/26 385/52/26 922/51/25 612/50/25
f 11/21/28 389/55/28 923/54/27 616/53/27
f 12/25/30 393/58/30 924/57/29 620/56/29
f 13/29/31 397/61/31 925/60/31 623/59/31
f 14/29/32 400/61/32 926/60/32 626/59/32
f 15/29/33 403/62/33 927/60/33 629/59/33
f 16/29/34 406/62/34 928/60/34 632/59/34
f 578/64/35 364/63/35 25/15/35 18/16/35
f 586/66/36 366/65/36 26/19/36 24/20/36
f 592/40/37 358/67/37 20/23/37 4/24/37
f 584/36/38 356/68/38 19/27/38 2/28/38
f 593/70/39 373/69/39 31/7/39 29/8/39
f 596/72/40 379/71/40 35/6/40 31/7/40
f 602/74/41 376/73/41 33/5/41 35/6/41
f 599/76/42 370/75/42 29/8/42 33/5/42
f 583/78/43 374/77/43 32/10/43 22/11/43
f 595/43/44 353/35/44 1/12/44 5/9/44
f 591/78/45 380/77/45 36/10/45 28/11/45
f 585/78/46 377/77/46 34/10/46 23/11/46
f 605/80/47 387/79/47 41/31/47 37/32/47
f 609/80/48 391/79/48 44/31/48 40/32/48
f 613/80/49 395/79/49 47/31/49 43/32/49
f 617/80/50 383/79/50 38/31/50 46/32/50
f 19/27/14 579/82/51 384/81/51 39/26/14
f 25/15/8 587/84/52 388/83/52 42/14/8
f 26/19/10 589/86/53 392/85/53 45/18/10
f 20/23/12 581/88/54 396/87/54 48/22/12
f 621/90/55 401/89/55 51/3/55 49/4/55
f 624/92/56 404/91/56 53/2/56 51/3/56
f 627/94/57 407/93/57 55/1/57 53/2/57
f 630/96/58 398/95/58 49/4/58 55/1/58
f 606/98/59 399/97/59 50/30/59 38/31/59
f 610/98/60 402/97/60 52/30/60 41/31/60
f 614/98/61 405/97/61 54/30/61 44/31/61
f 618/98/62 408/97/62 56/30/62 47/31/62
f 409/102/63 929/101/63 465/100/63 57/99/63
f 58/106/64 410/105/64 930/104/64 467/103/64
f 466/110/65 931/109/65 468/108/65 113/107/65
f 61/114/66 413/113/66 932/112/66 469/111/66
f 414/118/67 933/117/67 471/116/67 62/115/67
f 114/122/68 470/121/68 934/120/68 472/119/68
f 417/102/69 935/101/69 473/100/69 65/99/69
f 66/126/70 418/125/70 936/124/70 475/123/70
f 474/130/71 937/129/71 476/128/71 115/127/71
f 69/134/72 421/133/72 938/132/72 477/131/72
f 422/138/73 939/137/73 479/136/73 70/135/73
f 116/142/74 478/141/74 940/140/74 480/139/74
f 425/146/75 941/145/75 481/144/75 73/143/75
f 426/150/76 942/149/76 483/148/76 74/147/76
f 428/154/77 943/153/77 484/152/77 76/151/77
f 429/158/78 944/157/78 486/156/78 77/155/78
f 431/162/79 945/161/79 487/160/79 79/159/79
f 432/166/80 946/165/80 489/164/80 80/163/80
f 434/170/81 947/169/81 490/168/81 82/167/81
f 435/174/82 948/173/82 492/172/82 83/171/82
f 85/178/83 437/177/83 949/176/83 493/175/83
f 86/182/84 438/181/84 950/180/84 495/179/84
f 121/186/85 494/185/85 951/184/85 496/183/85
f 89/190/86 441/189/86 952/188/86 497/187/86
f 90/182/87 442/181/87 953/180/87 499/179/87
f 122/194/88 498/193/88 954/192/88 500/191/88
f 93/198/89 445/197/89 955/196/89 501/195/89
f 94/182/90 446/181/90 956/180/90 503/179/90
f 123/202/91 502/201/91 957/200/91 504/199/91
f 97/206/92 449/205/92 958/204/92 505/203/92
f 98/182/93 450/181/93 959/180/93 507/179/93
f 124/210/94 506/209/94 960/208/94 508/207/94
f 453/214/95 961/213/95 509/212/95 101/211/95
f 454/218/96 962/217/96 511/216/96 102/215/96
f 456/222/97 963/221/97 512/220/97 104/219/97
f 457/226/98 964/225/98 514/224/98 105/223/98
f 459/230/99 965/229/99 515/228/99 107/227/99
f 460/234/100 966/233/100 517/232/100 108/231/100
f 462/238/101 967/237/101 518/236/101 110/235/101
f 463/242/102 968/241/102 520/240/102 111/239/102
f 522/245/103 420/244/103 68/243/103 58/106/103
f 530/246/104 422/138/104 70/135/104 66/126/104
f 536/248/105 414/118/105 62/115/105 72/247/105
f 528/252/106 412/251/106 60/250/106 64/249/106
f 537/253/107 429/158/107 77/155/107 73/143/107
f 540/254/108 435/174/108 83/171/108 76/151/108
f 546/255/109 432/166/109 80/163/109 82/167/109
f 543/256/110 426/150/110 74/147/110 79/159/110
f 527/260/111 430/259/111 78/258/111 63/257/111
f 539/262/112 409/102/112 57/99/112 75/261/112
f 535/265/113 436/259/113 84/264/113 71/263/113
f 529/265/114 433/259/114 81/264/114 65/263/114
f 549/268/115 443/267/115 91/266/115 85/178/115
f 553/271/116 447/270/116 95/269/116 89/190/116
f 557/274/117 451/273/117 99/272/117 93/198/117
f 561/277/118 439/276/118 87/275/118 97/206/118
f 523/281/120 440/280/120 88/279/119 59/278/119
f 531/285/122 444/284/122 92/283/121 67/282/121
f 533/288/124 448/287/124 96/286/123 69/134/123
f 525/291/126 452/290/126 100/289/125 61/114/125
f 565/292/127 457/226/127 105/223/127 101/211/127
f 568/293/128 460/234/128 108/231/128 104/219/128
f 571/294/129 463/242/129 111/239/129 107/227/129
f 574/295/130 454/218/130 102/215/130 110/235/130
f 550/299/131 455/298/131 103/297/131 86/296/131
f 554/299/132 458/298/132 106/297/132 90/296/132
f 558/303/133 461/302/133 109/301/133 94/300/133
f 562/303/134 464/302/134 112/301/134 98/300/134
f 129/306/135 521/260/135 969/305/135 689/304/135
f 633/310/136 970/309/136 691/308/136 241/307/136
f 690/314/137 971/313/137 692/312/137 297/311/137
f 525/291/138 972/317/138 693/316/138 133/315/138
f 245/321/139 637/320/139 973/319/139 695/318/139
f 298/325/140 694/324/140 974/323/140 696/322/140
f 137/326/141 529/265/141 975/305/141 697/304/141
f 641/330/142 976/329/142 699/328/142 249/327/142
f 698/334/143 977/333/143 700/332/143 299/331/143
f 533/288/144 978/337/144 701/336/144 141/335/144
f 253/341/145 645/340/145 979/339/145 703/338/145
f 300/345/146 702/344/146 980/343/146 704/342/146
f 537/253/147 981/348/147 705/347/147 145/346/147
f 649/352/148 982/351/148 707/350/148 257/349/148
f 301/356/149 706/355/149 983/354/149 708/353/149
f 540/254/150 984/359/150 709/358/150 148/357/150
f 652/363/151 985/362/151 711/361/151 260/360/151
f 302/356/152 710/355/152 986/354/152 712/353/152
f 543/256/153 987/366/153 713/365/153 151/364/153
f 655/370/154 988/369/154 715/368/154 263/367/154
f 303/371/155 714/355/155 989/354/155 716/353/155
f 546/255/156 990/374/156 717/373/156 154/372/156
f 658/378/157 991/377/157 719/376/157 266/375/157
f 304/371/158 718/355/158 992/354/158 720/353/158
f 157/381/159 549/268/159 993/380/159 721/379/159
f 661/385/160 994/384/160 723/383/160 269/382/160
f 722/389/161 995/388/161 724/387/161 305/386/161
f 161/392/162 553/271/162 996/391/162 725/390/162
f 665/396/163 997/395/163 727/394/163 273/393/163
f 726/400/164 998/399/164 728/398/164 306/397/164
f 165/403/165 557/274/165 999/402/165 729/401/165
f 669/407/166 1000/406/166 731/405/166 277/404/166
f 730/411/167 1001/410/167 732/409/167 307/408/167
f 169/414/168 561/277/168 1002/413/168 733/412/168
f 673/418/169 1003/417/169 735/416/169 281/415/169
f 734/422/170 1004/421/170 736/420/170 308/419/170
f 565/292/171 1005/425/171 737/424/171 173/423/171
f 677/429/172 1006/428/172 739/427/172 285/426/172
f 309/433/173 738/432/173 1007/431/173 740/430/173
f 568/293/174 1008/436/174 741/435/174 176/434/174
f 680/440/175 1009/439/175 743/438/175 288/437/175
f 310/433/176 742/432/176 1010/431/176 744/430/176
f 571/294/177 1011/443/177 745/442/177 179/441/177
f 683/447/178 1012/446/178 747/445/178 291/444/178
f 311/451/179 746/450/179 1013/449/179 748/448/179
f 574/295/180 1014/454/180 749/453/180 182/452/180
f 686/458/181 1015/457/181 751/456/181 294/455/181
f 312/451/182 750/450/182 1016/449/182 752/448/182
f 577/78/183 1017/461/183 753/460/183 185/459/183
f 130/464/184 522/245/184 1018/463/184 755/462/184
f 313/468/185 754/467/185 1019/466/185 756/465/185
f 186/471/186 578/64/186 1020/470/186 757/469/186
f 523/281/187 1021/474/187 759/473/187 131/472/187
f 758/478/188 1022/477/188 760/476/188 314/475/188
f 634/482/189 1023/481/189 761/480/189 242/479/189
f 187/485/190 579/82/190 1024/484/190 763/483/190
f 315/489/191 762/488/191 1025/487/191 764/486/191
f 189/492/192 581/88/192 1026/491/192 765/490/192
f 526/496/193 1027/495/193 767/494/193 134/493/193
f 766/500/194 1028/499/194 768/498/194 316/497/194
f 582/504/195 1029/503/195 769/502/195 190/501/195
f 135/306/196 527/260/196 1030/506/196 771/505/196
f 317/510/197 770/509/197 1031/508/197 772/507/197
f 246/514/198 638/513/198 1032/512/198 773/511/198
f 583/78/199 1033/516/199 775/515/199 191/459/199
f 774/520/200 1034/519/200 776/518/200 318/517/200
f 585/78/201 1035/461/201 777/460/201 193/459/201
f 138/523/202 530/246/202 1036/522/202 779/521/202
f 319/527/203 778/526/203 1037/525/203 780/524/203
f 194/530/204 586/66/204 1038/529/204 781/528/204
f 531/285/205 1039/533/205 783/532/205 139/531/205
f 782/537/206 1040/536/206 784/535/206 320/534/206
f 642/541/207 1041/540/207 785/539/207 250/538/207
f 195/544/208 587/84/208 1042/543/208 787/542/208
f 321/548/209 786/547/209 1043/546/209 788/545/209
f 197/551/210 589/86/210 1044/550/210 789/549/210
f 534/555/211 1045/554/211 791/553/211 142/552/211
f 790/559/212 1046/558/212 792/557/212 322/556/212
f 590/561/213 1047/503/213 793/560/213 198/501/213
f 143/326/214 535/265/214 1048/506/214 795/505/214
f 323/565/215 794/564/215 1049/563/215 796/562/215
f 254/514/216 646/513/216 1050/512/216 797/511/216
f 591/78/217 1051/516/217 799/515/217 199/459/217
f 798/569/218 1052/568/218 800/567/218 324/566/218
f 593/70/219 1053/572/219 801/571/219 201/570/219
f 538/576/220 1054/575/220 803/574/220 146/573/220
f 802/580/221 1055/579/221 804/578/221 325/577/221
f 594/584/222 1056/583/222 805/582/222 202/581/222
f 539/262/223 1057/587/223 807/586/223 147/585/223
f 806/591/224 1058/590/224 808/589/224 326/588/224
f 596/72/225 1059/594/225 809/593/225 204/592/225
f 541/598/226 1060/597/226 811/596/226 149/595/226
f 810/602/227 1061/601/227 812/600/227 327/599/227
f 597/584/228 1062/583/228 813/582/228 205/581/228
f 542/262/229 1063/587/229 815/586/229 150/585/229
f 814/606/230 1064/605/230 816/604/230 328/603/230
f 599/76/231 1065/609/231 817/608/231 207/607/231
f 544/613/232 1066/612/232 819/611/232 152/610/232
f 818/617/233 1067/616/233 820/615/233 329/614/233
f 600/584/234 1068/583/234 821/582/234 208/581/234
f 545/262/235 1069/587/235 823/586/235 153/585/235
f 822/621/236 1070/620/236 824/619/236 330/618/236
f 602/74/237 1071/624/237 825/623/237 210/622/237
f 547/628/238 1072/627/238 827/626/238 155/625/238
f 826/632/239 1073/631/239 828/630/239 331/629/239
f 603/584/240 1074/583/240 829/582/240 211/581/240
f 548/262/241 1075/587/241 831/586/241 156/585/241
f 830/636/242 1076/635/242 832/634/242 332/633/242
f 213/639/243 605/80/243 1077/638/243 833/637/243
f 550/299/244 1078/642/244 835/641/244 158/640/244
f 834/646/245 1079/645/245 836/644/245 333/643/245
f 214/649/246 606/98/246 1080/648/246 837/647/246
f 551/653/247 1081/652/247 839/651/247 159/650/247
f 838/657/248 1082/656/248 840/655/248 334/654/248
f 270/661/249 662/660/249 1083/659/249 841/658/249
f 607/665/250 1084/664/250 843/663/250 215/662/250
f 842/669/251 1085/668/251 844/667/251 335/666/251
f 217/639/252 609/80/252 1086/638/252 845/637/252
f 554/299/253 1087/642/253 847/641/253 162/640/253
f 846/673/254 1088/672/254 848/671/254 336/670/254
f 218/649/255 610/98/255 1089/648/255 849/647/255
f 555/677/256 1090/676/256 851/675/256 163/674/256
f 850/681/257 1091/680/257 852/679/257 337/678/257
f 274/685/258 666/684/258 1092/683/258 853/682/258
f 611/689/259 1093/688/259 855/687/259 219/686/259
f 854/693/260 1094/692/260 856/691/260 338/690/260
f 221/696/261 613/80/261 1095/695/261 857/694/261
f 558/303/262 1096/697/262 859/641/262 166/640/262
f 858/701/263 1097/700/263 860/699/263 339/698/263
f 222/649/264 614/98/264 1098/648/264 861/647/264
f 559/705/265 1099/704/265 863/703/265 167/702/265
f 862/709/266 1100/708/266 864/707/266 340/706/266
f 278/713/267 670/712/267 1101/711/267 865/710/267
f 615/717/268 1102/716/268 867/715/268 223/714/268
f 866/721/269 1103/720/269 868/719/269 341/718/269
f 225/696/270 617/80/270 1104/695/270 869/694/270
f 562/303/271 1105/697/271 871/641/271 170/640/271
f 870/725/272 1106/724/272 872/723/272 342/722/272
f 226/649/273 618/98/273 1107/648/273 873/647/273
f 563/729/274 1108/728/274 875/727/274 171/726/274
f 874/733/275 1109/732/275 876/731/275 343/730/275
f 282/737/276 674/736/276 1110/735/276 877/734/276
f 619/741/277 1111/740/277 879/739/277 227/738/277
f 878/745/278 1112/744/278 880/743/278 344/742/278
f 621/90/279 1113/748/279 881/747/279 229/746/279
f 566/752/280 1114/751/280 883/750/280 174/749/280
f 882/756/281 1115/755/281 884/754/281 345/753/281
f 622/760/282 1116/759/282 885/758/282 230/757/282
f 567/764/283 1117/763/283 887/762/283 175/761/283
f 886/768/284 1118/767/284 888/766/284 346/765/284
f 624/92/285 1119/771/285 889/770/285 232/769/285
f 569/775/286 1120/774/286 891/773/286 177/772/286
f 890/779/287 1121/778/287 892/777/287 347/776/287
f 625/760/288 1122/759/288 893/758/288 233/757/288
f 570/764/289 1123/763/289 895/762/289 178/761/289
f 894/783/290 1124/782/290 896/781/290 348/780/290
f 627/94/291 1125/786/291 897/785/291 235/784/291
f 572/790/292 1126/789/292 899/788/292 180/787/292
f 898/794/293 1127/793/293 900/792/293 349/791/293
f 628/760/294 1128/759/294 901/758/294 236/757/294
f 573/764/295 1129/763/295 903/762/295 181/761/295
f 902/798/296 1130/797/296 904/796/296 350/795/296
f 630/96/297 1131/801/297 905/800/297 238/799/297
f 575/805/298 1132/804/298 907/803/298 183/802/298
f 906/809/299 1133/808/299 908/807/299 351/806/299
f 631/760/300 1134/759/300 909/758/300 239/757/300
f 576/764/301 1135/763/301 911/762/301 184/761/301
f 910/813/302 1136/812/302 912/811/302 352/810/302
f 410/105/303 532/815/303 140/814/303 186/471/303
f 418/125/304 534/555/304 142/552/304 194/530/304
f 424/817/305 526/496/305 134/493/305 200/816/305
f 416/821/306 524/820/306 132/819/306 192/818/306
f 425/146/307 541/598/307 149/595/307 201/570/307
f 428/154/308 547/628/308 155/625/308 204/592/308
f 434/170/309 544/613/309 152/610/309 210/622/309
f 431/162/310 538/576/310 146/573/310 207/607/310
f 415/102/311 542/262/311 150/585/311 191/459/311
f 427/259/312 521/260/312 129/306/312 203/822/312
f 423/102/313 548/262/313 156/585/313 199/459/313
f 417/102/314 545/262/314 153/585/314 193/459/314
f 437/177/315 555/677/315 163/674/315 213/823/315
f 441/189/316 559/705/316 167/702/316 217/824/316
f 445/197/317 563/729/317 171/726/317 221/825/317
f 449/205/318 551/653/318 159/650/318 225/826/318
f 411/829/320 552/828/320 160/827/319 187/485/319
f 419/832/322 556/831/322 164/830/321 195/544/321
f 421/133/324 560/834/324 168/833/323 197/551/323
f 413/113/326 564/836/326 172/835/325 189/492/325
f 453/214/327 569/775/327 177/772/327 229/746/327
f 456/222/328 572/790/328 180/787/328 232/769/328
f 459/230/329 575/805/329 183/802/329 235/784/329
f 462/238/330 566/752/330 174/749/330 238/799/330
f 438/181/331 567/764/331 175/761/331 214/649/331
f 442/181/332 570/764/332 178/761/332 218/649/332
f 446/181/333 573/764/333 181/761/333 222/649/333
f 450/181/334 576/764/334 184/761/334 226/649/334
f 354/839/335 588/33/335 196/838/335 130/837/335
f 362/839/336 590/561/336 198/501/336 138/837/336
f 368/840/337 582/504/337 190/501/337 144/837/337
f 360/840/338 580/33/338 188/841/338 136/837/338
f 369/45/339 597/584/339 205/581/339 145/842/339
f 372/45/340 603/584/340 211/581/340 148/842/340
f 378/45/341 600/584/341 208/581/341 154/842/341
f 375/45/342 594/584/342 202/581/342 151/842/342
f 359/35/343 598/43/343 206/822/343 135/306/343
f 371/77/344 577/78/344 185/459/344 147/585/344
f 367/39/345 604/46/345 212/843/345 143/326/345
f 361/39/346 601/46/346 209/843/346 137/326/346
f 381/49/347 611/689/347 219/686/347 157/381/347
f 385/52/348 615/717/348 223/714/348 161/392/348
f 389/55/349 619/741/349 227/738/349 165/403/349
f 393/58/350 607/665/350 215/662/350 169/414/350
f 355/845/352 608/47/352 216/844/351 131/472/351
f 363/847/354 612/50/354 220/846/353 139/531/353
f 365/42/356 616/53/356 224/848/355 141/335/355
f 357/38/358 620/56/358 228/849/357 133/315/357
f 397/61/359 625/760/359 233/757/359 173/850/359
f 400/61/360 628/760/360 236/757/360 176/850/360
f 403/62/361 631/760/361 239/757/361 179/850/361
f 406/62/362 622/760/362 230/757/362 182/850/362
f 382/852/363 623/59/363 231/851/363 158/640/363
f 386/852/364 626/59/364 234/851/364 162/640/364
f 390/852/365 629/59/365 237/851/365 166/640/365
f 394/852/366 632/59/366 240/851/366 170/640/366
f 353/35/367 129/306/367 689/304/367 913/34/367
f 297/854/368 692/853/368 913/34/368 689/304/368
f 692/853/369 188/841/369 580/33/369 913/34/369
f 133/315/370 693/316/370 914/37/370 357/38/370
f 693/316/371 298/325/371 696/322/371 914/37/371
f 914/37/372 696/322/372 192/818/372 584/36/372
f 361/39/373 137/326/373 697/304/373 915/34/373
f 299/854/374 700/853/374 915/34/374 697/304/374
f 700/853/375 196/838/375 588/33/375 915/34/375
f 141/335/376 701/336/376 916/41/376 365/42/376
f 701/336/377 300/345/377 704/342/377 916/41/377
f 916/41/378 704/342/378 200/816/378 592/40/378
f 369/45/379 145/842/379 705/855/379 917/44/379
f 705/855/380 301/356/380 708/353/380 917/44/380
f 708/353/381 203/822/381 595/43/381 917/44/381
f 372/45/382 148/842/382 709/855/382 918/44/382
f 709/855/383 302/356/383 712/353/383 918/44/383
f 712/353/384 206/822/384 598/43/384 918/44/384
f 375/45/385 151/842/385 713/856/385 919/44/385
f 713/856/386 303/371/386 716/353/386 919/44/386
f 716/353/387 209/843/387 601/46/387 919/44/387
f 378/45/388 154/842/388 717/856/388 920/44/388
f 717/856/389 304/371/389 720/353/389 920/44/389
f 720/353/390 212/843/390 604/46/390 920/44/390
f 381/49/391 157/381/391 721/379/391 921/48/391
f 305/386/392 724/387/392 921/48/392 721/379/392
f 724/387/393 216/844/393 608/47/23 921/48/23
f 385/52/394 161/392/394 725/390/394 922/51/394
f 306/397/395 728/398/395 922/51/395 725/390/395
f 728/398/396 220/846/396 612/50/25 922/51/25
f 389/55/397 165/403/397 729/401/397 923/54/397
f 307/408/398 732/409/398 923/54/398 729/401/398
f 732/409/399 224/848/399 616/53/27 923/54/27
f 393/58/400 169/414/400 733/412/400 924/57/400
f 308/419/401 736/420/401 924/57/401 733/412/401
f 736/420/402 228/849/402 620/56/29 924/57/29
f 397/61/403 173/850/403 737/857/403 925/60/403
f 737/857/404 309/433/404 740/430/404 925/60/404
f 740/430/405 231/851/405 623/59/405 925/60/405
f 400/61/406 176/850/406 741/857/406 926/60/406
f 741/857/407 310/433/407 744/430/407 926/60/407
f 744/430/408 234/851/408 626/59/408 926/60/408
f 403/62/409 179/850/409 745/857/409 927/60/409
f 745/857/410 311/451/410 748/448/410 927/60/410
f 748/448/411 237/851/411 629/59/411 927/60/411
f 406/62/412 182/850/412 749/857/412 928/60/412
f 749/857/413 312/451/413 752/448/413 928/60/413
f 752/448/414 240/851/414 632/59/414 928/60/414
f 185/459/415 753/460/415 929/101/415 409/102/415
f 753/460/416 313/858/416 756/511/416 929/101/416
f 929/101/417 756/511/417 241/514/417 465/100/417
f 410/105/418 186/471/418 757/469/418 930/104/418
f 314/475/419 760/476/419 930/104/419 757/469/419
f 760/476/420 243/859/420 467/103/420 930/104/420
f 242/479/421 761/480/421 931/109/421 466/110/421
f 761/480/422 315/489/422 764/486/422 931/109/422
f 931/109/423 764/486/423 244/860/423 468/108/423
f 413/113/424 189/492/424 765/490/424 932/112/424
f 316/497/425 768/498/425 932/112/425 765/490/425
f 768/498/426 245/321/426 469/111/426 932/112/426
f 190/862/427 769/861/427 933/117/427 414/118/427
f 769/861/428 317/510/428 772/507/428 933/117/428
f 933/117/429 772/507/429 247/863/429 471/116/429
f 470/121/430 246/865/430 773/864/430 934/120/430
f 318/517/431 776/518/431 934/120/431 773/864/431
f 776/518/432 248/866/432 472/119/432 934/120/432
f 193/459/433 777/460/433 935/101/433 417/102/433
f 777/460/434 319/858/434 780/511/434 935/101/434
f 935/101/435 780/511/435 249/514/435 473/100/435
f 418/125/436 194/530/436 781/528/436 936/124/436
f 320/534/437 784/535/437 936/124/437 781/528/437
f 784/535/438 251/867/438 475/123/438 936/124/438
f 250/538/439 785/539/439 937/129/439 474/130/439
f 785/539/440 321/548/440 788/545/440 937/129/440
f 937/129/441 788/545/441 252/868/441 476/128/441
f 421/133/442 197/551/442 789/549/442 938/132/442
f 322/556/443 792/557/443 938/132/443 789/549/443
f 792/557/444 253/341/444 477/131/444 938/132/444
f 198/870/445 793/869/445 939/137/445 422/138/445
f 793/869/446 323/565/446 796/562/446 939/137/446
f 939/137/447 796/562/447 255/871/447 479/136/447
f 478/141/448 254/873/448 797/872/448 940/140/448
f 324/566/449 800/567/449 940/140/449 797/872/449
f 800/567/450 256/874/450 480/139/450 940/140/450
f 425/146/451 201/570/451 801/571/451 941/145/451
f 325/577/452 804/578/452 941/145/452 801/571/452
f 941/145/453 804/578/453 257/349/453 481/144/453
f 426/150/454 202/876/454 805/875/454 942/149/454
f 326/588/455 808/589/455 942/149/455 805/875/455
f 942/149/456 808/589/456 259/877/456 483/148/456
f 428/154/457 204/592/457 809/593/457 943/153/457
f 327/599/458 812/600/458 943/153/458 809/593/458
f 943/153/459 812/600/459 260/360/459 484/152/459
f 429/158/460 205/879/460 813/878/460 944/157/460
f 328/603/461 816/604/461 944/157/461 813/878/461
f 944/157/462 816/604/462 262/880/462 486/156/462
f 431/162/463 207/607/463 817/608/463 945/161/463
f 329/614/464 820/615/464 945/161/464 817/608/464
f 945/161/465 820/615/465 263/367/465 487/160/465
f 432/166/466 208/882/466 821/881/466 946/165/466
f 330/618/467 824/619/467 946/165/467 821/881/467
f 946/165/468 824/619/468 265/883/468 489/164/468
f 434/170/469 210/622/469 825/623/469 947/169/469
f 331/629/470 828/630/470 947/169/470 825/623/470
f 947/169/471 828/630/471 266/375/471 490/168/471
f 435/174/472 211/885/472 829/884/472 948/173/472
f 332/633/473 832/634/473 948/173/473 829/884/473
f 948/173/474 832/634/474 268/886/474 492/172/474
f 437/177/475 213/823/475 833/887/475 949/176/475
f 333/643/476 836/644/476 949/176/476 833/887/476
f 836/644/477 269/382/477 493/175/477 949/176/477
f 438/181/478 214/649/478 837/647/478 950/180/478
f 334/889/479 840/888/479 950/180/479 837/647/479
f 840/888/480 271/890/480 495/179/480 950/180/480
f 494/185/481 270/661/481 841/658/481 951/184/481
f 335/666/482 844/667/482 951/184/482 841/658/482
f 844/667/483 272/891/483 496/183/483 951/184/483
f 441/189/484 217/824/484 845/892/484 952/188/484
f 336/670/485 848/671/485 952/188/485 845/892/485
f 848/671/486 273/393/486 497/187/486 952/188/486
f 442/181/487 218/649/487 849/647/487 953/180/487
f 337/889/488 852/888/488 953/180/488 849/647/488
f 852/888/489 275/890/489 499/179/489 953/180/489
f 498/193/490 274/685/490 853/682/490 954/192/490
f 338/690/491 856/691/491 954/192/491 853/682/491
f 856/691/492 276/893/492 500/191/492 954/192/492
f 445/197/493 221/825/493 857/894/493 955/196/493
f 339/698/494 860/699/494 955/196/494 857/894/494
f 860/699/495 277/404/495 501/195/495 955/196/495
f 446/181/496 222/649/496 861/647/496 956/180/496
f 340/889/497 864/888/497 956/180/497 861/647/497
f 864/888/498 279/890/498 503/179/498 956/180/498
f 502/201/499 278/713/499 865/710/499 957/200/499
f 341/718/500 868/719/500 957/200/500 865/710/500
f 868/719/501 280/895/501 504/199/501 957/200/501
f 449/205/502 225/826/502 869/896/502 958/204/502
f 342/722/503 872/723/503 958/204/503 869/896/503
f 872/723/504 281/415/504 505/203/504 958/204/504
f 450/181/505 226/649/505 873/647/505 959/180/505
f 343/889/506 876/888/506 959/180/506 873/647/506
f 876/888/507 283/890/507 507/179/507 959/180/507
f 506/209/508 282/737/508 877/734/508 960/208/508
f 344/742/509 880/743/509 960/208/509 877/734/509
f 880/743/510 284/897/510 508/207/510 960/208/510
f 453/214/511 229/746/511 881/747/511 961/213/511
f 345/753/512 884/754/512 961/213/512 881/747/512
f 961/213/513 884/754/513 285/426/513 509/212/513
f 454/218/514 230/899/514 885/898/514 962/217/514
f 346/765/515 888/766/515 962/217/515 885/898/515
f 962/217/516 888/766/516 287/900/516 511/216/516
f 456/222/517 232/769/517 889/770/517 963/221/517
f 347/776/518 892/777/518 963/221/518 889/770/518
f 963/221/519 892/777/519 288/437/519 512/220/519
f 457/226/520 233/902/520 893/901/520 964/225/520
f 348/780/521 896/781/521 964/225/521 893/901/521
f 964/225/522 896/781/522 290/903/522 514/224/522
f 459/230/523 235/784/523 897/785/523 965/229/523
f 349/791/524 900/792/524 965/229/524 897/785/524
f 965/229/525 900/792/525 291/444/525 515/228/525
f 460/234/526 236/905/526 901/904/526 966/233/526
f 350/795/527 904/796/527 966/233/527 901/904/527
f 966/233/528 904/796/528 293/906/528 517/232/528
f 462/238/529 238/799/529 905/800/529 967/237/529
f 351/806/530 908/807/530 967/237/530 905/800/530
f 967/237/531 908/807/531 294/455/531 518/236/531
f 463/242/532 239/908/532 909/907/532 968/241/532
f 352/810/533 912/811/533 968/241/533 909/907/533
f 968/241/534 912/811/534 296/909/534 520/240/534
f 521/260/535 57/257/535 465/910/535 969/305/535
f 241/912/536 691/911/536 969/305/536 465/910/536
f 691/911/537 297/854/537 689/304/537 969/305/537
f 113/107/538 468/108/538 970/309/538 633/310/538
f 468/108/539 244/860/539 690/314/539 970/309/539
f 970/309/540 690/314/540 297/311/540 691/308/540
f 244/860/541 636/913/541 971/313/541 690/314/541
f 636/913/542 60/250/542 412/251/542 971/313/542
f 971/313/543 412/251/543 188/914/543 692/312/543
f 61/114/544 469/111/544 972/317/544 525/291/544
f 469/111/545 245/321/545 695/318/545 972/317/545
f 972/317/546 695/318/546 298/325/546 693/316/546
f 637/320/547 114/122/547 472/119/547 973/319/547
f 248/866/548 694/324/548 973/319/548 472/119/548
f 694/324/549 298/325/549 695/318/549 973/319/549
f 694/324/550 248/866/550 640/915/550 974/323/550
f 64/249/551 416/821/551 974/323/551 640/915/551
f 416/821/552 192/818/552 696/322/552 974/323/552
f 529/265/553 65/263/553 473/910/553 975/305/553
f 249/912/554 699/916/554 975/305/554 473/910/554
f 699/916/555 299/854/555 697/304/555 975/305/555
f 115/127/556 476/128/556 976/329/556 641/330/556
f 476/128/557 252/868/557 698/334/557 976/329/557
f 976/329/558 698/334/558 299/331/558 699/328/558
f 252/868/559 644/917/559 977/333/559 698/334/559
f 644/917/560 68/243/560 420/244/560 977/333/560
f 977/333/561 420/244/561 196/918/561 700/332/561
f 69/134/562 477/131/562 978/337/562 533/288/562
f 477/131/563 253/341/563 703/338/563 978/337/563
f 978/337/564 703/338/564 300/345/564 701/336/564
f 645/340/565 116/142/565 480/139/565 979/339/565
f 256/874/566 702/344/566 979/339/566 480/139/566
f 702/344/567 300/345/567 703/338/567 979/339/567
f 702/344/568 256/874/568 648/919/568 980/343/568
f 72/247/569 424/817/569 980/343/569 648/919/569
f 424/817/570 200/816/570 704/342/570 980/343/570
f 537/253/571 73/143/571 481/144/571 981/348/571
f 257/349/572 707/350/572 981/348/572 481/144/572
f 981/348/573 707/350/573 301/920/573 705/347/573
f 117/922/574 482/921/574 982/351/574 649/352/574
f 482/921/575 258/924/575 706/923/575 982/351/575
f 706/923/576 301/920/576 707/350/576 982/351/576
f 258/926/577 650/925/577 983/354/577 706/355/577
f 650/925/578 75/258/578 427/259/578 983/354/578
f 427/259/579 203/822/579 708/353/579 983/354/579
f 540/254/580 76/151/580 484/152/580 984/359/580
f 260/360/581 711/361/581 984/359/581 484/152/581
f 984/359/582 711/361/582 302/927/582 709/358/582
f 118/929/583 485/928/583 985/362/583 652/363/583
f 485/928/584 261/931/584 710/930/584 985/362/584
f 710/930/585 302/927/585 711/361/585 985/362/585
f 261/926/586 653/925/586 986/354/586 710/355/586
f 653/925/587 78/258/587 430/259/587 986/354/587
f 430/259/588 206/822/588 712/353/588 986/354/588
f 543/256/589 79/159/589 487/160/589 987/366/589
f 263/367/590 715/368/590 987/366/590 487/160/590
f 987/366/591 715/368/591 303/932/591 713/365/591
f 119/934/592 488/933/592 988/369/592 655/370/592
f 488/933/593 264/936/593 714/935/593 988/369/593
f 714/935/594 303/932/594 715/368/594 988/369/594
f 264/926/595 656/925/595 989/354/595 714/355/595
f 656/925/596 81/264/596 433/259/596 989/354/596
f 433/259/597 209/843/597 716/353/597 989/354/597
f 546/255/598 82/167/598 490/168/598 990/374/598
f 266/375/599 719/376/599 990/374/599 490/168/599
f 990/374/600 719/376/600 304/937/600 717/373/600
f 120/939/601 491/938/601 991/377/601 658/378/601
f 491/938/602 267/941/602 718/940/602 991/377/602
f 718/940/603 304/937/603 719/376/603 991/377/603
f 267/926/604 659/925/604 992/354/604 718/355/604
f 659/925/605 84/264/605 436/259/605 992/354/605
f 436/259/606 212/843/606 720/353/606 992/354/606
f 549/268/607 85/178/607 493/175/607 993/380/607
f 269/382/608 723/383/608 993/380/608 493/175/608
f 723/383/609 305/386/609 721/379/609 993/380/609
f 121/186/610 496/183/610 994/384/610 661/385/610
f 496/183/611 272/891/611 722/389/611 994/384/611
f 994/384/612 722/389/612 305/386/612 723/383/612
f 272/891/613 664/942/613 995/388/613 722/389/613
f 664/942/615 88/279/615 440/280/614 995/388/614
f 995/388/614 440/280/614 216/844/393 724/387/393
f 553/271/616 89/190/616 497/187/616 996/391/616
f 273/393/617 727/394/617 996/391/617 497/187/617
f 727/394/618 306/397/618 725/390/618 996/391/618
f 122/194/619 500/191/619 997/395/619 665/396/619
f 500/191/620 276/893/620 726/400/620 997/395/620
f 997/395/621 726/400/621 306/397/621 727/394/621
f 276/893/622 668/943/622 998/399/622 726/400/622
f 668/943/624 92/283/624 444/284/623 998/399/623
f 998/399/623 444/284/623 220/846/396 728/398/396
f 557/274/625 93/198/625 501/195/625 999/402/625
f 277/404/626 731/405/626 999/402/626 501/195/626
f 731/405/627 307/408/627 729/401/627 999/402/627
f 123/202/628 504/199/628 1000/406/628 669/407/628
f 504/199/629 280/895/629 730/411/629 1000/406/629
f 1000/406/630 730/411/630 307/408/630 731/405/630
f 280/895/631 672/944/631 1001/410/631 730/411/631
f 672/944/633 96/286/633 448/287/632 1001/410/632
f 1001/410/632 448/287/632 224/848/399 732/409/399
f 561/277/634 97/206/634 505/203/634 1002/413/634
f 281/415/635 735/416/635 1002/413/635 505/203/635
f 735/416/636 308/419/636 733/412/636 1002/413/636
f 124/210/637 508/207/637 1003/417/637 673/418/637
f 508/207/638 284/897/638 734/422/638 1003/417/638
f 1003/417/639 734/422/639 308/419/639 735/416/639
f 284/897/640 676/945/640 1004/421/640 734/422/640
f 676/945/642 100/289/642 452/290/641 1004/421/641
f 1004/421/641 452/290/641 228/849/402 736/420/402
f 565/292/643 101/211/643 509/212/643 1005/425/643
f 285/426/644 739/427/644 1005/425/644 509/212/644
f 1005/425/645 739/427/645 309/946/645 737/424/645
f 125/948/646 510/947/646 1006/428/646 677/429/646
f 510/947/647 286/950/647 738/949/647 1006/428/647
f 738/949/648 309/946/648 739/427/648 1006/428/648
f 286/952/649 678/951/649 1007/431/649 738/432/649
f 678/951/650 103/297/650 455/298/650 1007/431/650
f 455/298/651 231/851/651 740/430/651 1007/431/651
f 568/293/652 104/219/652 512/220/652 1008/436/652
f 288/437/653 743/438/653 1008/436/653 512/220/653
f 1008/436/654 743/438/654 310/953/654 741/435/654
f 126/955/655 513/954/655 1009/439/655 680/440/655
f 513/954/656 289/957/656 742/956/656 1009/439/656
f 742/956/657 310/953/657 743/438/657 1009/439/657
f 289/952/658 681/951/658 1010/431/658 742/432/658
f 681/951/659 106/297/659 458/298/659 1010/431/659
f 458/298/660 234/851/660 744/430/660 1010/431/660
f 571/294/661 107/227/661 515/228/661 1011/443/661
f 291/444/662 747/445/662 1011/443/662 515/228/662
f 1011/443/663 747/445/663 311/958/663 745/442/663
f 127/960/664 516/959/664 1012/446/664 683/447/664
f 516/959/665 292/962/665 746/961/665 1012/446/665
f 746/961/666 311/958/666 747/445/666 1012/446/666
f 292/952/667 684/963/667 1013/449/667 746/450/667
f 684/963/668 109/301/668 461/302/668 1013/449/668
f 461/302/669 237/851/669 748/448/669 1013/449/669
f 574/295/670 110/235/670 518/236/670 1014/454/670
f 294/455/671 751/456/671 1014/454/671 518/236/671
f 1014/454/672 751/456/672 312/964/672 749/453/672
f 128/966/673 519/965/673 1015/457/673 686/458/673
f 519/965/674 295/968/674 750/967/674 1015/457/674
f 750/967/675 312/964/675 751/456/675 1015/457/675
f 295/952/676 687/963/676 1016/449/676 750/450/676
f 687/963/677 112/301/677 464/302/677 1016/449/677
f 464/302/678 240/851/678 752/448/678 1016/449/678
f 17/11/679 354/839/679 1017/461/679 577/78/679
f 354/839/680 130/837/680 755/969/680 1017/461/680
f 1017/461/681 755/969/681 313/858/681 753/460/681
f 522/245/682 58/106/682 467/103/682 1018/463/682
f 243/859/683 754/467/683 1018/463/683 467/103/683
f 754/467/684 313/468/684 755/462/684 1018/463/684
f 754/467/685 243/859/685 635/970/685 1019/466/685
f 113/107/686 633/310/686 1019/466/686 635/970/686
f 633/310/687 241/307/687 756/465/687 1019/466/687
f 578/64/688 18/16/688 355/845/688 1020/470/688
f 131/472/689 759/473/689 1020/470/689 355/845/689
f 759/473/690 314/475/690 757/469/690 1020/470/690
f 59/278/691 634/482/691 1021/474/691 523/281/691
f 634/482/692 242/479/692 758/478/692 1021/474/692
f 1021/474/693 758/478/693 314/475/693 759/473/693
f 242/479/694 466/110/694 1022/477/694 758/478/694
f 466/110/695 113/107/695 635/970/695 1022/477/695
f 1022/477/696 635/970/696 243/859/696 760/476/696
f 59/278/697 411/829/697 1023/481/697 634/482/697
f 411/829/698 187/485/698 763/483/698 1023/481/698
f 1023/481/699 763/483/699 315/489/699 761/480/699
f 579/82/700 19/27/700 356/68/700 1024/484/700
f 132/819/701 762/488/701 1024/484/701 356/68/701
f 762/488/702 315/489/702 763/483/702 1024/484/702
f 762/488/703 132/819/703 524/820/703 1025/487/703
f 60/250/704 636/913/704 1025/487/704 524/820/704
f 636/913/705 244/860/705 764/486/705 1025/487/705
f 581/88/706 20/23/706 358/67/706 1026/491/706
f 134/493/707 767/494/707 1026/491/707 358/67/707
f 767/494/708 316/497/708 765/490/708 1026/491/708
f 62/115/709 471/116/709 1027/495/709 526/496/709
f 471/116/710 247/863/710 766/500/710 1027/495/710
f 1027/495/711 766/500/711 316/497/711 767/494/711
f 247/863/712 639/971/712 1028/499/712 766/500/712
f 639/971/713 114/122/713 637/320/713 1028/499/713
f 1028/499/714 637/320/714 245/321/714 768/498/714
f 21/12/715 359/35/715 1029/503/715 582/504/715
f 359/35/716 135/306/716 771/505/716 1029/503/716
f 1029/503/717 771/505/717 317/854/717 769/502/717
f 527/260/718 63/257/718 638/972/718 1030/506/718
f 246/912/719 770/911/719 1030/506/719 638/972/719
f 770/911/720 317/854/720 771/505/720 1030/506/720
f 770/509/721 246/865/721 470/121/721 1031/508/721
f 114/122/722 639/971/722 1031/508/722 470/121/722
f 639/971/723 247/863/723 772/507/723 1031/508/723
f 638/513/724 63/99/724 415/102/724 1032/512/724
f 191/459/725 775/515/725 1032/512/725 415/102/725
f 775/515/726 318/858/726 773/511/726 1032/512/726
f 22/11/727 360/840/727 1033/516/727 583/78/727
f 360/840/728 136/837/728 774/969/728 1033/516/728
f 1033/516/729 774/969/729 318/858/729 775/515/729
f 136/973/730 528/252/730 1034/519/730 774/520/730
f 528/252/731 64/249/731 640/915/731 1034/519/731
f 1034/519/732 640/915/732 248/866/732 776/518/732
f 23/11/733 362/839/733 1035/461/733 585/78/733
f 362/839/734 138/837/734 779/969/734 1035/461/734
f 1035/461/735 779/969/735 319/858/735 777/460/735
f 530/246/736 66/126/736 475/123/736 1036/522/736
f 251/867/737 778/526/737 1036/522/737 475/123/737
f 778/526/738 319/527/738 779/521/738 1036/522/738
f 778/526/739 251/867/739 643/974/739 1037/525/739
f 115/127/740 641/330/740 1037/525/740 643/974/740
f 641/330/741 249/327/741 780/524/741 1037/525/741
f 586/66/742 24/20/742 363/847/742 1038/529/742
f 139/531/743 783/532/743 1038/529/743 363/847/743
f 783/532/744 320/534/744 781/528/744 1038/529/744
f 67/282/745 642/541/745 1039/533/745 531/285/745
f 642/541/746 250/538/746 782/537/746 1039/533/746
f 1039/533/747 782/537/747 320/534/747 783/532/747
f 250/538/748 474/130/748 1040/536/748 782/537/748
f 474/130/749 115/127/749 643/974/749 1040/536/749
f 1040/536/750 643/974/750 251/867/750 784/535/750
f 67/282/751 419/832/751 1041/540/751 642/541/751
f 419/832/752 195/544/752 787/542/752 1041/540/752
f 1041/540/753 787/542/753 321/548/753 785/539/753
f 587/84/754 25/15/754 364/63/754 1042/543/754
f 140/814/755 786/547/755 1042/543/755 364/63/755
f 786/547/756 321/548/756 787/542/756 1042/543/756
f 786/547/757 140/814/757 532/815/757 1043/546/757
f 68/243/758 644/917/758 1043/546/758 532/815/758
f 644/917/759 252/868/759 788/545/759 1043/546/759
f 589/86/760 26/19/760 366/65/760 1044/550/760
f 142/552/761 791/553/761 1044/550/761 366/65/761
f 791/553/762 322/556/762 789/549/762 1044/550/762
f 70/135/763 479/136/763 1045/554/763 534/555/763
f 479/136/764 255/871/764 790/559/764 1045/554/764
f 1045/554/765 790/559/765 322/556/765 791/553/765
f 255/871/766 647/975/766 1046/558/766 790/559/766
f 647/975/767 116/142/767 645/340/767 1046/558/767
f 1046/558/768 645/340/768 253/341/768 792/557/768
f 27/12/769 367/39/769 1047/503/769 590/561/769
f 367/39/770 143/326/770 795/505/770 1047/503/770
f 1047/503/771 795/505/771 323/854/771 793/560/771
f 535/265/772 71/263/772 646/972/772 1048/506/772
f 254/912/773 794/916/773 1048/506/773 646/972/773
f 794/916/774 323/854/774 795/505/774 1048/506/774
f 794/564/775 254/873/775 478/141/775 1049/563/775
f 116/142/776 647/975/776 1049/563/776 478/141/776
f 647/975/777 255/871/777 796/562/777 1049/563/777
f 646/513/778 71/99/778 423/102/778 1050/512/778
f 199/459/779 799/515/779 1050/512/779 423/102/779
f 799/515/780 324/858/780 797/511/780 1050/512/780
f 28/11/781 368/840/781 1051/516/781 591/78/781
f 368/840/782 144/837/782 798/969/782 1051/516/782
f 1051/516/783 798/969/783 324/858/783 799/515/783
f 144/976/784 536/248/784 1052/568/784 798/569/784
f 536/248/785 72/247/785 648/919/785 1052/568/785
f 1052/568/786 648/919/786 256/874/786 800/567/786
f 29/8/787 370/75/787 1053/572/787 593/70/787
f 370/75/788 146/573/788 803/574/788 1053/572/788
f 803/574/789 325/577/789 801/571/789 1053/572/789
f 538/576/790 74/147/790 483/148/790 1054/575/790
f 259/877/791 802/580/791 1054/575/791 483/148/791
f 1054/575/792 802/580/792 325/577/792 803/574/792
f 802/580/793 259/877/793 651/977/793 1055/579/793
f 117/922/794 649/352/794 1055/579/794 651/977/794
f 649/352/795 257/349/795 804/578/795 1055/579/795
f 30/10/796 371/77/796 1056/583/796 594/584/796
f 371/77/797 147/585/797 807/586/797 1056/583/797
f 807/586/798 326/978/798 805/582/798 1056/583/798
f 539/262/799 75/261/799 650/979/799 1057/587/799
f 258/981/800 806/980/800 1057/587/800 650/979/800
f 1057/587/801 806/980/801 326/978/801 807/586/801
f 806/591/802 258/924/802 482/921/802 1058/590/802
f 117/922/803 651/977/803 1058/590/803 482/921/803
f 651/977/804 259/877/804 808/589/804 1058/590/804
f 31/7/805 373/69/805 1059/594/805 596/72/805
f 373/69/806 149/595/806 811/596/806 1059/594/806
f 811/596/807 327/599/807 809/593/807 1059/594/807
f 541/598/808 77/155/808 486/156/808 1060/597/808
f 262/880/809 810/602/809 1060/597/809 486/156/809
f 1060/597/810 810/602/810 327/599/810 811/596/810
f 810/602/811 262/880/811 654/982/811 1061/601/811
f 118/929/812 652/363/812 1061/601/812 654/982/812
f 652/363/813 260/360/813 812/600/813 1061/601/813
f 32/10/814 374/77/814 1062/583/814 597/584/814
f 374/77/815 150/585/815 815/586/815 1062/583/815
f 815/586/816 328/978/816 813/582/816 1062/583/816
f 542/262/817 78/261/817 653/979/817 1063/587/817
f 261/981/818 814/980/818 1063/587/818 653/979/818
f 1063/587/819 814/980/819 328/978/819 815/586/819
f 814/606/820 261/931/820 485/928/820 1064/605/820
f 118/929/821 654/982/821 1064/605/821 485/928/821
f 654/982/822 262/880/822 816/604/822 1064/605/822
f 33/5/823 376/73/823 1065/609/823 599/76/823
f 376/73/824 152/610/824 819/611/824 1065/609/824
f 819/611/825 329/614/825 817/608/825 1065/609/825
f 544/613/826 80/163/826 489/164/826 1066/612/826
f 265/883/827 818/617/827 1066/612/827 489/164/827
f 1066/612/828 818/617/828 329/614/828 819/611/828
f 818/617/829 265/883/829 657/983/829 1067/616/829
f 119/934/830 655/370/830 1067/616/830 657/983/830
f 655/370/831 263/367/831 820/615/831 1067/616/831
f 34/10/832 377/77/832 1068/583/832 600/584/832
f 377/77/833 153/585/833 823/586/833 1068/583/833
f 823/586/834 330/978/834 821/582/834 1068/583/834
f 545/262/835 81/261/835 656/979/835 1069/587/835
f 264/981/836 822/980/836 1069/587/836 656/979/836
f 1069/587/837 822/980/837 330/978/837 823/586/837
f 822/621/838 264/936/838 488/933/838 1070/620/838
f 119/934/839 657/983/839 1070/620/839 488/933/839
f 657/983/840 265/883/840 824/619/840 1070/620/840
f 35/6/841 379/71/841 1071/624/841 602/74/841
f 379/71/842 155/625/842 827/626/842 1071/624/842
f 827/626/843 331/629/843 825/623/843 1071/624/843
f 547/628/844 83/171/844 492/172/844 1072/627/844
f 268/886/845 826/632/845 1072/627/845 492/172/845
f 1072/627/846 826/632/846 331/629/846 827/626/846
f 826/632/847 268/886/847 660/984/847 1073/631/847
f 120/939/848 658/378/848 1073/631/848 660/984/848
f 658/378/849 266/375/849 828/630/849 1073/631/849
f 36/10/850 380/77/850 1074/583/850 603/584/850
f 380/77/851 156/585/851 831/586/851 1074/583/851
f 831/586/852 332/978/852 829/582/852 1074/583/852
f 548/262/853 84/261/853 659/979/853 1075/587/853
f 267/981/854 830/980/854 1075/587/854 659/979/854
f 1075/587/855 830/980/855 332/978/855 831/586/855
f 830/636/856 267/941/856 491/938/856 1076/635/856
f 120/939/857 660/984/857 1076/635/857 491/938/857
f 660/984/858 268/886/858 832/634/858 1076/635/858
f 605/80/859 37/32/859 382/852/859 1077/638/859
f 158/640/860 835/641/860 1077/638/860 382/852/860
f 835/641/861 333/985/861 833/637/861 1077/638/861
f 86/296/862 495/986/862 1078/642/862 550/299/862
f 495/986/863 271/988/863 834/987/863 1078/642/863
f 1078/642/864 834/987/864 333/985/864 835/641/864
f 271/990/865 663/989/865 1079/645/865 834/646/865
f 663/989/866 121/186/866 661/385/866 1079/645/866
f 1079/645/867 661/385/867 269/382/867 836/644/867
f 606/98/868 38/31/868 383/79/868 1080/648/868
f 159/992/869 839/991/869 1080/648/869 383/79/869
f 839/991/870 334/889/870 837/647/870 1080/648/870
f 87/275/871 662/660/871 1081/652/871 551/653/871
f 662/660/872 270/661/872 838/657/872 1081/652/872
f 1081/652/873 838/657/873 334/654/873 839/651/873
f 270/661/874 494/185/874 1082/656/874 838/657/874
f 494/185/875 121/186/875 663/989/875 1082/656/875
f 1082/656/876 663/989/876 271/990/876 840/655/876
f 662/660/877 87/275/877 439/276/877 1083/659/877
f 215/662/878 843/663/878 1083/659/878 439/276/878
f 843/663/879 335/666/879 841/658/879 1083/659/879
f 39/26/880 384/81/881 1084/664/881 607/665/880
f 384/81/881 160/827/882 842/669/882 1084/664/881
f 1084/664/883 842/669/883 335/666/883 843/663/883
f 160/827/882 552/828/884 1085/668/884 842/669/882
f 552/828/884 88/279/615 664/942/615 1085/668/884
f 1085/668/885 664/942/885 272/891/885 844/667/885
f 609/80/886 40/32/886 386/852/886 1086/638/886
f 162/640/887 847/641/887 1086/638/887 386/852/887
f 847/641/888 336/985/888 845/637/888 1086/638/888
f 90/296/889 499/986/889 1087/642/889 554/299/889
f 499/986/890 275/988/890 846/987/890 1087/642/890
f 1087/642/891 846/987/891 336/985/891 847/641/891
f 275/994/892 667/993/892 1088/672/892 846/673/892
f 667/993/893 122/194/893 665/396/893 1088/672/893
f 1088/672/894 665/396/894 273/393/894 848/671/894
f 610/98/895 41/31/895 387/79/895 1089/648/895
f 163/992/896 851/991/896 1089/648/896 387/79/896
f 851/991/897 337/889/897 849/647/897 1089/648/897
f 91/266/898 666/684/898 1090/676/898 555/677/898
f 666/684/899 274/685/899 850/681/899 1090/676/899
f 1090/676/900 850/681/900 337/678/900 851/675/900
f 274/685/901 498/193/901 1091/680/901 850/681/901
f 498/193/902 122/194/902 667/993/902 1091/680/902
f 1091/680/903 667/993/903 275/994/903 852/679/903
f 666/684/904 91/266/904 443/267/904 1092/683/904
f 219/686/905 855/687/905 1092/683/905 443/267/905
f 855/687/906 338/690/906 853/682/906 1092/683/906
f 42/14/907 388/83/908 1093/688/908 611/689/907
f 388/83/908 164/830/909 854/693/909 1093/688/908
f 1093/688/910 854/693/910 338/690/910 855/687/910
f 164/830/909 556/831/911 1094/692/911 854/693/909
f 556/831/911 92/283/624 668/943/624 1094/692/911
f 1094/692/912 668/943/912 276/893/912 856/691/912
f 613/80/913 43/32/913 390/852/913 1095/695/913
f 166/640/914 859/641/914 1095/695/914 390/852/914
f 859/641/915 339/985/915 857/694/915 1095/695/915
f 94/300/916 503/995/916 1096/697/916 558/303/916
f 503/995/917 279/997/917 858/996/917 1096/697/917
f 1096/697/918 858/996/918 339/985/918 859/641/918
f 279/999/919 671/998/919 1097/700/919 858/701/919
f 671/998/920 123/202/920 669/407/920 1097/700/920
f 1097/700/921 669/407/921 277/404/921 860/699/921
f 614/98/922 44/31/922 391/79/922 1098/648/922
f 167/992/923 863/991/923 1098/648/923 391/79/923
f 863/991/924 340/889/924 861/647/924 1098/648/924
f 95/269/925 670/712/925 1099/704/925 559/705/925
f 670/712/926 278/713/926 862/709/926 1099/704/926
f 1099/704/927 862/709/927 340/706/927 863/703/927
f 278/713/928 502/201/928 1100/708/928 862/709/928
f 502/201/929 123/202/929 671/998/929 1100/708/929
f 1100/708/930 671/998/930 279/999/930 864/707/930
f 670/712/931 95/269/931 447/270/931 1101/711/931
f 223/714/932 867/715/932 1101/711/932 447/270/932
f 867/715/933 341/718/933 865/710/933 1101/711/933
f 45/18/934 392/85/935 1102/716/935 615/717/934
f 392/85/935 168/833/936 866/721/936 1102/716/935
f 1102/716/937 866/721/937 341/718/937 867/715/937
f 168/833/936 560/834/938 1103/720/938 866/721/936
f 560/834/938 96/286/633 672/944/633 1103/720/938
f 1103/720/939 672/944/939 280/895/939 868/719/939
f 617/80/940 46/32/940 394/852/940 1104/695/940
f 170/640/941 871/641/941 1104/695/941 394/852/941
f 871/641/942 342/985/942 869/694/942 1104/695/942
f 98/300/943 507/995/943 1105/697/943 562/303/943
f 507/995/944 283/997/944 870/996/944 1105/697/944
f 1105/697/945 870/996/945 342/985/945 871/641/945
f 283/1001/946 675/1000/946 1106/724/946 870/725/946
f 675/1000/947 124/210/947 673/418/947 1106/724/947
f 1106/724/948 673/418/948 281/415/948 872/723/948
f 618/98/949 47/31/949 395/79/949 1107/648/949
f 171/992/950 875/991/950 1107/648/950 395/79/950
f 875/991/951 343/889/951 873/647/951 1107/648/951
f 99/272/952 674/736/952 1108/728/952 563/729/952
f 674/736/953 282/737/953 874/733/953 1108/728/953
f 1108/728/954 874/733/954 343/730/954 875/727/954
f 282/737/955 506/209/955 1109/732/955 874/733/955
f 506/209/956 124/210/956 675/1000/956 1109/732/956
f 1109/732/957 675/1000/957 283/1001/957 876/731/957
f 674/736/958 99/272/958 451/273/958 1110/735/958
f 227/738/959 879/739/959 1110/735/959 451/273/959
f 879/739/960 344/742/960 877/734/960 1110/735/960
f 48/22/961 396/87/962 1111/740/962 619/741/961
f 396/87/962 172/835/963 878/745/963 1111/740/962
f 1111/740/964 878/745/964 344/742/964 879/739/964
f 172/835/963 564/836/965 1112/744/965 878/745/963
f 564/836/965 100/289/642 676/945/642 1112/744/965
f 1112/744/966 676/945/966 284/897/966 880/743/966
f 49/4/967 398/95/967 1113/748/967 621/90/967
f 398/95/968 174/749/968 883/750/968 1113/748/968
f 883/750/969 345/753/969 881/747/969 1113/748/969
f 566/752/970 102/215/970 511/216/970 1114/751/970
f 287/900/971 882/756/971 1114/751/971 511/216/971
f 1114/751/972 882/756/972 345/753/972 883/750/972
f 882/756/973 287/900/973 679/1002/973 1115/755/973
f 125/948/974 677/429/974 1115/755/974 679/1002/974
f 677/429/975 285/426/975 884/754/975 1115/755/975
f 50/30/976 399/97/976 1116/759/976 622/760/976
f 399/97/977 175/761/977 887/762/977 1116/759/977
f 887/762/978 346/1003/978 885/758/978 1116/759/978
f 567/764/979 103/1005/979 678/1004/979 1117/763/979
f 286/1007/980 886/1006/980 1117/763/980 678/1004/980
f 1117/763/981 886/1006/981 346/1003/981 887/762/981
f 886/768/982 286/950/982 510/947/982 1118/767/982
f 125/948/983 679/1002/983 1118/767/983 510/947/983
f 679/1002/984 287/900/984 888/766/984 1118/767/984
f 51/3/985 401/89/985 1119/771/985 624/92/985
f 401/89/986 177/772/986 891/773/986 1119/771/986
f 891/773/987 347/776/987 889/770/987 1119/771/987
f 569/775/988 105/223/988 514/224/988 1120/774/988
f 290/903/989 890/779/989 1120/774/989 514/224/989
f 1120/774/990 890/779/990 347/776/990 891/773/990
f 890/779/991 290/903/991 682/1008/991 1121/778/991
f 126/955/992 680/440/992 1121/778/992 682/1008/992
f 680/440/993 288/437/993 892/777/993 1121/778/993
f 52/30/994 402/97/994 1122/759/994 625/760/994
f 402/97/995 178/761/995 895/762/995 1122/759/995
f 895/762/996 348/1003/996 893/758/996 1122/759/996
f 570/764/997 106/1005/997 681/1004/997 1123/763/997
f 289/1007/998 894/1006/998 1123/763/998 681/1004/998
f 1123/763/999 894/1006/999 348/1003/999 895/762/999
f 894/783/1000 289/957/1000 513/954/1000 1124/782/1000
f 126/955/1001 682/1008/1001 1124/782/1001 513/954/1001
f 682/1008/1002 290/903/1002 896/781/1002 1124/782/1002
f 53/2/1003 404/91/1003 1125/786/1003 627/94/1003
f 404/91/1004 180/787/1004 899/788/1004 1125/786/1004
f 899/788/1005 349/791/1005 897/785/1005 1125/786/1005
f 572/790/1006 108/231/1006 517/232/1006 1126/789/1006
f 293/906/1007 898/794/1007 1126/789/1007 517/232/1007
f 1126/789/1008 898/794/1008 349/791/1008 899/788/1008
f 898/794/1009 293/906/1009 685/1009/1009 1127/793/1009
f 127/960/1010 683/447/1010 1127/793/1010 685/1009/1010
f 683/447/1011 291/444/1011 900/792/1011 1127/793/1011
f 54/30/1012 405/97/1012 1128/759/1012 628/760/1012
f 405/97/1013 181/761/1013 903/762/1013 1128/759/1013
f 903/762/1014 350/1003/1014 901/758/1014 1128/759/1014
f 573/764/1015 109/1005/1015 684/1004/1015 1129/763/1015
f 292/1007/1016 902/1006/1016 1129/763/1016 684/1004/1016
f 1129/763/1017 902/1006/1017 350/1003/1017 903/762/1017
f 902/798/1018 292/962/1018 516/959/1018 1130/797/1018
f 127/960/1019 685/1009/1019 1130/797/1019 516/959/1019
f 685/1009/1020 293/906/1020 904/796/1020 1130/797/1020
f 55/1/1021 407/93/1021 1131/801/1021 630/96/1021
f 407/93/1022 183/802/1022 907/803/1022 1131/801/1022
f 907/803/1023 351/806/1023 905/800/1023 1131/801/1023
f 575/805/1024 111/239/1024 520/240/1024 1132/804/1024
f 296/909/1025 906/809/1025 1132/804/1025 520/240/1025
f 1132/804/1026 906/809/1026 351/806/1026 907/803/1026
f 906/809/1027 296/909/1027 688/1010/1027 1133/808/1027
f 128/966/1028 686/458/1028 1133/808/1028 688/1010/1028
f 686/458/1029 294/455/1029 908/807/1029 1133/808/1029
f 56/30/1030 408/97/1030 1134/759/1030 631/760/1030
f 408/97/1031 184/761/1031 911/762/1031 1134/759/1031
f 911/762/1032 352/1003/1032 909/758/1032 1134/759/1032
f 576/764/1033 112/1005/1033 687/1004/1033 1135/763/1033
f 295/1007/1034 910/1006/1034 1135/763/1034 687/1004/1034
f 1135/763/1035 910/1006/1035 352/1003/1035 911/762/1035
f 910/813/1036 295/968/1036 519/965/1036 1136/812/1036
f 128/966/1037 688/1010/1037 1136/812/1037 519/965/1037
f 688/1010/1038 296/909/1038 912/811/1038 1136/812/1038
f 186/471/1039 140/814/1039 364/63/1039 578/64/1039
f 194/530/1040 142/552/1040 366/65/1040 586/66/1040
f 200/816/1041 134/493/1041 358/67/1041 592/40/1041
f 192/818/1042 132/819/1042 356/68/1042 584/36/1042
f 201/570/1043 149/595/1043 373/69/1043 593/70/1043
f 204/592/1044 155/625/1044 379/71/1044 596/72/1044
f 210/622/1045 152/610/1045 376/73/1045 602/74/1045
f 207/607/1046 146/573/1046 370/75/1046 599/76/1046
f 191/459/1047 150/585/1047 374/77/1047 583/78/1047
f 203/822/1048 129/306/1048 353/35/1048 595/43/1048
f 199/459/1049 156/585/1049 380/77/1049 591/78/1049
f 193/459/1050 153/585/1050 377/77/1050 585/78/1050
f 213/639/1051 163/992/1051 387/79/1051 605/80/1051
f 217/639/1052 167/992/1052 391/79/1052 609/80/1052
f 221/696/1053 171/992/1053 395/79/1053 613/80/1053
f 225/696/1054 159/992/1054 383/79/1054 617/80/1054
f 579/82/51 187/485/319 160/827/319 384/81/51
f 587/84/52 195/544/321 164/830/321 388/83/52
f 589/86/53 197/551/323 168/833/323 392/85/53
f 581/88/54 189/492/325 172/835/325 396/87/54
f 229/746/1055 177/772/1055 401/89/1055 621/90/1055
f 232/769/1056 180/787/1056 404/91/1056 624/92/1056
f 235/784/1057 183/802/1057 407/93/1057 627/94/1057
f 238/799/1058 174/749/1058 398/95/1058 630/96/1058
f 214/649/1059 175/761/1059 399/97/1059 606/98/1059
f 218/649/1060 178/761/1060 402/97/1060 610/98/1060
f 222/649/1061 181/761/1061 405/97/1061 614/98/1061
f 226/649/1062 184/761/1062 408/97/1062 618/98/1062
f 130/464/1063 196/918/1063 420/244/1063 522/245/1063
f 138/523/1064 198/870/1064 422/138/1064 530/246/1064
f 144/976/1065 190/862/1065 414/118/1065 536/248/1065
f 136/973/1066 188/914/1066 412/251/1066 528/252/1066
f 145/346/1067 205/879/1067 429/158/1067 537/253/1067
f 148/357/1068 211/885/1068 435/174/1068 540/254/1068
f 154/372/1069 208/882/1069 432/166/1069 546/255/1069
f 151/364/1070 202/876/1070 426/150/1070 543/256/1070
f 135/306/1071 206/822/1071 430/259/1071 527/260/1071
f 147/585/1072 185/459/1072 409/102/1072 539/262/1072
f 143/326/1073 212/843/1073 436/259/1073 535/265/1073
f 137/326/1074 209/843/1074 433/259/1074 529/265/1074
f 157/381/1075 219/686/1075 443/267/1075 549/268/1075
f 161/392/1076 223/714/1076 447/270/1076 553/271/1076
f 165/403/1077 227/738/1077 451/273/1077 557/274/1077
f 169/414/1078 215/662/1078 439/276/1078 561/277/1078
f 131/472/351 216/844/351 440/280/120 523/281/120
f 139/531/353 220/846/353 444/284/122 531/285/122
f 141/335/355 224/848/355 448/287/124 533/288/124
f 133/315/357 228/849/357 452/290/126 525/291/126
f 173/423/1079 233/902/1079 457/226/1079 565/292/1079
f 176/434/1080 236/905/1080 460/234/1080 568/293/1080
f 179/441/1081 239/908/1081 463/242/1081 571/294/1081
f 182/452/1082 230/899/1082 454/218/1082 574/295/1082
f 158/640/1083 231/851/1083 455/298/1083 550/299/1083
f 162/640/1084 234/851/1084 458/298/1084 554/299/1084
f 166/640/1085 237/851/1085 461/302/1085 558/303/1085
f 170/640/1086 240/851/1086 464/302/1086 562/303/1086
f 58/106/1087 68/243/1087 532/815/1087 410/105/1087
f 66/126/1088 70/135/1088 534/555/1088 418/125/1088
f 72/247/1089 62/115/1089 526/496/1089 424/817/1089
f 64/249/1090 60/250/1090 524/820/1090 416/821/1090
f 73/143/1091 77/155/1091 541/598/1091 425/146/1091
f 76/151/1092 83/171/1092 547/628/1092 428/154/1092
f 82/167/1093 80/163/1093 544/613/1093 434/170/1093
f 79/159/1094 74/147/1094 538/576/1094 431/162/1094
f 63/99/1095 78/261/1095 542/262/1095 415/102/1095
f 75/258/1096 57/257/1096 521/260/1096 427/259/1096
f 71/99/1097 84/261/1097 548/262/1097 423/102/1097
f 65/99/1098 81/261/1098 545/262/1098 417/102/1098
f 85/178/1099 91/266/1099 555/677/1099 437/177/1099
f 89/190/1100 95/269/1100 559/705/1100 441/189/1100
f 93/198/1101 99/272/1101 563/729/1101 445/197/1101
f 97/206/1102 87/275/1102 551/653/1102 449/205/1102
f 59/278/119 88/279/119 552/828/320 411/829/320
f 67/282/121 92/283/121 556/831/322 419/832/322
f 69/134/123 96/286/123 560/834/324 421/133/324
f 61/114/125 100/289/125 564/836/326 413/113/326
f 101/211/1103 105/223/1103 569/775/1103 453/214/1103
f 104/219/1104 108/231/1104 572/790/1104 456/222/1104
f 107/227/1105 111/239/1105 575/805/1105 459/230/1105
f 110/235/1106 102/215/1106 566/752/1106 462/238/1106
f 86/182/1107 103/1005/1107 567/764/1107 438/181/1107
f 90/182/1108 106/1005/1108 570/764/1108 442/181/1108
f 94/182/1109 109/1005/1109 573/764/1109 446/181/1109
f 98/182/1110 112/1005/1110 576/764/1110 450/181/1110
f 17/11/1111 3/12/1111 588/33/1111 354/839/1111
f 23/11/1112 27/12/1112 590/561/1112 362/839/1112
f 28/11/1113 21/12/1113 582/504/1113 368/840/1113
f 22/11/1114 1/12/1114 580/33/1114 360/840/1114
f 5/9/1115 32/10/1115 597/584/1115 369/45/1115
f 6/9/1116 36/10/1116 603/584/1116 372/45/1116
f 8/9/1117 34/10/1117 600/584/1117 378/45/1117
f 7/9/1118 30/10/1118 594/584/1118 375/45/1118
f 21/12/1119 6/9/1119 598/43/1119 359/35/1119
f 30/10/1120 17/11/1120 577/78/1120 371/77/1120
f 27/12/1121 8/9/1121 604/46/1121 367/39/1121
f 3/12/1122 7/9/1122 601/46/1122 361/39/1122
f 9/13/1123 42/14/1123 611/689/1123 381/49/1123
f 10/17/1124 45/18/1124 615/717/1124 385/52/1124
f 11/21/1125 48/22/1125 619/741/1125 389/55/1125
f 12/25/1126 39/26/1126 607/665/1126 393/58/1126
f 18/16/7 9/13/7 608/47/352 355/845/352
f 24/20/9 10/17/9 612/50/354 363/847/354
f 4/24/11 11/21/11 616/53/356 365/42/356
f 2/28/13 12/25/13 620/56/358 357/38/358
f 13/29/1127 52/30/1127 625/760/1127 397/61/1127
f 14/29/1128 54/30/1128 628/760/1128 400/61/1128
f 15/29/1129 56/30/1129 631/760/1129 403/62/1129
f 16/29/1130 50/30/1130 622/760/1130 406/62/1130
f 37/32/1131 13/29/1131 623/59/1131 382/852/1131
f 40/32/1132 14/29/1132 626/59/1132 386/852/1132
f 43/32/1133 15/29/1133 629/59/1133 390/852/1133
f 46/32/1134 16/29/1134 632/59/1134 394/852/1134

v -29.077152 -30.211288 29.077156
v -29.157150 -30.131289 -29.077148
v 29.077152 -30.131289 -29.157146
v 29.077152 -30.211288 29.077156
v -29.077152 -29.491289 29.157154
v -29.157150 -29.491289 -29.077148
v 29.077152 -29.491289 -29.157146
v 29.157150 -29.491289 29.077156
v -29.077152 -30.131289 29.157154
v -29.157150 -30.131289 29.077156
v -29.077152 -30.131289 -29.157146
v -29.077152 -30.211288 -29.077148
v 29.157150 -30.131289 -29.077148
v 29.077152 -30.211288 -29.077148
v 29.157150 -30.131289 29.077156
v 29.077152 -30.131289 29.157154
v -29.077152 -29.411288 29.077156
v -29.157150 -29.491289 29.077156
v -29.077152 -29.411288 -29.077148
v -29.077152 -29.491289 -29.157146
v 29.077152 -29.411288 -29.077148
v 29.157150 -29.491289 -29.077148
v 29.077152 -29.411288 29.077156
v 29.077152 -29.491289 29.157154
v -29.077152 -30.191289 29.137156
v -29.137152 -30.131289 29.137156
v -29.137152 -30.191289 29.077156
v -29.137152 -30.131289 -29.137148
v -29.077152 -30.191289 -29.137148
v -29.137152 -30.191289 -29.077148
v 29.137152 -30.131289 -29.137148
v 29.137152 -30.191289 -29.077148
v 29.077152 -30.191289 -29.137148
v 29.137152 -30.191289 29.077156
v 29.137152 -30.131289 29.137156
v 29.077152 -30.191289 29.137156
v -29.077152 -29.431289 29.137156
v -29.137152 -29.431289 29.077156
v -29.137152 -29.491289 29.137156
v -29.137152 -29.431289 -29.077148
v -29.077152 -29.431289 -29.137148
v -29.137152 -29.491289 -29.137148
v 29.077152 -29.431289 -29.137148
v 29.137152 -29.431289 -29.077148
v 29.137152 -29.491289 -29.137148
v 29.137152 -29.431289 29.077156
v 29.077152 -29.431289 29.137156
v 29.137152 -29.491289 29.137156
v -29.126728 -30.180860 29.126732
v -29.126728 -30.180858 -29.126724
v 29.126728 -30.180858 -29.126724
v 29.126728 -30.180860 29.126732
v -29.126728 -29.441722 29.126732
v -29.126728 -29.441722 -29.126724
v 29.126728 -29.441722 -29.126724
v 29.126728 -29.441722 29.126732
v -29.077152 -30.207197 29.109251
v -29.109251 -30.131289 29.153069
v -29.153059 -30.163385 29.077152
v -29.153065 -30.131289 -29.109247
v -29.077152 -30.163386 -29.153061
v -29.109251 -30.207196 -29.077145
v 29.109251 -30.131289 -29.153061
v 29.153065 -30.163386 -29.077148
v 29.077148 -30.207196 -29.109247
v 29.109247 -30.207197 29.077156
v 29.153065 -30.131289 29.109255
v 29.077148 -30.163385 29.153063
v -29.077152 -29.459191 29.153065
v -29.109247 -29.415381 29.077156
v -29.153059 -29.491288 29.109255
v -29.153061 -29.459191 -29.077148
v -29.077152 -29.415381 -29.109243
v -29.109251 -29.491288 -29.153055
v 29.077152 -29.459191 -29.153057
v 29.109247 -29.415381 -29.077148
v 29.153059 -29.491288 -29.109247
v 29.153061 -29.459191 29.077156
v 29.077152 -29.415381 29.109251
v 29.109251 -29.491288 29.153063
v -29.077148 -30.163385 29.153063
v -29.153059 -30.131289 29.109255
v -29.109247 -30.207197 29.077156
v -29.109251 -30.131289 -29.153055
v -29.077148 -30.207196 -29.109247
v -29.153065 -30.163386 -29.077148
v 29.153059 -30.131289 -29.109247
v 29.109251 -30.207196 -29.077145
v 29.077152 -30.163386 -29.153061
v 29.153059 -30.163385 29.077152
v 29.109251 -30.131289 29.153063
v 29.077152 -30.207197 29.109251
v -29.077148 -29.415381 29.109251
v -29.153059 -29.459192 29.077152
v -29.109251 -29.491290 29.153069
v -29.109247 -29.415381 -29.077145
v -29.077148 -29.459192 -29.153055
v -29.153065 -29.491290 -29.109247
v 29.077148 -29.415381 -29.109243
v 29.153059 -29.459192 -29.077145
v 29.109251 -29.491290 -29.153061
v 29.109247 -29.415381 29.077152
v 29.077148 -29.459192 29.153063
v 29.153065 -29.491290 29.109255
v -29.108755 -30.189182 29.135054
v -29.135050 -30.189182 29.108759
v -29.135050 -30.162889 29.135054
v -29.135050 -30.162889 -29.135046
v -29.135050 -30.189181 -29.108751
v -29.108755 -30.189181 -29.135046
v 29.135050 -30.162889 -29.135046
v 29.108755 -30.189181 -29.135046
v 29.135050 -30.189181 -29.108751
v 29.135050 -30.189182 29.108759
v 29.108755 -30.189182 29.135054
v 29.135050 -30.162889 29.135054
v -29.108755 -29.433398 29.135054
v -29.135050 -29.459691 29.135054
v -29.135050 -29.433398 29.108759
v -29.135050 -29.433398 -29.108751
v -29.135050 -29.459691 -29.135046
v -29.108755 -29.433398 -29.135046
v 29.108755 -29.433398 -29.135046
v 29.135050 -29.459691 -29.135046
v 29.135050 -29.433398 -29.108751
v 29.135050 -29.433398 29.108759
v 29.135050 -29.459691 29.135054
v 29.108755 -29.433398 29.135054
v -29.110914 -30.203508 29.110918
v -29.149374 -30.165048 -29.110910
v 29.110914 -30.165048 -29.149370
v 29.110914 -30.203508 29.110918
v -29.110914 -29.457531 29.149378
v -29.149374 -29.457531 -29.110910
v 29.110914 -29.457531 -29.149370
v 29.149374 -29.457531 29.110918
v -29.110914 -30.165050 29.149378
v -29.149374 -30.165048 29.110918
v -29.110914 -30.165048 -29.149370
v -29.110914 -30.203508 -29.110910
v 29.149374 -30.165048 -29.110910
v 29.110914 -30.203508 -29.110910
v 29.149374 -30.165050 29.110918
v 29.110914 -30.165048 29.149378
v -29.110914 -29.419072 29.110918
v -29.149374 -29.457532 29.110918
v -29.110914 -29.419072 -29.110910
v -29.110914 -29.457532 -29.149370
v 29.110914 -29.419072 -29.110910
v 29.149374 -29.457532 -29.110910
v 29.110914 -29.419072 29.110918
v 29.110914 -29.457532 29.149378
# 152 vertices

vn 0.000000 1.000000 0.000000
vn -0.114244 -0.986862 0.114244
vn -0.986875 -0.114193 -0.114186
vn 0.114186 -0.114193 -0.986875
vn 0.114244 -0.986862 0.114244
vn -0.114133 0.114251 0.986874
vn -0.986874 0.114250 -0.114133
vn 0.114133 0.114250 -0.986874
vn 0.986874 0.114251 0.114133
vn -0.126472 -0.991970 -0.000000
vn 0.000000 -0.991967 -0.126494
vn 0.126472 -0.991970 -0.000000
vn 0.000000 -0.991973 0.126450
vn 0.000000 0.991966 -0.126508
vn -0.126508 0.991966 0.000000
vn 0.000000 0.991966 0.126508
vn 0.126508 0.991966 0.000000
vn -0.991975 0.000000 0.126436
vn -0.991997 0.000000 -0.126262
vn 0.126262 0.000000 -0.991997
vn 0.991997 0.000000 0.126262
vn -0.080627 -0.504234 0.859795
vn -0.859800 -0.080599 0.504231
vn -0.504231 -0.080604 -0.859799
vn -0.080693 -0.859763 -0.504278
vn 0.859799 -0.080604 -0.504231
vn 0.504278 -0.859763 -0.080693
vn 0.859795 -0.504234 0.080627
vn 0.504231 -0.080599 0.859800
vn -0.080742 0.859788 0.504227
vn -0.859792 0.504230 0.080682
vn -0.504227 0.859788 -0.080742
vn -0.080669 0.504218 -0.859801
vn 0.080742 0.859788 -0.504227
vn 0.859801 0.504218 -0.080669
vn 0.504227 0.859788 0.080742
vn 0.080682 0.504230 0.859792
vn -0.868709 -0.495323 0.000000
vn 0.000000 -0.495403 -0.868663
vn 0.868709 -0.495323 0.000000
vn 0.000000 -0.495243 0.868754
vn -0.000000 0.495279 -0.868734
vn -0.868727 0.495291 0.000000
vn 0.000000 0.495291 0.868727
vn 0.868734 0.495279 -0.000000
vn -0.495429 0.000000 0.868648
vn -0.495294 0.000000 -0.868725
vn 0.868725 0.000000 -0.495294
vn 0.495294 0.000000 0.868725
vn -0.080695 -0.859790 0.504231
vn -0.514270 -0.686333 0.514270
vn -0.504231 -0.859790 0.080695
vn -0.859756 -0.080669 -0.504294
vn -0.686297 -0.514313 -0.514276
vn -0.859749 -0.504297 -0.080722
vn 0.504294 -0.080669 -0.859756
vn 0.514276 -0.514313 -0.686297
vn 0.080722 -0.504297 -0.859749
vn 0.504231 -0.859790 0.080695
vn 0.514270 -0.686333 0.514270
vn 0.080695 -0.859790 0.504231
vn -0.080694 0.504270 0.859767
vn -0.514286 0.514323 0.686281
vn -0.504295 0.080670 0.859755
vn -0.859775 0.504255 -0.080707
vn -0.686297 0.514313 -0.514276
vn -0.859756 0.080669 -0.504294
vn 0.080707 0.504255 -0.859775
vn 0.514276 0.514313 -0.686297
vn 0.504294 0.080669 -0.859756
vn 0.859767 0.504270 0.080694
vn 0.686281 0.514323 0.514286
vn 0.859755 0.080670 0.504295
vn -0.114086 -0.114289 0.986875
vn -0.504299 -0.080664 0.859753
vn -0.514262 -0.514300 0.686316
vn -0.986873 -0.114205 0.114184
vn -0.859803 -0.504218 0.080640
vn -0.686332 -0.514289 0.514252
vn -0.114277 -0.114108 -0.986874
vn -0.080722 -0.504297 -0.859749
vn -0.514276 -0.514313 -0.686297
vn -0.114247 -0.986861 -0.114247
vn -0.504278 -0.859763 -0.080693
vn -0.514313 -0.686268 -0.514313
vn 0.986874 -0.114108 -0.114277
vn 0.859749 -0.504297 -0.080722
vn 0.686297 -0.514313 -0.514276
vn 0.114247 -0.986861 -0.114247
vn 0.080693 -0.859763 -0.504278
vn 0.514313 -0.686268 -0.514313
vn 0.986875 -0.114289 0.114086
vn 0.859753 -0.080664 0.504299
vn 0.686316 -0.514300 0.514263
vn 0.114184 -0.114205 0.986873
vn 0.080640 -0.504218 0.859803
vn 0.514252 -0.514289 0.686332
vn -0.114293 0.986849 0.114307
vn -0.504231 0.859786 0.080745
vn -0.514297 0.686292 0.514297
vn -0.986872 0.114210 0.114190
vn -0.859799 0.080608 0.504231
vn -0.686297 0.514313 0.514276
vn -0.114307 0.986849 -0.114293
vn -0.080745 0.859786 -0.504231
vn -0.514297 0.686292 -0.514297
vn -0.114183 0.114210 -0.986873
vn -0.504232 0.080605 -0.859798
vn -0.514276 0.514313 -0.686297
vn 0.114293 0.986849 -0.114307
vn 0.504231 0.859786 -0.080745
vn 0.514297 0.686292 -0.514297
vn 0.986873 0.114210 -0.114183
vn 0.859798 0.080605 -0.504232
vn 0.686297 0.514313 -0.514276
vn 0.114307 0.986849 0.114293
vn 0.080745 0.859786 0.504231
vn 0.514297 0.686292 0.514297
vn 0.114190 0.114210 0.986872
vn 0.504231 0.080608 0.859799
vn 0.514276 0.514313 0.686297
vn -0.495269 -0.868740 -0.000000
vn 0.000000 -0.868725 -0.495294
vn 0.495269 -0.868740 -0.000000
vn 0.000000 -0.868754 0.495243
vn 0.000000 0.868754 -0.495243
vn -0.495243 0.868754 0.000000
vn 0.000000 0.868754 0.495243
vn 0.495243 0.868754 0.000000
vn -0.868725 0.000000 0.495294
vn -0.868648 0.000000 -0.495429
vn 0.495429 0.000000 -0.868648
vn 0.868648 0.000000 0.495429
vn -0.991985 -0.126356 0.000000
vn 0.000000 -0.126269 -0.991996
vn 0.991985 -0.126356 0.000000
vn 0.000000 -0.126443 0.991974
vn -0.000000 0.126410 -0.991978
vn -0.991978 0.126410 0.000000
vn 0.000000 0.126414 0.991978
vn 0.991978 0.126414 -0.000000
vn -0.126262 0.000000 0.991997
vn -0.126436 0.000000 -0.991975
vn 0.991975 0.000000 -0.126436
vn 0.126436 0.000000 0.991975
# 145 normals

vt 0.001372 0.001372 0.000000
vt 0.001372 0.998628 0.000000
vt 0.998628 0.998628 0.000000
vt 0.998628 0.001372 0.000000
vt 1.000000 0.998628 0.000000
vt 1.000000 0.001372 0.000000
vt 0.001372 1.000000 0.000000
vt 0.998628 1.000000 0.000000
vt 0.000000 0.001372 0.000000
vt 0.000000 0.998628 0.000000
vt 0.998628 0.000000 0.000000
vt 0.001372 0.000000 0.000000
vt 0.998971 0.001372 0.000000
vt 0.998885 0.001115 0.000000
vt 0.998628 0.001029 0.000000
vt 0.999657 0.998628 0.000000
vt 0.999486 0.998885 0.000000
vt 0.999657 0.998971 0.000000
vt 0.001372 0.999657 0.000000
vt 0.001115 0.999486 0.000000
vt 0.001029 0.999657 0.000000
vt 0.001372 0.001029 0.000000
vt 0.001115 0.001115 0.000000
vt 0.001029 0.001372 0.000000
vt 0.998971 0.000343 0.000000
vt 0.998885 0.000515 0.000000
vt 0.998628 0.000343 0.000000
vt 0.000343 0.001029 0.000000
vt 0.000514 0.001115 0.000000
vt 0.000343 0.001372 0.000000
vt 0.998971 0.998628 0.000000
vt 0.001372 0.998971 0.000000
vt 0.998628 0.998971 0.000000
vt 0.001029 0.998628 0.000000
vt 0.999657 0.001029 0.000000
vt 0.998628 0.000686 0.000000
vt 0.998800 0.000857 0.000000
vt 0.998885 0.000600 0.000000
vt 0.999314 0.000686 0.000000
vt 0.999143 0.000857 0.000000
vt 0.999400 0.001115 0.000000
vt 0.999314 0.999314 0.000000
vt 0.999314 0.999143 0.000000
vt 0.998971 0.999400 0.000000
vt 0.998971 0.999657 0.000000
vt 0.998628 0.999314 0.000000
vt 0.998971 0.999143 0.000000
vt 0.998971 0.998885 0.000000
vt 0.000686 0.999314 0.000000
vt 0.000857 0.999314 0.000000
vt 0.000600 0.998971 0.000000
vt 0.000343 0.998971 0.000000
vt 0.000686 0.998628 0.000000
vt 0.000857 0.998971 0.000000
vt 0.001115 0.998971 0.000000
vt 0.000686 0.001372 0.000000
vt 0.000857 0.001200 0.000000
vt 0.000600 0.001115 0.000000
vt 0.000686 0.000686 0.000000
vt 0.000857 0.000857 0.000000
vt 0.001115 0.000600 0.000000
vt 0.001029 0.000343 0.000000
vt 0.998800 0.000686 0.000000
vt 0.998885 0.001029 0.000000
vt 0.999314 0.001372 0.000000
vt 0.999143 0.001029 0.000000
vt 0.999400 0.001029 0.000000
vt 0.999657 0.001372 0.000000
vt 0.999314 0.998628 0.000000
vt 0.999314 0.998800 0.000000
vt 0.998628 0.999657 0.000000
vt 0.001372 0.999314 0.000000
vt 0.001200 0.999314 0.000000
vt 0.000343 0.998628 0.000000
vt 0.000686 0.001200 0.000000
vt 0.001029 0.001115 0.000000
vt 0.001372 0.000686 0.000000
vt 0.001029 0.000857 0.000000
vt 0.001029 0.000600 0.000000
vt 0.001372 0.000343 0.000000
vt 0.999143 0.001200 0.000000
vt 0.998971 0.001029 0.000000
vt 0.999314 0.998971 0.000000
vt 0.001029 0.999314 0.000000
vt 0.001200 0.000857 0.000000
vt 0.001029 0.001029 0.000000
vt 0.999143 0.000686 0.000000
vt 0.998971 0.000686 0.000000
vt 0.000686 0.000857 0.000000
vt 0.000686 0.001029 0.000000
# 90 texture coordinates

g ?????????_1
usemtl glass_frosted_base
f 1137/1014/1 1148/1013/1 1150/1012/1 1140/1011/1
f 1157/1012/1135 1155/1013/1135 1153/1014/1135 1159/1011/1135
f 1138/1015/6 1146/1016/6 1154/1016/6 1142/1015/6
f 1139/1017/5 1147/1018/5 1156/1018/5 1143/1017/5
f 1151/1019/4 1149/1020/4 1158/1020/4 1144/1019/4
f 1145/1021/3 1152/1022/3 1160/1022/3 1141/1021/3
f 1137/1014/1136 1193/1025/1136 1265/1024/1136 1219/1023/1136
f 1138/1015/1137 1196/1028/1137 1266/1027/1137 1222/1026/1137
f 1139/1017/1138 1199/1031/1138 1267/1030/1138 1225/1029/1138
f 1140/1011/1139 1202/1034/1139 1268/1033/1139 1228/1032/1139
f 1141/1021/1140 1205/1037/1140 1269/1036/1140 1231/1035/1140
f 1142/1015/1141 1208/1026/1141 1270/1027/1141 1234/1028/1141
f 1143/1017/1142 1211/1029/1142 1271/1030/1142 1237/1031/1142
f 1144/1019/1143 1214/1040/1143 1272/1039/1143 1240/1038/1143
f 1219/1023/1144 1198/1041/1144 1148/1013/1144 1137/1014/1144
f 1221/1043/1145 1201/1042/1145 1150/1012/1145 1148/1013/1145
f 1224/1044/1146 1202/1034/1146 1140/1011/1146 1150/1012/1146
f 1228/1032/1147 1193/1025/1147 1137/1014/1147 1140/1011/1147
f 1235/1042/1148 1209/1043/1148 1155/1013/1148 1157/1012/1148
f 1232/1041/1149 1206/1023/1149 1153/1014/1149 1155/1013/1149
f 1229/1025/1150 1215/1032/1150 1159/1011/1150 1153/1014/1150
f 1238/1034/1151 1212/1044/1151 1157/1012/1151 1159/1011/1151
f 1218/1045/1152 1207/1045/1152 1154/1016/1152 1146/1016/1152
f 1234/1028/1153 1196/1028/1153 1138/1015/1153 1142/1015/1153
f 1237/1031/1154 1199/1031/1154 1139/1017/1154 1143/1017/1154
f 1240/1038/1155 1203/1038/1155 1151/1019/1155 1144/1019/1155
f 1217/1037/1156 1273/1048/1156 1241/1047/1156 1161/1046/1156
f 1218/1045/1157 1274/1051/1157 1243/1050/1157 1162/1049/1157
f 1220/1055/1158 1275/1054/1158 1244/1053/1158 1164/1052/1158
f 1221/1043/1159 1276/1058/1159 1246/1057/1159 1165/1056/1159
f 1223/1062/1160 1277/1061/1160 1247/1060/1160 1167/1059/1160
f 1224/1044/1161 1278/1065/1161 1249/1064/1161 1168/1063/1161
f 1226/1040/1162 1279/1068/1162 1250/1067/1162 1170/1066/1162
f 1227/1072/1163 1280/1071/1163 1252/1070/1163 1171/1069/1163
f 1229/1025/1164 1281/1074/1164 1253/1073/1164 1173/1046/1164
f 1230/1078/1165 1282/1077/1165 1255/1076/1165 1174/1075/1165
f 1232/1041/1166 1283/1058/1166 1256/1080/1166 1176/1079/1166
f 1233/1081/1167 1284/1054/1167 1258/1057/1167 1177/1056/1167
f 1235/1042/1168 1285/1065/1168 1259/1083/1168 1179/1082/1168
f 1236/1084/1169 1286/1061/1169 1261/1064/1169 1180/1063/1169
f 1238/1034/1170 1287/1086/1170 1262/1085/1170 1182/1066/1170
f 1239/1090/1171 1288/1089/1171 1264/1088/1171 1183/1087/1171
f 1195/1078/1172 1222/1026/1172 1166/1079/1172 1163/1075/1172
f 1197/1081/1173 1225/1029/1173 1169/1082/1173 1165/1056/1173
f 1200/1084/1174 1226/1040/1174 1170/1066/1174 1168/1063/1174
f 1204/1090/1175 1217/1037/1175 1161/1046/1175 1172/1087/1175
f 1211/1029/1176 1233/1081/1176 1177/1056/1176 1179/1082/1176
f 1208/1026/1177 1230/1078/1177 1174/1075/1177 1176/1079/1177
f 1205/1037/1178 1239/1090/1178 1183/1087/1178 1173/1046/1178
f 1214/1040/1179 1236/1084/1179 1180/1063/1179 1182/1066/1179
f 1194/1035/1180 1231/1035/1180 1175/1049/1180 1162/1049/1180
f 1210/1055/1181 1220/1055/1181 1164/1052/1181 1178/1052/1181
f 1213/1062/1182 1223/1062/1182 1167/1059/1182 1181/1059/1182
f 1216/1072/1183 1227/1072/1183 1171/1069/1183 1184/1069/1183
f 1193/1025/1184 1161/1046/1184 1241/1047/1184 1265/1024/1184
f 1185/1092/1185 1242/1091/1185 1265/1024/1185 1241/1047/1185
f 1242/1091/1186 1163/1075/1186 1219/1023/1186 1265/1024/1186
f 1196/1028/1187 1164/1052/1187 1244/1053/1187 1266/1027/1187
f 1186/1093/1188 1245/1080/1188 1266/1027/1188 1244/1053/1188
f 1245/1080/1189 1166/1079/1189 1222/1026/1189 1266/1027/1189
f 1199/1031/1190 1167/1059/1190 1247/1060/1190 1267/1030/1190
f 1187/1094/1191 1248/1083/1191 1267/1030/1191 1247/1060/1191
f 1248/1083/1192 1169/1082/1192 1225/1029/1192 1267/1030/1192
f 1202/1034/1193 1170/1066/1193 1250/1067/1193 1268/1033/1193
f 1188/1096/1194 1251/1095/1194 1268/1033/1194 1250/1067/1194
f 1251/1095/1195 1172/1087/1195 1228/1032/1195 1268/1033/1195
f 1205/1037/1196 1173/1046/1196 1253/1073/1196 1269/1036/1196
f 1189/1098/1197 1254/1097/1197 1269/1036/1197 1253/1073/1197
f 1254/1097/1198 1175/1049/1198 1231/1035/1198 1269/1036/1198
f 1208/1026/1199 1176/1079/1199 1256/1080/1199 1270/1027/1199
f 1190/1093/1200 1257/1053/1200 1270/1027/1200 1256/1080/1200
f 1257/1053/1201 1178/1052/1201 1234/1028/1201 1270/1027/1201
f 1211/1029/1202 1179/1082/1202 1259/1083/1202 1271/1030/1202
f 1191/1094/1203 1260/1060/1203 1271/1030/1203 1259/1083/1203
f 1260/1060/1204 1181/1059/1204 1237/1031/1204 1271/1030/1204
f 1214/1040/1205 1182/1066/1205 1262/1085/1205 1272/1039/1205
f 1192/1100/1206 1263/1099/1206 1272/1039/1206 1262/1085/1206
f 1263/1099/1207 1184/1069/1207 1240/1038/1207 1272/1039/1207
f 1145/1021/1208 1194/1035/1208 1273/1048/1208 1217/1037/1208
f 1194/1035/1209 1162/1049/1209 1243/1050/1209 1273/1048/1209
f 1273/1048/1210 1243/1050/1210 1185/1092/1210 1241/1047/1210
f 1146/1016/1211 1195/1078/1211 1274/1051/1211 1218/1045/1211
f 1195/1078/1212 1163/1075/1212 1242/1091/1212 1274/1051/1212
f 1274/1051/1213 1242/1091/1213 1185/1092/1213 1243/1050/1213
f 1147/1018/1214 1197/1081/1214 1275/1054/1214 1220/1055/1214
f 1197/1081/1215 1165/1056/1215 1246/1057/1215 1275/1054/1215
f 1275/1054/1216 1246/1057/1216 1186/1093/1216 1244/1053/1216
f 1148/1013/1217 1198/1041/1217 1276/1058/1217 1221/1043/1217
f 1198/1041/1218 1166/1079/1218 1245/1080/1218 1276/1058/1218
f 1276/1058/1219 1245/1080/1219 1186/1093/1219 1246/1057/1219
f 1149/1020/1220 1200/1084/1220 1277/1061/1220 1223/1062/1220
f 1200/1084/1221 1168/1063/1221 1249/1064/1221 1277/1061/1221
f 1277/1061/1222 1249/1064/1222 1187/1094/1222 1247/1060/1222
f 1150/1012/1223 1201/1042/1223 1278/1065/1223 1224/1044/1223
f 1201/1042/1224 1169/1082/1224 1248/1083/1224 1278/1065/1224
f 1278/1065/1225 1248/1083/1225 1187/1094/1225 1249/1064/1225
f 1151/1019/1226 1203/1038/1226 1279/1068/1226 1226/1040/1226
f 1203/1038/1227 1171/1069/1227 1252/1070/1227 1279/1068/1227
f 1279/1068/1228 1252/1070/1228 1188/1096/1228 1250/1067/1228
f 1152/1022/1229 1204/1090/1229 1280/1071/1229 1227/1072/1229
f 1204/1090/1230 1172/1087/1230 1251/1095/1230 1280/1071/1230
f 1280/1071/1231 1251/1095/1231 1188/1096/1231 1252/1070/1231
f 1153/1014/1232 1206/1023/1232 1281/1074/1232 1229/1025/1232
f 1206/1023/1233 1174/1075/1233 1255/1076/1233 1281/1074/1233
f 1281/1074/1234 1255/1076/1234 1189/1098/1234 1253/1073/1234
f 1154/1016/1235 1207/1045/1235 1282/1077/1235 1230/1078/1235
f 1207/1045/1236 1175/1049/1236 1254/1097/1236 1282/1077/1236
f 1282/1077/1237 1254/1097/1237 1189/1098/1237 1255/1076/1237
f 1155/1013/1238 1209/1043/1238 1283/1058/1238 1232/1041/1238
f 1209/1043/1239 1177/1056/1239 1258/1057/1239 1283/1058/1239
f 1283/1058/1240 1258/1057/1240 1190/1093/1240 1256/1080/1240
f 1156/1018/1241 1210/1055/1241 1284/1054/1241 1233/1081/1241
f 1210/1055/1242 1178/1052/1242 1257/1053/1242 1284/1054/1242
f 1284/1054/1243 1257/1053/1243 1190/1093/1243 1258/1057/1243
f 1157/1012/1244 1212/1044/1244 1285/1065/1244 1235/1042/1244
f 1212/1044/1245 1180/1063/1245 1261/1064/1245 1285/1065/1245
f 1285/1065/1246 1261/1064/1246 1191/1094/1246 1259/1083/1246
f 1158/1020/1247 1213/1062/1247 1286/1061/1247 1236/1084/1247
f 1213/1062/1248 1181/1059/1248 1260/1060/1248 1286/1061/1248
f 1286/1061/1249 1260/1060/1249 1191/1094/1249 1261/1064/1249
f 1159/1011/1250 1215/1032/1250 1287/1086/1250 1238/1034/1250
f 1215/1032/1251 1183/1087/1251 1264/1088/1251 1287/1086/1251
f 1287/1086/1252 1264/1088/1252 1192/1100/1252 1262/1085/1252
f 1160/1022/1253 1216/1072/1253 1288/1089/1253 1239/1090/1253
f 1216/1072/1254 1184/1069/1254 1263/1099/1254 1288/1089/1254
f 1288/1089/1255 1263/1099/1255 1192/1100/1255 1264/1088/1255
f 1163/1075/1256 1166/1079/1256 1198/1041/1256 1219/1023/1256
f 1165/1056/1257 1169/1082/1257 1201/1042/1257 1221/1043/1257
f 1168/1063/1258 1170/1066/1258 1202/1034/1258 1224/1044/1258
f 1172/1087/1259 1161/1046/1259 1193/1025/1259 1228/1032/1259
f 1179/1082/1260 1177/1056/1260 1209/1043/1260 1235/1042/1260
f 1176/1079/1261 1174/1075/1261 1206/1023/1261 1232/1041/1261
f 1173/1046/1262 1183/1087/1262 1215/1032/1262 1229/1025/1262
f 1182/1066/1263 1180/1063/1263 1212/1044/1263 1238/1034/1263
f 1162/1049/1264 1175/1049/1264 1207/1045/1264 1218/1045/1264
f 1178/1052/1265 1164/1052/1265 1196/1028/1265 1234/1028/1265
f 1181/1059/1266 1167/1059/1266 1199/1031/1266 1237/1031/1266
f 1184/1069/1267 1171/1069/1267 1203/1038/1267 1240/1038/1267
f 1146/1016/1268 1138/1015/1268 1222/1026/1268 1195/1078/1268
f 1147/1018/1269 1139/1017/1269 1225/1029/1269 1197/1081/1269
f 1149/1020/1270 1151/1019/1270 1226/1040/1270 1200/1084/1270
f 1152/1022/1271 1145/1021/1271 1217/1037/1271 1204/1090/1271
f 1143/1017/1272 1156/1018/1272 1233/1081/1272 1211/1029/1272
f 1142/1015/1273 1154/1016/1273 1230/1078/1273 1208/1026/1273
f 1141/1021/1274 1160/1022/1274 1239/1090/1274 1205/1037/1274
f 1144/1019/1275 1158/1020/1275 1236/1084/1275 1214/1040/1275
f 1145/1021/1276 1141/1021/1276 1231/1035/1276 1194/1035/1276
f 1156/1018/1277 1147/1018/1277 1220/1055/1277 1210/1055/1277
f 1158/1020/1278 1149/1020/1278 1223/1062/1278 1213/1062/1278
f 1160/1022/1279 1152/1022/1279 1227/1072/1279 1216/1072/1279

v -22.053914 -30.647002 -22.888628
v -22.062240 -30.647002 -22.793463
v -22.053914 -29.263660 -22.888628
v -22.062239 -29.263660 -22.983792
v -22.086964 -29.263660 -23.076065
v -22.127336 -29.263660 -23.162643
v -22.182128 -29.263660 -23.240895
v -22.249677 -29.263660 -23.308444
v -22.327929 -29.263660 -23.363236
v -22.414507 -29.263660 -23.403608
v -22.506779 -29.263660 -23.428333
v -22.601944 -29.263660 -23.436658
v -22.697108 -29.263660 -23.428333
v -22.789381 -29.263660 -23.403608
v -22.875959 -29.263660 -23.363236
v -22.954211 -29.263660 -23.308444
v -23.021759 -29.263660 -23.240895
v -23.076552 -29.263660 -23.162643
v -23.116924 -29.263660 -23.076066
v -23.141648 -29.263660 -22.983793
v -23.149974 -29.263660 -22.888628
v -23.141648 -29.263660 -22.793464
v -23.116924 -29.263660 -22.701191
v -23.076552 -29.263660 -22.614613
v -23.021760 -29.263660 -22.536361
v -22.954211 -29.263660 -22.468813
v -22.875959 -29.263660 -22.414020
v -22.789382 -29.263660 -22.373648
v -22.697109 -29.263660 -22.348924
v -22.601944 -29.263660 -22.340598
v -22.506780 -29.263660 -22.348924
v -22.414507 -29.263660 -22.373648
v -22.327929 -29.263660 -22.414020
v -22.249677 -29.263660 -22.468812
v -22.182129 -29.263660 -22.536361
v -22.127336 -29.263660 -22.614613
v -22.086964 -29.263660 -22.701190
v -22.062240 -29.263660 -22.793463
v -22.601944 -30.677002 -22.888628
v -22.062239 -30.647002 -22.983792
v -22.086964 -30.647002 -23.076065
v -22.127336 -30.647002 -23.162643
v -22.182128 -30.647002 -23.240895
v -22.249677 -30.647002 -23.308444
v -22.327929 -30.647002 -23.363236
v -22.414507 -30.647002 -23.403608
v -22.506779 -30.647002 -23.428333
v -22.601944 -30.647002 -23.436658
v -22.697108 -30.647002 -23.428333
v -22.789381 -30.647002 -23.403608
v -22.875959 -30.647002 -23.363236
v -22.954211 -30.647002 -23.308444
v -23.021759 -30.647002 -23.240895
v -23.076552 -30.647002 -23.162643
v -23.116924 -30.647002 -23.076066
v -23.141648 -30.647002 -22.983793
v -23.149974 -30.647002 -22.888628
v -23.141648 -30.647002 -22.793464
v -23.116924 -30.647002 -22.701191
v -23.076552 -30.647002 -22.614613
v -23.021760 -30.647002 -22.536361
v -22.954211 -30.647002 -22.468813
v -22.875959 -30.647002 -22.414020
v -22.789382 -30.647002 -22.373648
v -22.697109 -30.647002 -22.348924
v -22.601944 -30.647002 -22.340598
v -22.506780 -30.647002 -22.348924
v -22.414507 -30.647002 -22.373648
v -22.327929 -30.647002 -22.414020
v -22.249677 -30.647002 -22.468812
v -22.182129 -30.647002 -22.536361
v -22.127336 -30.647002 -22.614613
v -22.086964 -30.647002 -22.701190
v -22.601944 -29.233661 -22.888628
v -22.061442 -30.669502 -22.888628
v -22.069654 -30.669502 -22.982485
v -22.094039 -30.669502 -23.073490
v -22.133856 -30.669502 -23.158879
v -22.187896 -30.669502 -23.236056
v -22.254516 -30.669502 -23.302676
v -22.331693 -30.669502 -23.356716
v -22.417082 -30.669502 -23.396533
v -22.508087 -30.669502 -23.420918
v -22.601944 -30.669502 -23.429130
v -22.695801 -30.669502 -23.420918
v -22.786806 -30.669502 -23.396533
v -22.872195 -30.669502 -23.356716
v -22.949372 -30.669502 -23.302676
v -23.015992 -30.669502 -23.236056
v -23.070032 -30.669502 -23.158879
v -23.109849 -30.669502 -23.073491
v -23.134234 -30.669502 -22.982485
v -23.142446 -30.669502 -22.888628
v -23.134234 -30.669502 -22.794771
v -23.109849 -30.669502 -22.703766
v -23.070032 -30.669502 -22.618377
v -23.015992 -30.669502 -22.541200
v -22.949372 -30.669502 -22.474580
v -22.872195 -30.669502 -22.420540
v -22.786807 -30.669502 -22.380723
v -22.695801 -30.669502 -22.356338
v -22.601944 -30.669502 -22.348126
v -22.508087 -30.669502 -22.356338
v -22.417082 -30.669502 -22.380723
v -22.331693 -30.669502 -22.420540
v -22.254516 -30.669502 -22.474580
v -22.187896 -30.669502 -22.541200
v -22.133856 -30.669502 -22.618377
v -22.094039 -30.669502 -22.703765
v -22.069654 -30.669502 -22.794770
v -22.061442 -29.241160 -22.888628
v -22.069654 -29.241160 -22.982485
v -22.094039 -29.241160 -23.073490
v -22.133856 -29.241160 -23.158879
v -22.187896 -29.241160 -23.236056
v -22.254516 -29.241160 -23.302676
v -22.331693 -29.241160 -23.356716
v -22.417082 -29.241160 -23.396533
v -22.508087 -29.241160 -23.420918
v -22.601944 -29.241160 -23.429130
v -22.695801 -29.241160 -23.420918
v -22.786806 -29.241160 -23.396533
v -22.872195 -29.241160 -23.356716
v -22.949372 -29.241160 -23.302676
v -23.015992 -29.241160 -23.236056
v -23.070032 -29.241160 -23.158879
v -23.109849 -29.241160 -23.073491
v -23.134234 -29.241160 -22.982485
v -23.142446 -29.241160 -22.888628
v -23.134234 -29.241160 -22.794771
v -23.109849 -29.241160 -22.703766
v -23.070032 -29.241160 -22.618377
v -23.015992 -29.241160 -22.541200
v -22.949372 -29.241160 -22.474580
v -22.872195 -29.241160 -22.420540
v -22.786807 -29.241160 -22.380723
v -22.695801 -29.241160 -22.356338
v -22.601944 -29.241160 -22.348126
v -22.508087 -29.241160 -22.356338
v -22.417082 -29.241160 -22.380723
v -22.331693 -29.241160 -22.420540
v -22.254516 -29.241160 -22.474580
v -22.187896 -29.241160 -22.541200
v -22.133856 -29.241160 -22.618377
v -22.094039 -29.241160 -22.703765
v -22.069654 -29.241160 -22.794770
v -22.071951 -30.675469 -22.888628
v -22.063758 -30.659043 -22.983525
v -22.088413 -30.659043 -23.075538
v -22.128671 -30.659043 -23.161872
v -22.183310 -30.659043 -23.239904
v -22.250668 -30.659043 -23.307262
v -22.328700 -30.659043 -23.361901
v -22.415034 -30.659043 -23.402159
v -22.507047 -30.659043 -23.426814
v -22.601944 -30.659043 -23.435116
v -22.696841 -30.659043 -23.426814
v -22.788854 -30.659043 -23.402159
v -22.875188 -30.659043 -23.361901
v -22.953220 -30.659043 -23.307262
v -23.020578 -30.659043 -23.239904
v -23.075216 -30.659043 -23.161872
v -23.115475 -30.659043 -23.075538
v -23.140130 -30.659043 -22.983525
v -23.148432 -30.659043 -22.888628
v -23.140130 -30.659043 -22.793732
v -23.115475 -30.659043 -22.701718
v -23.075217 -30.659043 -22.615384
v -23.020578 -30.659043 -22.537352
v -22.953220 -30.659043 -22.469994
v -22.875188 -30.659043 -22.415356
v -22.788854 -30.659043 -22.375097
v -22.696841 -30.659043 -22.350442
v -22.601944 -30.659043 -22.342140
v -22.507048 -30.659043 -22.350442
v -22.415034 -30.659043 -22.375097
v -22.328700 -30.659043 -22.415355
v -22.250668 -30.659043 -22.469994
v -22.183310 -30.659043 -22.537352
v -22.128672 -30.659043 -22.615384
v -22.088413 -30.659043 -22.701718
v -22.080003 -30.675469 -22.796595
v -22.071951 -29.235194 -22.888628
v -22.080003 -29.235194 -22.980660
v -22.103914 -29.235194 -23.069896
v -22.142957 -29.235194 -23.153624
v -22.195946 -29.235194 -23.229301
v -22.261271 -29.235194 -23.294626
v -22.336948 -29.235194 -23.347615
v -22.420676 -29.235194 -23.386658
v -22.509912 -29.235194 -23.410569
v -22.601944 -29.235194 -23.418621
v -22.693976 -29.235194 -23.410569
v -22.783212 -29.235194 -23.386658
v -22.866940 -29.235194 -23.347615
v -22.942616 -29.235194 -23.294626
v -23.007942 -29.235194 -23.229301
v -23.060931 -29.235194 -23.153624
v -23.099974 -29.235194 -23.069896
v -23.123885 -29.235194 -22.980660
v -23.131936 -29.235194 -22.888628
v -23.123885 -29.235194 -22.796596
v -23.099974 -29.235194 -22.707360
v -23.060931 -29.235194 -22.623632
v -23.007942 -29.235194 -22.547956
v -22.942617 -29.235194 -22.482630
v -22.866940 -29.235194 -22.429641
v -22.783212 -29.235194 -22.390598
v -22.693976 -29.235194 -22.366687
v -22.601944 -29.235194 -22.358635
v -22.509912 -29.235194 -22.366687
v -22.420676 -29.235194 -22.390598
v -22.336948 -29.235194 -22.429641
v -22.261272 -29.235194 -22.482630
v -22.195946 -29.235194 -22.547955
v -22.142957 -29.235194 -22.623631
v -22.103914 -29.235194 -22.707360
v -22.080003 -29.235194 -22.796595
v -22.055456 -30.659043 -22.888628
v -22.080003 -30.675469 -22.980660
v -22.103914 -30.675469 -23.069896
v -22.142957 -30.675469 -23.153624
v -22.195946 -30.675469 -23.229301
v -22.261271 -30.675469 -23.294626
v -22.336948 -30.675469 -23.347615
v -22.420676 -30.675469 -23.386658
v -22.509912 -30.675469 -23.410569
v -22.601944 -30.675469 -23.418621
v -22.693976 -30.675469 -23.410569
v -22.783212 -30.675469 -23.386658
v -22.866940 -30.675469 -23.347615
v -22.942617 -30.675469 -23.294626
v -23.007942 -30.675469 -23.229301
v -23.060931 -30.675469 -23.153624
v -23.099974 -30.675469 -23.069896
v -23.123885 -30.675469 -22.980660
v -23.131936 -30.675469 -22.888628
v -23.123885 -30.675469 -22.796596
v -23.099974 -30.675469 -22.707360
v -23.060931 -30.675469 -22.623632
v -23.007942 -30.675469 -22.547956
v -22.942617 -30.675469 -22.482630
v -22.866940 -30.675469 -22.429641
v -22.783212 -30.675469 -22.390598
v -22.693976 -30.675469 -22.366687
v -22.601944 -30.675469 -22.358635
v -22.509912 -30.675469 -22.366687
v -22.420676 -30.675469 -22.390598
v -22.336948 -30.675469 -22.429641
v -22.261272 -30.675469 -22.482630
v -22.195946 -30.675469 -22.547955
v -22.142957 -30.675469 -22.623631
v -22.103914 -30.675469 -22.707360
v -22.063758 -30.659043 -22.793731
v -22.055456 -29.251619 -22.888628
v -22.063758 -29.251619 -22.983525
v -22.088413 -29.251619 -23.075538
v -22.128671 -29.251619 -23.161872
v -22.183310 -29.251619 -23.239904
v -22.250668 -29.251619 -23.307262
v -22.328700 -29.251619 -23.361901
v -22.415034 -29.251619 -23.402159
v -22.507047 -29.251619 -23.426814
v -22.601944 -29.251619 -23.435116
v -22.696841 -29.251619 -23.426814
v -22.788854 -29.251619 -23.402159
v -22.875188 -29.251619 -23.361901
v -22.953220 -29.251619 -23.307262
v -23.020578 -29.251619 -23.239904
v -23.075216 -29.251619 -23.161872
v -23.115475 -29.251619 -23.075538
v -23.140130 -29.251619 -22.983525
v -23.148432 -29.251619 -22.888628
v -23.140130 -29.251619 -22.793732
v -23.115475 -29.251619 -22.701718
v -23.075217 -29.251619 -22.615384
v -23.020578 -29.251619 -22.537352
v -22.953220 -29.251619 -22.469994
v -22.875188 -29.251619 -22.415356
v -22.788854 -29.251619 -22.375097
v -22.696841 -29.251619 -22.350442
v -22.601944 -29.251619 -22.342140
v -22.507048 -29.251619 -22.350442
v -22.415034 -29.251619 -22.375097
v -22.328700 -29.251619 -22.415355
v -22.250668 -29.251619 -22.469994
v -22.183310 -29.251619 -22.537352
v -22.128672 -29.251619 -22.615384
v -22.088413 -29.251619 -22.701718
v -22.063758 -29.251619 -22.793731
v -22.053914 -30.647002 22.668024
v -22.062240 -30.647002 22.763193
v -22.053914 -29.263660 22.668024
v -22.062239 -29.263660 22.572863
v -22.086964 -29.263660 22.480589
v -22.127336 -29.263660 22.394011
v -22.182128 -29.263660 22.315760
v -22.249677 -29.263660 22.248209
v -22.327929 -29.263660 22.193415
v -22.414507 -29.263660 22.153044
v -22.506779 -29.263660 22.128321
v -22.601944 -29.263660 22.119993
v -22.697108 -29.263660 22.128321
v -22.789381 -29.263660 22.153044
v -22.875959 -29.263660 22.193415
v -22.954211 -29.263660 22.248209
v -23.021759 -29.263660 22.315760
v -23.076552 -29.263660 22.394011
v -23.116924 -29.263660 22.480585
v -23.141648 -29.263660 22.572859
v -23.149974 -29.263660 22.668024
v -23.141648 -29.263660 22.763189
v -23.116924 -29.263660 22.855463
v -23.076552 -29.263660 22.942041
v -23.021760 -29.263660 23.020292
v -22.954211 -29.263660 23.087839
v -22.875959 -29.263660 23.142633
v -22.789382 -29.263660 23.183008
v -22.697109 -29.263660 23.207727
v -22.601944 -29.263660 23.216059
v -22.506780 -29.263660 23.207727
v -22.414507 -29.263660 23.183008
v -22.327929 -29.263660 23.142633
v -22.249677 -29.263660 23.087839
v -22.182129 -29.263660 23.020292
v -22.127336 -29.263660 22.942041
v -22.086964 -29.263660 22.855463
v -22.062240 -29.263660 22.763193
v -22.601944 -30.677002 22.668024
v -22.062239 -30.647002 22.572863
v -22.086964 -30.647002 22.480589
v -22.127336 -30.647002 22.394011
v -22.182128 -30.647002 22.315760
v -22.249677 -30.647002 22.248209
v -22.327929 -30.647002 22.193415
v -22.414507 -30.647002 22.153044
v -22.506779 -30.647002 22.128321
v -22.601944 -30.647002 22.119993
v -22.697108 -30.647002 22.128321
v -22.789381 -30.647002 22.153044
v -22.875959 -30.647002 22.193415
v -22.954211 -30.647002 22.248209
v -23.021759 -30.647002 22.315760
v -23.076552 -30.647002 22.394011
v -23.116924 -30.647002 22.480585
v -23.141648 -30.647002 22.572859
v -23.149974 -30.647002 22.668024
v -23.141648 -30.647002 22.763189
v -23.116924 -30.647002 22.855463
v -23.076552 -30.647002 22.942041
v -23.021760 -30.647002 23.020292
v -22.954211 -30.647002 23.087839
v -22.875959 -30.647002 23.142633
v -22.789382 -30.647002 23.183008
v -22.697109 -30.647002 23.207727
v -22.601944 -30.647002 23.216059
v -22.506780 -30.647002 23.207727
v -22.414507 -30.647002 23.183008
v -22.327929 -30.647002 23.142633
v -22.249677 -30.647002 23.087839
v -22.182129 -30.647002 23.020292
v -22.127336 -30.647002 22.942041
v -22.086964 -30.647002 22.855463
v -22.601944 -29.233661 22.668024
v -22.061442 -30.669502 22.668024
v -22.069654 -30.669502 22.574167
v -22.094039 -30.669502 22.483164
v -22.133856 -30.669502 22.397776
v -22.187896 -30.669502 22.320597
v -22.254516 -30.669502 22.253977
v -22.331693 -30.669502 22.199938
v -22.417082 -30.669502 22.160120
v -22.508087 -30.669502 22.135736
v -22.601944 -30.669502 22.127523
v -22.695801 -30.669502 22.135736
v -22.786806 -30.669502 22.160120
v -22.872195 -30.669502 22.199938
v -22.949372 -30.669502 22.253977
v -23.015992 -30.669502 22.320597
v -23.070032 -30.669502 22.397776
v -23.109849 -30.669502 22.483164
v -23.134234 -30.669502 22.574167
v -23.142446 -30.669502 22.668024
v -23.134234 -30.669502 22.761881
v -23.109849 -30.669502 22.852888
v -23.070032 -30.669502 22.938276
v -23.015992 -30.669502 23.015451
v -22.949372 -30.669502 23.082071
v -22.872195 -30.669502 23.136114
v -22.786807 -30.669502 23.175928
v -22.695801 -30.669502 23.200315
v -22.601944 -30.669502 23.208529
v -22.508087 -30.669502 23.200315
v -22.417082 -30.669502 23.175928
v -22.331693 -30.669502 23.136114
v -22.254516 -30.669502 23.082071
v -22.187896 -30.669502 23.015451
v -22.133856 -30.669502 22.938276
v -22.094039 -30.669502 22.852888
v -22.069654 -30.669502 22.761881
v -22.061442 -29.241160 22.668024
v -22.069654 -29.241160 22.574167
v -22.094039 -29.241160 22.483164
v -22.133856 -29.241160 22.397776
v -22.187896 -29.241160 22.320597
v -22.254516 -29.241160 22.253977
v -22.331693 -29.241160 22.199938
v -22.417082 -29.241160 22.160120
v -22.508087 -29.241160 22.135736
v -22.601944 -29.241160 22.127523
v -22.695801 -29.241160 22.135736
v -22.786806 -29.241160 22.160120
v -22.872195 -29.241160 22.199938
v -22.949372 -29.241160 22.253977
v -23.015992 -29.241160 22.320597
v -23.070032 -29.241160 22.397776
v -23.109849 -29.241160 22.483164
v -23.134234 -29.241160 22.574167
v -23.142446 -29.241160 22.668024
v -23.134234 -29.241160 22.761881
v -23.109849 -29.241160 22.852888
v -23.070032 -29.241160 22.938276
v -23.015992 -29.241160 23.015451
v -22.949372 -29.241160 23.082071
v -22.872195 -29.241160 23.136114
v -22.786807 -29.241160 23.175928
v -22.695801 -29.241160 23.200315
v -22.601944 -29.241160 23.208529
v -22.508087 -29.241160 23.200315
v -22.417082 -29.241160 23.175928
v -22.331693 -29.241160 23.136114
v -22.254516 -29.241160 23.082071
v -22.187896 -29.241160 23.015451
v -22.133856 -29.241160 22.938276
v -22.094039 -29.241160 22.852888
v -22.069654 -29.241160 22.761881
v -22.071951 -30.675469 22.668024
v -22.063758 -30.659043 22.573130
v -22.088413 -30.659043 22.481115
v -22.128671 -30.659043 22.394781
v -22.183310 -30.659043 22.316751
v -22.250668 -30.659043 22.249392
v -22.328700 -30.659043 22.194754
v -22.415034 -30.659043 22.154493
v -22.507047 -30.659043 22.129839
v -22.601944 -30.659043 22.121538
v -22.696841 -30.659043 22.129839
v -22.788854 -30.659043 22.154493
v -22.875188 -30.659043 22.194754
v -22.953220 -30.659043 22.249392
v -23.020578 -30.659043 22.316751
v -23.075216 -30.659043 22.394781
v -23.115475 -30.659043 22.481115
v -23.140130 -30.659043 22.573130
v -23.148432 -30.659043 22.668024
v -23.140130 -30.659043 22.762922
v -23.115475 -30.659043 22.854937
v -23.075217 -30.659043 22.941271
v -23.020578 -30.659043 23.019300
v -22.953220 -30.659043 23.086660
v -22.875188 -30.659043 23.141298
v -22.788854 -30.659043 23.181559
v -22.696841 -30.659043 23.206213
v -22.601944 -30.659043 23.214514
v -22.507048 -30.659043 23.206213
v -22.415034 -30.659043 23.181559
v -22.328700 -30.659043 23.141298
v -22.250668 -30.659043 23.086660
v -22.183310 -30.659043 23.019300
v -22.128672 -30.659043 22.941271
v -22.088413 -30.659043 22.854937
v -22.080003 -30.675469 22.760057
v -22.071951 -29.235194 22.668024
v -22.080003 -29.235194 22.575994
v -22.103914 -29.235194 22.486757
v -22.142957 -29.235194 22.403028
v -22.195946 -29.235194 22.327353
v -22.261271 -29.235194 22.262030
v -22.336948 -29.235194 22.209040
v -22.420676 -29.235194 22.169996
v -22.509912 -29.235194 22.146082
v -22.601944 -29.235194 22.138033
v -22.693976 -29.235194 22.146082
v -22.783212 -29.235194 22.169996
v -22.866940 -29.235194 22.209040
v -22.942616 -29.235194 22.262030
v -23.007942 -29.235194 22.327353
v -23.060931 -29.235194 22.403028
v -23.099974 -29.235194 22.486757
v -23.123885 -29.235194 22.575994
v -23.131936 -29.235194 22.668024
v -23.123885 -29.235194 22.760057
v -23.099974 -29.235194 22.849295
v -23.060931 -29.235194 22.933023
v -23.007942 -29.235194 23.008699
v -22.942617 -29.235194 23.074022
v -22.866940 -29.235194 23.127012
v -22.783212 -29.235194 23.166056
v -22.693976 -29.235194 23.189966
v -22.601944 -29.235194 23.198019
v -22.509912 -29.235194 23.189966
v -22.420676 -29.235194 23.166056
v -22.336948 -29.235194 23.127012
v -22.261272 -29.235194 23.074022
v -22.195946 -29.235194 23.008699
v -22.142957 -29.235194 22.933023
v -22.103914 -29.235194 22.849295
v -22.080003 -29.235194 22.760057
v -22.055456 -30.659043 22.668024
v -22.080003 -30.675469 22.575994
v -22.103914 -30.675469 22.486757
v -22.142957 -30.675469 22.403028
v -22.195946 -30.675469 22.327353
v -22.261271 -30.675469 22.262030
v -22.336948 -30.675469 22.209040
v -22.420676 -30.675469 22.169996
v -22.509912 -30.675469 22.146082
v -22.601944 -30.675469 22.138033
v -22.693976 -30.675469 22.146082
v -22.783212 -30.675469 22.169996
v -22.866940 -30.675469 22.209040
v -22.942617 -30.675469 22.262030
v -23.007942 -30.675469 22.327353
v -23.060931 -30.675469 22.403028
v -23.099974 -30.675469 22.486757
v -23.123885 -30.675469 22.575994
v -23.131936 -30.675469 22.668024
v -23.123885 -30.675469 22.760057
v -23.099974 -30.675469 22.849295
v -23.060931 -30.675469 22.933023
v -23.007942 -30.675469 23.008699
v -22.942617 -30.675469 23.074022
v -22.866940 -30.675469 23.127012
v -22.783212 -30.675469 23.166056
v -22.693976 -30.675469 23.189966
v -22.601944 -30.675469 23.198019
v -22.509912 -30.675469 23.189966
v -22.420676 -30.675469 23.166056
v -22.336948 -30.675469 23.127012
v -22.261272 -30.675469 23.074022
v -22.195946 -30.675469 23.008699
v -22.142957 -30.675469 22.933023
v -22.103914 -30.675469 22.849295
v -22.063758 -30.659043 22.762922
v -22.055456 -29.251619 22.668024
v -22.063758 -29.251619 22.573130
v -22.088413 -29.251619 22.481115
v -22.128671 -29.251619 22.394781
v -22.183310 -29.251619 22.316751
v -22.250668 -29.251619 22.249392
v -22.328700 -29.251619 22.194754
v -22.415034 -29.251619 22.154493
v -22.507047 -29.251619 22.129839
v -22.601944 -29.251619 22.121538
v -22.696841 -29.251619 22.129839
v -22.788854 -29.251619 22.154493
v -22.875188 -29.251619 22.194754
v -22.953220 -29.251619 22.249392
v -23.020578 -29.251619 22.316751
v -23.075216 -29.251619 22.394781
v -23.115475 -29.251619 22.481115
v -23.140130 -29.251619 22.573130
v -23.148432 -29.251619 22.668024
v -23.140130 -29.251619 22.762922
v -23.115475 -29.251619 22.854937
v -23.075217 -29.251619 22.941271
v -23.020578 -29.251619 23.019300
v -22.953220 -29.251619 23.086660
v -22.875188 -29.251619 23.141298
v -22.788854 -29.251619 23.181559
v -22.696841 -29.251619 23.206213
v -22.601944 -29.251619 23.214514
v -22.507048 -29.251619 23.206213
v -22.415034 -29.251619 23.181559
v -22.328700 -29.251619 23.141298
v -22.250668 -29.251619 23.086660
v -22.183310 -29.251619 23.019300
v -22.128672 -29.251619 22.941271
v -22.088413 -29.251619 22.854937
v -22.063758 -29.251619 22.762922
v 23.449512 -30.647002 -22.888628
v 23.441185 -30.647002 -22.793463
v 23.449512 -29.263660 -22.888628
v 23.441185 -29.263660 -22.983792
v 23.416462 -29.263660 -23.076065
v 23.376091 -29.263660 -23.162643
v 23.321297 -29.263660 -23.240895
v 23.253750 -29.263660 -23.308444
v 23.175495 -29.263660 -23.363236
v 23.088921 -29.263660 -23.403608
v 22.996647 -29.263660 -23.428333
v 22.901482 -29.263660 -23.436658
v 22.806316 -29.263660 -23.428333
v 22.714043 -29.263660 -23.403608
v 22.627468 -29.263660 -23.363236
v 22.549213 -29.263660 -23.308444
v 22.481667 -29.263660 -23.240895
v 22.426872 -29.263660 -23.162643
v 22.386501 -29.263660 -23.076066
v 22.361778 -29.263660 -22.983793
v 22.353451 -29.263660 -22.888628
v 22.361778 -29.263660 -22.793464
v 22.386501 -29.263660 -22.701191
v 22.426872 -29.263660 -22.614613
v 22.481667 -29.263660 -22.536361
v 22.549213 -29.263660 -22.468813
v 22.627468 -29.263660 -22.414020
v 22.714043 -29.263660 -22.373648
v 22.806316 -29.263660 -22.348924
v 22.901482 -29.263660 -22.340598
v 22.996647 -29.263660 -22.348924
v 23.088921 -29.263660 -22.373648
v 23.175495 -29.263660 -22.414020
v 23.253750 -29.263660 -22.468812
v 23.321297 -29.263660 -22.536361
v 23.376091 -29.263660 -22.614613
v 23.416462 -29.263660 -22.701190
v 23.441185 -29.263660 -22.793463
v 22.901482 -30.677002 -22.888628
v 23.441185 -30.647002 -22.983792
v 23.416462 -30.647002 -23.076065
v 23.376091 -30.647002 -23.162643
v 23.321297 -30.647002 -23.240895
v 23.253750 -30.647002 -23.308444
v 23.175495 -30.647002 -23.363236
v 23.088921 -30.647002 -23.403608
v 22.996647 -30.647002 -23.428333
v 22.901482 -30.647002 -23.436658
v 22.806316 -30.647002 -23.428333
v 22.714043 -30.647002 -23.403608
v 22.627468 -30.647002 -23.363236
v 22.549213 -30.647002 -23.308444
v 22.481667 -30.647002 -23.240895
v 22.426872 -30.647002 -23.162643
v 22.386501 -30.647002 -23.076066
v 22.361778 -30.647002 -22.983793
v 22.353451 -30.647002 -22.888628
v 22.361778 -30.647002 -22.793464
v 22.386501 -30.647002 -22.701191
v 22.426872 -30.647002 -22.614613
v 22.481667 -30.647002 -22.536361
v 22.549213 -30.647002 -22.468813
v 22.627468 -30.647002 -22.414020
v 22.714043 -30.647002 -22.373648
v 22.806316 -30.647002 -22.348924
v 22.901482 -30.647002 -22.340598
v 22.996647 -30.647002 -22.348924
v 23.088921 -30.647002 -22.373648
v 23.175495 -30.647002 -22.414020
v 23.253750 -30.647002 -22.468812
v 23.321297 -30.647002 -22.536361
v 23.376091 -30.647002 -22.614613
v 23.416462 -30.647002 -22.701190
v 22.901482 -29.233661 -22.888628
v 23.441982 -30.669502 -22.888628
v 23.433773 -30.669502 -22.982485
v 23.409386 -30.669502 -23.073490
v 23.369568 -30.669502 -23.158879
v 23.315529 -30.669502 -23.236056
v 23.248909 -30.669502 -23.302676
v 23.171734 -30.669502 -23.356716
v 23.086346 -30.669502 -23.396533
v 22.995338 -30.669502 -23.420918
v 22.901482 -30.669502 -23.429130
v 22.807625 -30.669502 -23.420918
v 22.716618 -30.669502 -23.396533
v 22.631229 -30.669502 -23.356716
v 22.554054 -30.669502 -23.302676
v 22.487434 -30.669502 -23.236056
v 22.433395 -30.669502 -23.158879
v 22.393578 -30.669502 -23.073491
v 22.369190 -30.669502 -22.982485
v 22.360981 -30.669502 -22.888628
v 22.369190 -30.669502 -22.794771
v 22.393578 -30.669502 -22.703766
v 22.433392 -30.669502 -22.618377
v 22.487434 -30.669502 -22.541200
v 22.554054 -30.669502 -22.474580
v 22.631229 -30.669502 -22.420540
v 22.716618 -30.669502 -22.380723
v 22.807625 -30.669502 -22.356338
v 22.901482 -30.669502 -22.348126
v 22.995338 -30.669502 -22.356338
v 23.086346 -30.669502 -22.380723
v 23.171734 -30.669502 -22.420540
v 23.248909 -30.669502 -22.474580
v 23.315529 -30.669502 -22.541200
v 23.369568 -30.669502 -22.618377
v 23.409386 -30.669502 -22.703765
v 23.433773 -30.669502 -22.794770
v 23.441982 -29.241160 -22.888628
v 23.433773 -29.241160 -22.982485
v 23.409386 -29.241160 -23.073490
v 23.369568 -29.241160 -23.158879
v 23.315529 -29.241160 -23.236056
v 23.248909 -29.241160 -23.302676
v 23.171734 -29.241160 -23.356716
v 23.086346 -29.241160 -23.396533
v 22.995338 -29.241160 -23.420918
v 22.901482 -29.241160 -23.429130
v 22.807625 -29.241160 -23.420918
v 22.716618 -29.241160 -23.396533
v 22.631229 -29.241160 -23.356716
v 22.554054 -29.241160 -23.302676
v 22.487434 -29.241160 -23.236056
v 22.433395 -29.241160 -23.158879
v 22.393578 -29.241160 -23.073491
v 22.369190 -29.241160 -22.982485
v 22.360981 -29.241160 -22.888628
v 22.369190 -29.241160 -22.794771
v 22.393578 -29.241160 -22.703766
v 22.433392 -29.241160 -22.618377
v 22.487434 -29.241160 -22.541200
v 22.554054 -29.241160 -22.474580
v 22.631229 -29.241160 -22.420540
v 22.716618 -29.241160 -22.380723
v 22.807625 -29.241160 -22.356338
v 22.901482 -29.241160 -22.348126
v 22.995338 -29.241160 -22.356338
v 23.086346 -29.241160 -22.380723
v 23.171734 -29.241160 -22.420540
v 23.248909 -29.241160 -22.474580
v 23.315529 -29.241160 -22.541200
v 23.369568 -29.241160 -22.618377
v 23.409386 -29.241160 -22.703765
v 23.433773 -29.241160 -22.794770
v 23.431473 -30.675469 -22.888628
v 23.439667 -30.659043 -22.983525
v 23.415012 -30.659043 -23.075538
v 23.374756 -30.659043 -23.161872
v 23.320114 -30.659043 -23.239904
v 23.252758 -30.659043 -23.307262
v 23.174725 -30.659043 -23.361901
v 23.088390 -30.659043 -23.402159
v 22.996380 -30.659043 -23.426814
v 22.901482 -30.659043 -23.435116
v 22.806583 -30.659043 -23.426814
v 22.714573 -30.659043 -23.402159
v 22.628239 -30.659043 -23.361901
v 22.550205 -30.659043 -23.307262
v 22.482849 -30.659043 -23.239904
v 22.428207 -30.659043 -23.161872
v 22.387951 -30.659043 -23.075538
v 22.363297 -30.659043 -22.983525
v 22.354992 -30.659043 -22.888628
v 22.363297 -30.659043 -22.793732
v 22.387951 -30.659043 -22.701718
v 22.428207 -30.659043 -22.615384
v 22.482849 -30.659043 -22.537352
v 22.550205 -30.659043 -22.469994
v 22.628239 -30.659043 -22.415356
v 22.714573 -30.659043 -22.375097
v 22.806583 -30.659043 -22.350442
v 22.901482 -30.659043 -22.342140
v 22.996380 -30.659043 -22.350442
v 23.088390 -30.659043 -22.375097
v 23.174725 -30.659043 -22.415355
v 23.252758 -30.659043 -22.469994
v 23.320114 -30.659043 -22.537352
v 23.374752 -30.659043 -22.615384
v 23.415012 -30.659043 -22.701718
v 23.423424 -30.675469 -22.796595
v 23.431473 -29.235194 -22.888628
v 23.423424 -29.235194 -22.980660
v 23.399513 -29.235194 -23.069896
v 23.360470 -29.235194 -23.153624
v 23.307480 -29.235194 -23.229301
v 23.242153 -29.235194 -23.294626
v 23.166477 -29.235194 -23.347615
v 23.082748 -29.235194 -23.386658
v 22.993515 -29.235194 -23.410569
v 22.901482 -29.235194 -23.418621
v 22.809448 -29.235194 -23.410569
v 22.720215 -29.235194 -23.386658
v 22.636486 -29.235194 -23.347615
v 22.560810 -29.235194 -23.294626
v 22.495483 -29.235194 -23.229301
v 22.442493 -29.235194 -23.153624
v 22.403450 -29.235194 -23.069896
v 22.379539 -29.235194 -22.980660
v 22.371490 -29.235194 -22.888628
v 22.379539 -29.235194 -22.796596
v 22.403450 -29.235194 -22.707360
v 22.442493 -29.235194 -22.623632
v 22.495483 -29.235194 -22.547956
v 22.560810 -29.235194 -22.482630
v 22.636486 -29.235194 -22.429641
v 22.720215 -29.235194 -22.390598
v 22.809448 -29.235194 -22.366687
v 22.901482 -29.235194 -22.358635
v 22.993515 -29.235194 -22.366687
v 23.082748 -29.235194 -22.390598
v 23.166477 -29.235194 -22.429641
v 23.242153 -29.235194 -22.482630
v 23.307480 -29.235194 -22.547955
v 23.360470 -29.235194 -22.623631
v 23.399513 -29.235194 -22.707360
v 23.423424 -29.235194 -22.796595
v 23.447971 -30.659043 -22.888628
v 23.423424 -30.675469 -22.980660
v 23.399513 -30.675469 -23.069896
v 23.360470 -30.675469 -23.153624
v 23.307480 -30.675469 -23.229301
v 23.242153 -30.675469 -23.294626
v 23.166477 -30.675469 -23.347615
v 23.082748 -30.675469 -23.386658
v 22.993515 -30.675469 -23.410569
v 22.901482 -30.675469 -23.418621
v 22.809448 -30.675469 -23.410569
v 22.720215 -30.675469 -23.386658
v 22.636486 -30.675469 -23.347615
v 22.560810 -30.675469 -23.294626
v 22.495483 -30.675469 -23.229301
v 22.442493 -30.675469 -23.153624
v 22.403450 -30.675469 -23.069896
v 22.379539 -30.675469 -22.980660
v 22.371490 -30.675469 -22.888628
v 22.379539 -30.675469 -22.796596
v 22.403450 -30.675469 -22.707360
v 22.442493 -30.675469 -22.623632
v 22.495483 -30.675469 -22.547956
v 22.560810 -30.675469 -22.482630
v 22.636486 -30.675469 -22.429641
v 22.720215 -30.675469 -22.390598
v 22.809448 -30.675469 -22.366687
v 22.901482 -30.675469 -22.358635
v 22.993515 -30.675469 -22.366687
v 23.082748 -30.675469 -22.390598
v 23.166477 -30.675469 -22.429641
v 23.242153 -30.675469 -22.482630
v 23.307480 -30.675469 -22.547955
v 23.360470 -30.675469 -22.623631
v 23.399513 -30.675469 -22.707360
v 23.439667 -30.659043 -22.793731
v 23.447971 -29.251619 -22.888628
v 23.439667 -29.251619 -22.983525
v 23.415012 -29.251619 -23.075538
v 23.374756 -29.251619 -23.161872
v 23.320114 -29.251619 -23.239904
v 23.252758 -29.251619 -23.307262
v 23.174725 -29.251619 -23.361901
v 23.088390 -29.251619 -23.402159
v 22.996380 -29.251619 -23.426814
v 22.901482 -29.251619 -23.435116
v 22.806583 -29.251619 -23.426814
v 22.714573 -29.251619 -23.402159
v 22.628239 -29.251619 -23.361901
v 22.550205 -29.251619 -23.307262
v 22.482849 -29.251619 -23.239904
v 22.428207 -29.251619 -23.161872
v 22.387951 -29.251619 -23.075538
v 22.363297 -29.251619 -22.983525
v 22.354992 -29.251619 -22.888628
v 22.363297 -29.251619 -22.793732
v 22.387951 -29.251619 -22.701718
v 22.428207 -29.251619 -22.615384
v 22.482849 -29.251619 -22.537352
v 22.550205 -29.251619 -22.469994
v 22.628239 -29.251619 -22.415356
v 22.714573 -29.251619 -22.375097
v 22.806583 -29.251619 -22.350442
v 22.901482 -29.251619 -22.342140
v 22.996380 -29.251619 -22.350442
v 23.088390 -29.251619 -22.375097
v 23.174725 -29.251619 -22.415355
v 23.252758 -29.251619 -22.469994
v 23.320114 -29.251619 -22.537352
v 23.374756 -29.251619 -22.615384
v 23.415012 -29.251619 -22.701718
v 23.439667 -29.251619 -22.793731
v 23.449512 -30.647002 22.668024
v 23.441185 -30.647002 22.763193
v 23.449512 -29.263660 22.668024
v 23.441185 -29.263660 22.572863
v 23.416462 -29.263660 22.480589
v 23.376091 -29.263660 22.394011
v 23.321297 -29.263660 22.315760
v 23.253750 -29.263660 22.248209
v 23.175495 -29.263660 22.193415
v 23.088921 -29.263660 22.153044
v 22.996647 -29.263660 22.128321
v 22.901482 -29.263660 22.119993
v 22.806316 -29.263660 22.128321
v 22.714043 -29.263660 22.153044
v 22.627468 -29.263660 22.193415
v 22.549213 -29.263660 22.248209
v 22.481667 -29.263660 22.315760
v 22.426872 -29.263660 22.394011
v 22.386501 -29.263660 22.480585
v 22.361778 -29.263660 22.572859
v 22.353451 -29.263660 22.668024
v 22.361778 -29.263660 22.763189
v 22.386501 -29.263660 22.855463
v 22.426872 -29.263660 22.942041
v 22.481667 -29.263660 23.020292
v 22.549213 -29.263660 23.087839
v 22.627468 -29.263660 23.142633
v 22.714043 -29.263660 23.183008
v 22.806316 -29.263660 23.207727
v 22.901482 -29.263660 23.216059
v 22.996647 -29.263660 23.207727
v 23.088921 -29.263660 23.183008
v 23.175495 -29.263660 23.142633
v 23.253750 -29.263660 23.087839
v 23.321297 -29.263660 23.020292
v 23.376091 -29.263660 22.942041
v 23.416462 -29.263660 22.855463
v 23.441185 -29.263660 22.763193
v 22.901482 -30.677002 22.668024
v 23.441185 -30.647002 22.572863
v 23.416462 -30.647002 22.480589
v 23.376091 -30.647002 22.394011
v 23.321297 -30.647002 22.315760
v 23.253750 -30.647002 22.248209
v 23.175495 -30.647002 22.193415
v 23.088921 -30.647002 22.153044
v 22.996647 -30.647002 22.128321
v 22.901482 -30.647002 22.119993
v 22.806316 -30.647002 22.128321
v 22.714043 -30.647002 22.153044
v 22.627468 -30.647002 22.193415
v 22.549213 -30.647002 22.248209
v 22.481667 -30.647002 22.315760
v 22.426872 -30.647002 22.394011
v 22.386501 -30.647002 22.480585
v 22.361778 -30.647002 22.572859
v 22.353451 -30.647002 22.668024
v 22.361778 -30.647002 22.763189
v 22.386501 -30.647002 22.855463
v 22.426872 -30.647002 22.942041
v 22.481667 -30.647002 23.020292
v 22.549213 -30.647002 23.087839
v 22.627468 -30.647002 23.142633
v 22.714043 -30.647002 23.183008
v 22.806316 -30.647002 23.207727
v 22.901482 -30.647002 23.216059
v 22.996647 -30.647002 23.207727
v 23.088921 -30.647002 23.183008
v 23.175495 -30.647002 23.142633
v 23.253750 -30.647002 23.087839
v 23.321297 -30.647002 23.020292
v 23.376091 -30.647002 22.942041
v 23.416462 -30.647002 22.855463
v 22.901482 -29.233661 22.668024
v 23.441982 -30.669502 22.668024
v 23.433773 -30.669502 22.574167
v 23.409386 -30.669502 22.483164
v 23.369568 -30.669502 22.397776
v 23.315529 -30.669502 22.320597
v 23.248909 -30.669502 22.253977
v 23.171734 -30.669502 22.199938
v 23.086346 -30.669502 22.160120
v 22.995338 -30.669502 22.135736
v 22.901482 -30.669502 22.127523
v 22.807625 -30.669502 22.135736
v 22.716618 -30.669502 22.160120
v 22.631229 -30.669502 22.199938
v 22.554054 -30.669502 22.253977
v 22.487434 -30.669502 22.320597
v 22.433395 -30.669502 22.397776
v 22.393578 -30.669502 22.483164
v 22.369190 -30.669502 22.574167
v 22.360981 -30.669502 22.668024
v 22.369190 -30.669502 22.761881
v 22.393578 -30.669502 22.852888
v 22.433392 -30.669502 22.938276
v 22.487434 -30.669502 23.015451
v 22.554054 -30.669502 23.082071
v 22.631229 -30.669502 23.136114
v 22.716618 -30.669502 23.175928
v 22.807625 -30.669502 23.200315
v 22.901482 -30.669502 23.208529
v 22.995338 -30.669502 23.200315
v 23.086346 -30.669502 23.175928
v 23.171734 -30.669502 23.136114
v 23.248909 -30.669502 23.082071
v 23.315529 -30.669502 23.015451
v 23.369568 -30.669502 22.938276
v 23.409386 -30.669502 22.852888
v 23.433773 -30.669502 22.761881
v 23.441982 -29.241160 22.668024
v 23.433773 -29.241160 22.574167
v 23.409386 -29.241160 22.483164
v 23.369568 -29.241160 22.397776
v 23.315529 -29.241160 22.320597
v 23.248909 -29.241160 22.253977
v 23.171734 -29.241160 22.199938
v 23.086346 -29.241160 22.160120
v 22.995338 -29.241160 22.135736
v 22.901482 -29.241160 22.127523
v 22.807625 -29.241160 22.135736
v 22.716618 -29.241160 22.160120
v 22.631229 -29.241160 22.199938
v 22.554054 -29.241160 22.253977
v 22.487434 -29.241160 22.320597
v 22.433395 -29.241160 22.397776
v 22.393578 -29.241160 22.483164
v 22.369190 -29.241160 22.574167
v 22.360981 -29.241160 22.668024
v 22.369190 -29.241160 22.761881
v 22.393578 -29.241160 22.852888
v 22.433392 -29.241160 22.938276
v 22.487434 -29.241160 23.015451
v 22.554054 -29.241160 23.082071
v 22.631229 -29.241160 23.136114
v 22.716618 -29.241160 23.175928
v 22.807625 -29.241160 23.200315
v 22.901482 -29.241160 23.208529
v 22.995338 -29.241160 23.200315
v 23.086346 -29.241160 23.175928
v 23.171734 -29.241160 23.136114
v 23.248909 -29.241160 23.082071
v 23.315529 -29.241160 23.015451
v 23.369568 -29.241160 22.938276
v 23.409386 -29.241160 22.852888
v 23.433773 -29.241160 22.761881
v 23.431473 -30.675469 22.668024
v 23.439667 -30.659043 22.573130
v 23.415012 -30.659043 22.481115
v 23.374756 -30.659043 22.394781
v 23.320114 -30.659043 22.316751
v 23.252758 -30.659043 22.249392
v 23.174725 -30.659043 22.194754
v 23.088390 -30.659043 22.154493
v 22.996380 -30.659043 22.129839
v 22.901482 -30.659043 22.121538
v 22.806583 -30.659043 22.129839
v 22.714573 -30.659043 22.154493
v 22.628239 -30.659043 22.194754
v 22.550205 -30.659043 22.249392
v 22.482849 -30.659043 22.316751
v 22.428207 -30.659043 22.394781
v 22.387951 -30.659043 22.481115
v 22.363297 -30.659043 22.573130
v 22.354992 -30.659043 22.668024
v 22.363297 -30.659043 22.762922
v 22.387951 -30.659043 22.854937
v 22.428207 -30.659043 22.941271
v 22.482849 -30.659043 23.019300
v 22.550205 -30.659043 23.086660
v 22.628239 -30.659043 23.141298
v 22.714573 -30.659043 23.181559
v 22.806583 -30.659043 23.206213
v 22.901482 -30.659043 23.214514
v 22.996380 -30.659043 23.206213
v 23.088390 -30.659043 23.181559
v 23.174725 -30.659043 23.141298
v 23.252758 -30.659043 23.086660
v 23.320114 -30.659043 23.019300
v 23.374752 -30.659043 22.941271
v 23.415012 -30.659043 22.854937
v 23.423424 -30.675469 22.760057
v 23.431473 -29.235194 22.668024
v 23.423424 -29.235194 22.575994
v 23.399513 -29.235194 22.486757
v 23.360470 -29.235194 22.403028
v 23.307480 -29.235194 22.327353
v 23.242153 -29.235194 22.262030
v 23.166477 -29.235194 22.209040
v 23.082748 -29.235194 22.169996
v 22.993515 -29.235194 22.146082
v 22.901482 -29.235194 22.138033
v 22.809448 -29.235194 22.146082
v 22.720215 -29.235194 22.169996
v 22.636486 -29.235194 22.209040
v 22.560810 -29.235194 22.262030
v 22.495483 -29.235194 22.327353
v 22.442493 -29.235194 22.403028
v 22.403450 -29.235194 22.486757
v 22.379539 -29.235194 22.575994
v 22.371490 -29.235194 22.668024
v 22.379539 -29.235194 22.760057
v 22.403450 -29.235194 22.849295
v 22.442493 -29.235194 22.933023
v 22.495483 -29.235194 23.008699
v 22.560810 -29.235194 23.074022
v 22.636486 -29.235194 23.127012
v 22.720215 -29.235194 23.166056
v 22.809448 -29.235194 23.189966
v 22.901482 -29.235194 23.198019
v 22.993515 -29.235194 23.189966
v 23.082748 -29.235194 23.166056
v 23.166477 -29.235194 23.127012
v 23.242153 -29.235194 23.074022
v 23.307480 -29.235194 23.008699
v 23.360470 -29.235194 22.933023
v 23.399513 -29.235194 22.849295
v 23.423424 -29.235194 22.760057
v 23.447971 -30.659043 22.668024
v 23.423424 -30.675469 22.575994
v 23.399513 -30.675469 22.486757
v 23.360470 -30.675469 22.403028
v 23.307480 -30.675469 22.327353
v 23.242153 -30.675469 22.262030
v 23.166477 -30.675469 22.209040
v 23.082748 -30.675469 22.169996
v 22.993515 -30.675469 22.146082
v 22.901482 -30.675469 22.138033
v 22.809448 -30.675469 22.146082
v 22.720215 -30.675469 22.169996
v 22.636486 -30.675469 22.209040
v 22.560810 -30.675469 22.262030
v 22.495483 -30.675469 22.327353
v 22.442493 -30.675469 22.403028
v 22.403450 -30.675469 22.486757
v 22.379539 -30.675469 22.575994
v 22.371490 -30.675469 22.668024
v 22.379539 -30.675469 22.760057
v 22.403450 -30.675469 22.849295
v 22.442493 -30.675469 22.933023
v 22.495483 -30.675469 23.008699
v 22.560810 -30.675469 23.074022
v 22.636486 -30.675469 23.127012
v 22.720215 -30.675469 23.166056
v 22.809448 -30.675469 23.189966
v 22.901482 -30.675469 23.198019
v 22.993515 -30.675469 23.189966
v 23.082748 -30.675469 23.166056
v 23.166477 -30.675469 23.127012
v 23.242153 -30.675469 23.074022
v 23.307480 -30.675469 23.008699
v 23.360470 -30.675469 22.933023
v 23.399513 -30.675469 22.849295
v 23.439667 -30.659043 22.762922
v 23.447971 -29.251619 22.668024
v 23.439667 -29.251619 22.573130
v 23.415012 -29.251619 22.481115
v 23.374756 -29.251619 22.394781
v 23.320114 -29.251619 22.316751
v 23.252758 -29.251619 22.249392
v 23.174725 -29.251619 22.194754
v 23.088390 -29.251619 22.154493
v 22.996380 -29.251619 22.129839
v 22.901482 -29.251619 22.121538
v 22.806583 -29.251619 22.129839
v 22.714573 -29.251619 22.154493
v 22.628239 -29.251619 22.194754
v 22.550205 -29.251619 22.249392
v 22.482849 -29.251619 22.316751
v 22.428207 -29.251619 22.394781
v 22.387951 -29.251619 22.481115
v 22.363297 -29.251619 22.573130
v 22.354992 -29.251619 22.668024
v 22.363297 -29.251619 22.762922
v 22.387951 -29.251619 22.854937
v 22.428207 -29.251619 22.941271
v 22.482849 -29.251619 23.019300
v 22.550205 -29.251619 23.086660
v 22.628239 -29.251619 23.141298
v 22.714573 -29.251619 23.181559
v 22.806583 -29.251619 23.206213
v 22.901482 -29.251619 23.214514
v 22.996380 -29.251619 23.206213
v 23.088390 -29.251619 23.181559
v 23.174725 -29.251619 23.141298
v 23.252758 -29.251619 23.086660
v 23.320114 -29.251619 23.019300
v 23.374756 -29.251619 22.941271
v 23.415012 -29.251619 22.854937
v 23.439667 -29.251619 22.762922
# 1160 vertices

vn 0.996195 0.000000 -0.087153
vn 0.965924 0.000000 -0.258827
vn 0.906305 0.000000 -0.422624
vn 0.819149 0.000000 -0.573580
vn 0.707107 0.000000 -0.707107
vn 0.573580 0.000000 -0.819149
vn 0.422624 0.000000 -0.906305
vn 0.258827 0.000000 -0.965924
vn 0.087153 0.000000 -0.996195
vn -0.087153 0.000000 -0.996195
vn -0.258827 0.000000 -0.965924
vn -0.422624 0.000000 -0.906305
vn -0.573580 0.000000 -0.819149
vn -0.707107 0.000000 -0.707107
vn -0.819149 0.000000 -0.573580
vn -0.906305 0.000000 -0.422624
vn -0.965924 0.000000 -0.258827
vn -0.996195 0.000000 -0.087153
vn -0.996195 0.000000 0.087154
vn -0.965925 0.000000 0.258822
vn -0.906305 0.000000 0.422624
vn -0.819149 0.000000 0.573580
vn -0.707107 0.000000 0.707107
vn -0.573580 0.000000 0.819149
vn -0.422624 0.000000 0.906305
vn -0.258827 0.000000 0.965924
vn -0.087153 0.000000 0.996195
vn 0.087154 0.000000 0.996195
vn 0.258822 0.000000 0.965925
vn 0.422624 0.000000 0.906305
vn 0.573580 0.000000 0.819149
vn 0.707097 0.000000 0.707117
vn 0.819156 0.000000 0.573571
vn 0.906305 0.000000 0.422624
vn 0.965924 0.000000 0.258827
vn 0.996195 0.000000 0.087153
vn 0.988172 -0.126659 -0.086454
vn 0.988172 0.126659 -0.086454
vn 0.958149 -0.126635 -0.256736
vn 0.958149 0.126635 -0.256736
vn 0.899021 -0.126536 -0.419225
vn 0.899021 0.126536 -0.419225
vn 0.812573 -0.126481 -0.568971
vn 0.812573 0.126481 -0.568971
vn 0.701432 -0.126442 -0.701432
vn 0.701432 0.126442 -0.701432
vn 0.568971 -0.126481 -0.812573
vn 0.568971 0.126481 -0.812573
vn 0.419225 -0.126536 -0.899021
vn 0.419225 0.126536 -0.899021
vn 0.256736 -0.126635 -0.958149
vn 0.256736 0.126635 -0.958149
vn 0.086454 -0.126659 -0.988172
vn 0.086454 0.126659 -0.988172
vn -0.086454 -0.126659 -0.988172
vn -0.086454 0.126659 -0.988172
vn -0.256736 -0.126635 -0.958149
vn -0.256736 0.126635 -0.958149
vn -0.419227 -0.126569 -0.899016
vn -0.419225 0.126536 -0.899021
vn -0.568963 -0.126525 -0.812572
vn -0.568971 0.126481 -0.812573
vn -0.701432 -0.126442 -0.701432
vn -0.701432 0.126442 -0.701432
vn -0.812573 -0.126481 -0.568971
vn -0.812573 0.126481 -0.568971
vn -0.899021 -0.126536 -0.419225
vn -0.899021 0.126536 -0.419225
vn -0.958149 -0.126635 -0.256736
vn -0.958149 0.126635 -0.256736
vn -0.988172 -0.126659 -0.086454
vn -0.988172 0.126659 -0.086454
vn -0.988172 -0.126652 0.086455
vn -0.988172 0.126652 0.086455
vn -0.958149 -0.126635 0.256736
vn -0.958153 0.126615 0.256734
vn -0.899014 -0.126601 0.419221
vn -0.899016 0.126569 0.419227
vn -0.812572 -0.126525 0.568963
vn -0.812572 0.126525 0.568963
vn -0.701432 -0.126442 0.701432
vn -0.701432 0.126442 0.701432
vn -0.568971 -0.126481 0.812573
vn -0.568971 0.126481 0.812573
vn -0.419225 -0.126536 0.899021
vn -0.419225 0.126536 0.899021
vn -0.256736 -0.126635 0.958149
vn -0.256736 0.126635 0.958149
vn -0.086454 -0.126659 0.988172
vn -0.086454 0.126659 0.988172
vn 0.086455 -0.126652 0.988172
vn 0.086455 0.126652 0.988172
vn 0.256736 -0.126635 0.958149
vn 0.256736 0.126635 0.958149
vn 0.419221 -0.126601 0.899014
vn 0.419221 0.126601 0.899014
vn 0.568963 -0.126525 0.812572
vn 0.568963 0.126525 0.812572
vn 0.701422 -0.126497 0.701432
vn 0.701422 0.126497 0.701432
vn 0.812572 -0.126525 0.568963
vn 0.812572 0.126525 0.568963
vn 0.899021 -0.126536 0.419225
vn 0.899021 0.126536 0.419225
vn 0.958149 -0.126635 0.256736
vn 0.958149 0.126635 0.256736
vn 0.988172 -0.126659 0.086454
vn 0.988172 0.126659 0.086454
vn 0.493238 -0.868823 -0.043160
vn 0.493238 0.868823 -0.043160
vn 0.478247 -0.868827 -0.128141
vn 0.478247 0.868827 -0.128141
vn 0.448717 -0.868833 -0.209244
vn 0.448717 0.868833 -0.209244
vn 0.405582 -0.868825 -0.283984
vn 0.405583 0.868824 -0.283984
vn 0.350121 -0.868810 -0.350121
vn 0.350121 0.868810 -0.350121
vn 0.283984 -0.868824 -0.405583
vn 0.283984 0.868825 -0.405582
vn 0.209244 -0.868833 -0.448717
vn 0.209244 0.868833 -0.448717
vn 0.128141 -0.868827 -0.478247
vn 0.128141 0.868827 -0.478247
vn 0.043160 -0.868823 -0.493238
vn 0.043160 0.868823 -0.493238
vn -0.043160 -0.868823 -0.493238
vn -0.043160 0.868823 -0.493238
vn -0.128141 -0.868827 -0.478247
vn -0.128141 0.868827 -0.478247
vn -0.209244 -0.868833 -0.448717
vn -0.209244 0.868833 -0.448717
vn -0.283984 -0.868825 -0.405582
vn -0.283984 0.868824 -0.405583
vn -0.350140 -0.868796 -0.350135
vn -0.350141 0.868796 -0.350136
vn -0.405603 -0.868808 -0.284003
vn -0.405603 0.868809 -0.284003
vn -0.448717 -0.868833 -0.209244
vn -0.448717 0.868833 -0.209244
vn -0.478247 -0.868827 -0.128141
vn -0.478247 0.868827 -0.128141
vn -0.493238 -0.868823 -0.043160
vn -0.493238 0.868823 -0.043160
vn -0.493238 -0.868823 0.043160
vn -0.493238 0.868823 0.043160
vn -0.478247 -0.868827 0.128141
vn -0.478247 0.868827 0.128141
vn -0.448717 -0.868833 0.209244
vn -0.448717 0.868833 0.209244
vn -0.405565 -0.868836 0.283975
vn -0.405565 0.868836 0.283975
vn -0.350106 -0.868824 0.350101
vn -0.350106 0.868824 0.350101
vn -0.283984 -0.868824 0.405583
vn -0.283984 0.868825 0.405582
vn -0.209244 -0.868833 0.448717
vn -0.209244 0.868833 0.448717
vn -0.128145 -0.868822 0.478255
vn -0.128145 0.868822 0.478255
vn -0.043160 -0.868821 0.493241
vn -0.043160 0.868821 0.493241
vn 0.043160 -0.868823 0.493238
vn 0.043160 0.868823 0.493238
vn 0.128141 -0.868827 0.478247
vn 0.128141 0.868827 0.478247
vn 0.209244 -0.868833 0.448717
vn 0.209244 0.868833 0.448717
vn 0.283975 -0.868836 0.405565
vn 0.283975 0.868836 0.405565
vn 0.350120 -0.868810 0.350121
vn 0.350121 0.868810 0.350121
vn 0.405618 -0.868797 0.284017
vn 0.405617 0.868798 0.284017
vn 0.448731 -0.868824 0.209248
vn 0.448731 0.868824 0.209248
vn 0.478255 -0.868822 0.128145
vn 0.478255 0.868822 0.128145
vn 0.493241 -0.868821 0.043160
vn 0.493241 0.868821 0.043160
vn 0.865435 -0.495265 -0.075725
vn 0.865435 0.495265 -0.075725
vn 0.839129 -0.495290 -0.224835
vn 0.839129 0.495290 -0.224835
vn 0.787326 -0.495304 -0.367140
vn 0.787326 0.495304 -0.367140
vn 0.711610 -0.495318 -0.498268
vn 0.711610 0.495318 -0.498268
vn 0.614273 -0.495316 -0.614273
vn 0.614273 0.495316 -0.614273
vn 0.498268 -0.495318 -0.711610
vn 0.498268 0.495318 -0.711610
vn 0.367140 -0.495304 -0.787326
vn 0.367140 0.495304 -0.787326
vn 0.224835 -0.495290 -0.839129
vn 0.224835 0.495290 -0.839129
vn 0.075725 -0.495265 -0.865435
vn 0.075725 0.495265 -0.865435
vn -0.075725 -0.495265 -0.865435
vn -0.075725 0.495265 -0.865435
vn -0.224835 -0.495290 -0.839129
vn -0.224835 0.495290 -0.839129
vn -0.367149 -0.495279 -0.787338
vn -0.367140 0.495304 -0.787326
vn -0.498276 -0.495284 -0.711629
vn -0.498268 0.495318 -0.711610
vn -0.614260 -0.495358 -0.614251
vn -0.614260 0.495359 -0.614251
vn -0.711583 -0.495367 -0.498258
vn -0.711583 0.495367 -0.498258
vn -0.787326 -0.495304 -0.367140
vn -0.787326 0.495304 -0.367140
vn -0.839129 -0.495290 -0.224835
vn -0.839129 0.495290 -0.224835
vn -0.865435 -0.495265 -0.075725
vn -0.865435 0.495265 -0.075725
vn -0.865435 -0.495265 0.075725
vn -0.865435 0.495265 0.075725
vn -0.839137 -0.495275 0.224839
vn -0.839129 0.495290 0.224835
vn -0.787352 -0.495254 0.367152
vn -0.787338 0.495279 0.367149
vn -0.711629 -0.495284 0.498276
vn -0.711628 0.495284 0.498275
vn -0.614273 -0.495316 0.614273
vn -0.614273 0.495316 0.614273
vn -0.498268 -0.495318 0.711610
vn -0.498268 0.495318 0.711610
vn -0.367140 -0.495304 0.787326
vn -0.367140 0.495304 0.787326
vn -0.224835 -0.495290 0.839129
vn -0.224835 0.495290 0.839129
vn -0.075725 -0.495265 0.865435
vn -0.075725 0.495265 0.865435
vn 0.075725 -0.495265 0.865435
vn 0.075725 0.495265 0.865435
vn 0.224839 -0.495275 0.839137
vn 0.224839 0.495275 0.839137
vn 0.367152 -0.495253 0.787352
vn 0.367152 0.495254 0.787352
vn 0.498276 -0.495284 0.711629
vn 0.498275 0.495284 0.711628
vn 0.614260 -0.495358 0.614251
vn 0.614260 0.495359 0.614251
vn 0.711583 -0.495367 0.498258
vn 0.711583 0.495367 0.498258
vn 0.787326 -0.495304 0.367140
vn 0.787326 0.495304 0.367140
vn 0.839129 -0.495290 0.224835
vn 0.839129 0.495290 0.224835
vn 0.865435 -0.495265 0.075725
vn 0.865435 0.495265 0.075725
vn 0.002849 -0.999996 -0.000502
vn 0.002678 -0.999996 -0.000975
vn -0.000000 -1.000000 0.000000
vn 0.002849 -0.999996 0.000000
vn 0.001445 0.999999 0.000000
vn -0.000000 1.000000 -0.000000
vn 0.001358 0.999999 -0.000494
vn 0.001445 0.999999 -0.000255
vn 0.002506 -0.999996 -0.001447
vn 0.002183 -0.999996 -0.001832
vn 0.001107 0.999999 -0.000929
vn 0.001271 0.999999 -0.000734
vn 0.001860 -0.999996 -0.002217
vn 0.001425 -0.999996 -0.002468
vn 0.000722 0.999999 -0.001251
vn 0.000943 0.999999 -0.001124
vn 0.000990 -0.999996 -0.002719
vn 0.000495 -0.999996 -0.002806
vn 0.000251 0.999999 -0.001423
vn 0.000502 0.999999 -0.001379
vn 0.000000 -0.999996 -0.002893
vn -0.000495 -0.999996 -0.002806
vn -0.000251 0.999999 -0.001423
vn 0.000000 0.999999 -0.001467
vn -0.000990 -0.999996 -0.002719
vn -0.001425 -0.999996 -0.002468
vn -0.000722 0.999999 -0.001251
vn -0.000502 0.999999 -0.001379
vn -0.001860 -0.999996 -0.002217
vn -0.002183 -0.999996 -0.001832
vn -0.001107 0.999999 -0.000929
vn -0.000943 0.999999 -0.001124
vn -0.002506 -0.999996 -0.001447
vn -0.002678 -0.999996 -0.000975
vn -0.001358 0.999999 -0.000494
vn -0.001271 0.999999 -0.000734
vn -0.002849 -0.999996 -0.000502
vn -0.002849 -0.999996 0.000000
vn -0.001445 0.999999 0.000000
vn -0.001445 0.999999 -0.000255
vn -0.002849 -0.999996 0.000502
vn -0.002678 -0.999996 0.000975
vn -0.001358 0.999999 0.000494
vn -0.001445 0.999999 0.000255
vn -0.002506 -0.999996 0.001447
vn -0.002183 -0.999996 0.001832
vn -0.001107 0.999999 0.000929
vn -0.001271 0.999999 0.000734
vn -0.001860 -0.999996 0.002217
vn -0.001425 -0.999996 0.002468
vn -0.000722 0.999999 0.001251
vn -0.000943 0.999999 0.001124
vn -0.000990 -0.999996 0.002719
vn -0.000495 -0.999996 0.002806
vn -0.000251 0.999999 0.001423
vn -0.000502 0.999999 0.001379
vn 0.000000 -0.999996 0.002893
vn 0.000495 -0.999996 0.002806
vn 0.000251 0.999999 0.001423
vn 0.000000 0.999999 0.001467
vn 0.000990 -0.999996 0.002719
vn 0.001425 -0.999996 0.002468
vn 0.000722 0.999999 0.001251
vn 0.000502 0.999999 0.001379
vn 0.001860 -0.999996 0.002217
vn 0.002183 -0.999996 0.001832
vn 0.001107 0.999999 0.000929
vn 0.000943 0.999999 0.001124
vn 0.002506 -0.999996 0.001447
vn 0.002678 -0.999996 0.000975
vn 0.001358 0.999999 0.000494
vn 0.001271 0.999999 0.000734
vn 0.002849 -0.999996 0.000502
vn 0.001445 0.999999 0.000255
vn 0.996195 0.000000 -0.087156
vn 0.965925 0.000000 -0.258822
vn 0.707117 0.000000 -0.707097
vn 0.573594 0.000000 -0.819140
vn 0.422608 0.000000 -0.906313
vn 0.258808 0.000000 -0.965929
vn 0.087172 0.000000 -0.996193
vn -0.087172 0.000000 -0.996193
vn -0.258808 0.000000 -0.965929
vn -0.422608 0.000000 -0.906313
vn -0.573594 0.000000 -0.819140
vn -0.707117 0.000000 -0.707097
vn -0.906298 0.000000 -0.422640
vn -0.965925 0.000000 -0.258822
vn -0.996195 0.000000 0.087153
vn -0.707097 0.000000 0.707117
vn -0.573594 0.000000 0.819140
vn -0.422641 0.000000 0.906297
vn -0.258771 0.000000 0.965939
vn -0.087212 0.000000 0.996190
vn 0.087214 0.000000 0.996190
vn 0.258766 0.000000 0.965940
vn 0.422641 0.000000 0.906297
vn 0.573594 0.000000 0.819140
vn 0.819149 0.000000 0.573580
vn 0.965922 0.000000 0.258832
vn 0.996195 0.000000 0.087149
vn 0.988172 -0.126652 -0.086457
vn 0.988172 0.126652 -0.086457
vn 0.958153 -0.126615 -0.256734
vn 0.958153 0.126615 -0.256734
vn 0.812565 -0.126525 -0.568972
vn 0.812565 0.126525 -0.568972
vn 0.701432 -0.126552 -0.701412
vn 0.701432 0.126551 -0.701412
vn 0.568964 -0.126670 -0.812549
vn 0.568963 0.126671 -0.812549
vn 0.419217 -0.126676 -0.899005
vn 0.419217 0.126676 -0.899005
vn 0.256729 -0.126561 -0.958161
vn 0.256729 0.126561 -0.958161
vn 0.086454 -0.126659 -0.988172
vn 0.086454 0.126659 -0.988172
vn -0.086454 -0.126659 -0.988172
vn -0.086454 0.126659 -0.988172
vn -0.256729 -0.126561 -0.958161
vn -0.256729 0.126561 -0.958161
vn -0.419219 -0.126709 -0.899000
vn -0.419217 0.126676 -0.899005
vn -0.568956 -0.126715 -0.812547
vn -0.568964 0.126670 -0.812549
vn -0.701432 -0.126551 -0.701412
vn -0.701432 0.126552 -0.701412
vn -0.812565 -0.126525 -0.568972
vn -0.812565 0.126525 -0.568972
vn -0.899010 -0.126601 -0.419229
vn -0.899010 0.126601 -0.419229
vn -0.958143 -0.126695 -0.256731
vn -0.958143 0.126695 -0.256731
vn -0.988171 -0.126666 -0.086455
vn -0.988171 0.126665 -0.086455
vn -0.988173 -0.126652 0.086453
vn -0.988173 0.126652 0.086453
vn -0.958153 -0.126615 0.256734
vn -0.899021 -0.126536 0.419225
vn -0.899021 0.126536 0.419225
vn -0.812565 -0.126525 0.568972
vn -0.812565 0.126525 0.568972
vn -0.701432 -0.126442 0.701432
vn -0.701432 0.126442 0.701432
vn -0.568982 -0.126417 0.812575
vn -0.568982 0.126417 0.812575
vn -0.419241 -0.126536 0.899014
vn -0.419241 0.126536 0.899014
vn -0.256715 -0.126412 0.958184
vn -0.256715 0.126411 0.958184
vn -0.086475 -0.126504 0.988190
vn -0.086475 0.126505 0.988190
vn 0.086476 -0.126498 0.988190
vn 0.086476 0.126498 0.988190
vn 0.256715 -0.126411 0.958184
vn 0.256715 0.126412 0.958184
vn 0.419237 -0.126601 0.899006
vn 0.419237 0.126601 0.899006
vn 0.568974 -0.126462 0.812574
vn 0.568974 0.126461 0.812574
vn 0.701432 -0.126442 0.701432
vn 0.701432 0.126442 0.701432
vn 0.812565 -0.126525 0.568972
vn 0.812565 0.126525 0.568972
vn 0.958146 -0.126655 0.256737
vn 0.958146 0.126655 0.256737
vn 0.988171 -0.126666 0.086451
vn 0.988171 0.126665 0.086451
vn 0.493235 -0.868825 -0.043160
vn 0.493235 0.868825 -0.043160
vn 0.478238 -0.868832 -0.128140
vn 0.478238 0.868832 -0.128140
vn 0.448731 -0.868824 -0.209248
vn 0.448731 0.868824 -0.209248
vn 0.405583 -0.868824 -0.283984
vn 0.405582 0.868825 -0.283984
vn 0.350082 -0.868837 -0.350092
vn 0.350082 0.868837 -0.350092
vn 0.283971 -0.868840 -0.405557
vn 0.283971 0.868840 -0.405557
vn 0.128168 -0.868790 -0.478307
vn 0.128168 0.868789 -0.478309
vn 0.043156 -0.868784 -0.493307
vn 0.043156 0.868785 -0.493306
vn -0.043156 -0.868785 -0.493306
vn -0.043156 0.868784 -0.493307
vn -0.128168 -0.868789 -0.478309
vn -0.128168 0.868790 -0.478307
vn -0.283971 -0.868840 -0.405557
vn -0.283971 0.868840 -0.405557
vn -0.350101 -0.868824 -0.350106
vn -0.350101 0.868824 -0.350107
vn -0.405603 -0.868809 -0.284003
vn -0.405603 0.868809 -0.284003
vn -0.448731 -0.868824 -0.209248
vn -0.448731 0.868824 -0.209248
vn -0.478238 -0.868832 -0.128140
vn -0.478238 0.868832 -0.128140
vn -0.493235 -0.868825 -0.043160
vn -0.493235 0.868825 -0.043160
vn -0.493241 -0.868821 0.043160
vn -0.493241 0.868821 0.043160
vn -0.478256 -0.868822 0.128142
vn -0.478256 0.868822 0.128142
vn -0.448731 -0.868824 0.209248
vn -0.448731 0.868824 0.209248
vn -0.405611 -0.868802 0.284011
vn -0.405611 0.868802 0.284011
vn -0.350150 -0.868783 0.350160
vn -0.350150 0.868783 0.350160
vn -0.284010 -0.868808 0.405599
vn -0.284010 0.868809 0.405598
vn -0.209262 -0.868798 0.448776
vn -0.209262 0.868797 0.448777
vn -0.128171 -0.868784 0.478317
vn -0.128171 0.868784 0.478316
vn 0.128167 -0.868789 0.478307
vn 0.128168 0.868789 0.478308
vn 0.209262 -0.868797 0.448777
vn 0.209262 0.868798 0.448776
vn 0.284001 -0.868820 0.405580
vn 0.284001 0.868820 0.405581
vn 0.350149 -0.868783 0.350160
vn 0.350150 0.868782 0.350160
vn 0.405632 -0.868786 0.284030
vn 0.405631 0.868787 0.284030
vn 0.478256 -0.868822 0.128142
vn 0.478256 0.868822 0.128142
vn 0.865438 -0.495260 -0.075726
vn 0.865438 0.495260 -0.075726
vn 0.839137 -0.495275 -0.224839
vn 0.839137 0.495275 -0.224839
vn 0.711642 -0.495250 -0.498291
vn 0.711642 0.495249 -0.498291
vn 0.614307 -0.495231 -0.614307
vn 0.614307 0.495232 -0.614307
vn 0.367134 -0.495358 -0.787295
vn 0.367134 0.495358 -0.787295
vn 0.224818 -0.495406 -0.839065
vn 0.224817 0.495406 -0.839065
vn 0.075713 -0.495325 -0.865402
vn 0.075713 0.495324 -0.865403
vn -0.075713 -0.495324 -0.865403
vn -0.075713 0.495325 -0.865402
vn -0.224817 -0.495406 -0.839065
vn -0.224818 0.495406 -0.839065
vn -0.367143 -0.495333 -0.787306
vn -0.367134 0.495358 -0.787295
vn -0.614294 -0.495274 -0.614285
vn -0.614294 0.495274 -0.614285
vn -0.711615 -0.495299 -0.498281
vn -0.711615 0.495299 -0.498281
vn -0.839137 -0.495275 -0.224839
vn -0.839137 0.495275 -0.224839
vn -0.865438 -0.495260 -0.075726
vn -0.865438 0.495260 -0.075726
vn -0.865433 -0.495270 0.075724
vn -0.865432 0.495271 0.075724
vn -0.839121 -0.495306 0.224830
vn -0.839121 0.495306 0.224830
vn -0.787326 -0.495304 0.367140
vn -0.787326 0.495304 0.367140
vn -0.711604 -0.495318 0.498277
vn -0.711604 0.495318 0.498277
vn -0.614239 -0.495400 0.614239
vn -0.614239 0.495401 0.614239
vn -0.498248 -0.495417 0.711555
vn -0.498248 0.495416 0.711556
vn -0.367093 -0.495466 0.787246
vn -0.367093 0.495467 0.787245
vn -0.224817 -0.495522 0.838997
vn -0.224817 0.495521 0.838997
vn -0.075713 -0.495325 0.865402
vn -0.075713 0.495324 0.865403
vn 0.075713 -0.495324 0.865403
vn 0.075713 0.495325 0.865402
vn 0.224821 -0.495505 0.839005
vn 0.224821 0.495506 0.839005
vn 0.367105 -0.495417 0.787271
vn 0.367106 0.495415 0.787272
vn 0.498256 -0.495381 0.711575
vn 0.498255 0.495383 0.711574
vn 0.614226 -0.495443 0.614217
vn 0.614226 0.495443 0.614217
vn 0.711577 -0.495367 0.498266
vn 0.711577 0.495367 0.498267
vn 0.839121 -0.495306 0.224830
vn 0.839121 0.495306 0.224830
vn 0.865432 -0.495271 0.075724
vn 0.865433 0.495270 0.075724
vn 0.002094 -0.999998 -0.000495
vn -0.000079 -1.000000 -0.000000
vn 0.002094 -0.999998 0.000495
vn 0.001469 -0.999999 0.000000
vn 0.002890 0.999996 -0.000000
vn 0.002134 0.999998 0.000251
vn 0.000079 1.000000 -0.000000
vn 0.002134 0.999998 -0.000251
vn 0.002719 -0.999996 -0.000990
vn 0.002468 -0.999996 -0.001425
vn 0.001251 0.999999 -0.000722
vn 0.001379 0.999999 -0.000502
vn 0.002216 -0.999996 -0.001860
vn 0.001832 -0.999996 -0.002183
vn 0.000929 0.999999 -0.001107
vn 0.001124 0.999999 -0.000943
vn 0.001447 -0.999996 -0.002506
vn 0.000975 -0.999996 -0.002678
vn 0.000494 0.999999 -0.001358
vn 0.000734 0.999999 -0.001271
vn 0.000502 -0.999996 -0.002849
vn 0.000000 -0.999996 -0.002849
vn 0.000000 0.999999 -0.001445
vn 0.000255 0.999999 -0.001445
vn -0.000502 -0.999996 -0.002849
vn -0.000975 -0.999996 -0.002678
vn -0.000494 0.999999 -0.001358
vn -0.000255 0.999999 -0.001445
vn -0.001447 -0.999996 -0.002506
vn -0.001832 -0.999996 -0.002183
vn -0.000929 0.999999 -0.001107
vn -0.000734 0.999999 -0.001271
vn -0.002216 -0.999996 -0.001860
vn -0.002468 -0.999996 -0.001425
vn -0.001251 0.999999 -0.000722
vn -0.001124 0.999999 -0.000943
vn -0.002719 -0.999996 -0.000990
vn -0.002806 -0.999996 -0.000495
vn -0.001423 0.999999 -0.000251
vn -0.001379 0.999999 -0.000502
vn -0.002893 -0.999996 -0.000000
vn -0.002806 -0.999996 0.000495
vn -0.001423 0.999999 0.000251
vn -0.001467 0.999999 0.000000
vn -0.002719 -0.999996 0.000990
vn -0.002468 -0.999996 0.001425
vn -0.001251 0.999999 0.000722
vn -0.001379 0.999999 0.000502
vn -0.002216 -0.999996 0.001860
vn -0.001832 -0.999996 0.002183
vn -0.000929 0.999999 0.001107
vn -0.001124 0.999999 0.000943
vn -0.001447 -0.999996 0.002506
vn -0.000975 -0.999996 0.002678
vn -0.000494 0.999999 0.001358
vn -0.000734 0.999999 0.001271
vn -0.000502 -0.999996 0.002849
vn -0.000000 -0.999996 0.002849
vn 0.000000 0.999999 0.001445
vn -0.000255 0.999999 0.001445
vn 0.000502 -0.999996 0.002849
vn 0.000975 -0.999996 0.002678
vn 0.000494 0.999999 0.001358
vn 0.000255 0.999999 0.001445
vn 0.001447 -0.999996 0.002506
vn 0.001832 -0.999996 0.002183
vn 0.000929 0.999999 0.001107
vn 0.000734 0.999999 0.001271
vn 0.002216 -0.999996 0.001860
vn 0.002468 -0.999996 0.001425
vn 0.001251 0.999999 0.000722
vn 0.001124 0.999999 0.000943
vn 0.002719 -0.999996 0.000990
vn 0.001379 0.999999 0.000502
vn 0.996193 0.000000 -0.087172
vn 0.965929 0.000000 -0.258808
vn 0.906313 0.000000 -0.422608
vn 0.819140 0.000000 -0.573594
vn 0.573561 0.000000 -0.819162
vn 0.422640 0.000000 -0.906298
vn 0.258822 0.000000 -0.965925
vn -0.258822 0.000000 -0.965925
vn -0.422640 0.000000 -0.906298
vn -0.573561 0.000000 -0.819162
vn -0.819140 0.000000 -0.573594
vn -0.906313 0.000000 -0.422608
vn -0.965929 0.000000 -0.258808
vn -0.996193 0.000000 -0.087172
vn -0.996193 0.000000 0.087174
vn -0.965930 0.000000 0.258803
vn -0.906313 0.000000 0.422608
vn -0.819140 0.000000 0.573594
vn -0.707117 0.000000 0.707097
vn -0.573561 0.000000 0.819162
vn -0.422640 0.000000 0.906298
vn -0.258822 0.000000 0.965925
vn 0.087153 0.000000 0.996195
vn 0.422640 0.000000 0.906298
vn 0.573561 0.000000 0.819162
vn 0.707107 0.000000 0.707107
vn 0.819147 0.000000 0.573584
vn 0.906313 0.000000 0.422608
vn 0.965929 0.000000 0.258808
vn 0.996193 0.000000 0.087172
vn 0.988190 -0.126505 -0.086475
vn 0.988190 0.126505 -0.086475
vn 0.958161 -0.126561 -0.256729
vn 0.958161 0.126561 -0.256729
vn 0.899029 -0.126536 -0.419208
vn 0.899029 0.126536 -0.419208
vn 0.812552 -0.126544 -0.568986
vn 0.812552 0.126544 -0.568986
vn 0.701432 -0.126551 -0.701412
vn 0.701432 0.126551 -0.701412
vn 0.568954 -0.126525 -0.812578
vn 0.568954 0.126525 -0.812578
vn 0.419229 -0.126601 -0.899010
vn 0.419229 0.126601 -0.899010
vn 0.256737 -0.126655 -0.958146
vn 0.256737 0.126655 -0.958146
vn 0.086453 -0.126652 -0.988173
vn 0.086453 0.126652 -0.988173
vn -0.086453 -0.126652 -0.988173
vn -0.086453 0.126652 -0.988173
vn -0.256737 -0.126655 -0.958146
vn -0.256737 0.126655 -0.958146
vn -0.419229 -0.126601 -0.899010
vn -0.419229 0.126601 -0.899010
vn -0.568954 -0.126525 -0.812578
vn -0.568954 0.126525 -0.812578
vn -0.701432 -0.126551 -0.701412
vn -0.701432 0.126551 -0.701412
vn -0.812552 -0.126544 -0.568986
vn -0.812552 0.126544 -0.568986
vn -0.899029 -0.126536 -0.419208
vn -0.899029 0.126536 -0.419208
vn -0.958161 -0.126561 -0.256729
vn -0.958161 0.126561 -0.256729
vn -0.988190 -0.126505 -0.086475
vn -0.988190 0.126505 -0.086475
vn -0.988190 -0.126498 0.086476
vn -0.988190 0.126498 0.086476
vn -0.958161 -0.126561 0.256729
vn -0.958164 0.126541 0.256727
vn -0.899021 -0.126601 0.419205
vn -0.899023 0.126569 0.419210
vn -0.812551 -0.126588 0.568978
vn -0.812551 0.126588 0.568978
vn -0.701432 -0.126551 0.701412
vn -0.701432 0.126551 0.701412
vn -0.568954 -0.126525 0.812578
vn -0.568954 0.126525 0.812578
vn -0.419229 -0.126601 0.899010
vn -0.419229 0.126601 0.899010
vn -0.256737 -0.126655 0.958146
vn -0.256737 0.126655 0.958146
vn -0.086453 -0.126652 0.988173
vn -0.086453 0.126652 0.988173
vn 0.086453 -0.126652 0.988173
vn 0.086453 0.126652 0.988173
vn 0.256737 -0.126655 0.958146
vn 0.256737 0.126655 0.958146
vn 0.419229 -0.126601 0.899010
vn 0.419229 0.126601 0.899010
vn 0.568954 -0.126525 0.812578
vn 0.568954 0.126525 0.812578
vn 0.701422 -0.126606 0.701412
vn 0.701422 0.126606 0.701412
vn 0.812547 -0.126715 0.568956
vn 0.812551 0.126588 0.568978
vn 0.899005 -0.126676 0.419217
vn 0.899029 0.126536 0.419208
vn 0.958161 -0.126561 0.256729
vn 0.958161 0.126561 0.256729
vn 0.988190 -0.126505 0.086475
vn 0.988190 0.126505 0.086475
vn 0.493240 -0.868823 -0.043140
vn 0.493240 0.868823 -0.043140
vn 0.478307 -0.868789 -0.128167
vn 0.478308 0.868789 -0.128168
vn 0.448829 -0.868762 -0.209297
vn 0.448829 0.868762 -0.209296
vn 0.405649 -0.868777 -0.284035
vn 0.405649 0.868777 -0.284035
vn 0.350121 -0.868810 -0.350121
vn 0.350120 0.868810 -0.350121
vn 0.283966 -0.868847 -0.405547
vn 0.283966 0.868847 -0.405547
vn 0.209224 -0.868857 -0.448679
vn 0.209224 0.868857 -0.448678
vn 0.128140 -0.868832 -0.478238
vn 0.128140 0.868831 -0.478238
vn 0.043160 -0.868821 -0.493241
vn 0.043160 0.868821 -0.493241
vn -0.043160 -0.868821 -0.493241
vn -0.043160 0.868821 -0.493241
vn -0.128140 -0.868831 -0.478238
vn -0.128140 0.868832 -0.478238
vn -0.209224 -0.868857 -0.448678
vn -0.209224 0.868857 -0.448679
vn -0.283966 -0.868847 -0.405547
vn -0.283966 0.868847 -0.405547
vn -0.350120 -0.868810 -0.350121
vn -0.350121 0.868810 -0.350121
vn -0.405649 -0.868777 -0.284035
vn -0.405649 0.868777 -0.284035
vn -0.448829 -0.868762 -0.209296
vn -0.448829 0.868762 -0.209297
vn -0.478308 -0.868789 -0.128168
vn -0.478307 0.868789 -0.128167
vn -0.493240 -0.868823 -0.043140
vn -0.493240 0.868823 -0.043140
vn -0.493240 -0.868823 0.043140
vn -0.493240 0.868823 0.043140
vn -0.478307 -0.868789 0.128167
vn -0.478308 0.868789 0.128168
vn -0.448777 -0.868797 0.209262
vn -0.448776 0.868798 0.209262
vn -0.405580 -0.868820 0.284001
vn -0.405581 0.868820 0.284001
vn -0.350106 -0.868824 0.350101
vn -0.350106 0.868824 0.350101
vn -0.283966 -0.868847 0.405547
vn -0.283966 0.868847 0.405547
vn -0.209224 -0.868857 0.448679
vn -0.209224 0.868857 0.448678
vn -0.128140 -0.868832 0.478238
vn -0.128140 0.868831 0.478238
vn 0.043160 -0.868821 0.493241
vn 0.043160 0.868821 0.493241
vn 0.128140 -0.868831 0.478238
vn 0.128140 0.868832 0.478238
vn 0.209224 -0.868857 0.448678
vn 0.209224 0.868857 0.448679
vn 0.283966 -0.868847 0.405547
vn 0.283966 0.868847 0.405547
vn 0.405663 -0.868766 0.284049
vn 0.405663 0.868766 0.284049
vn 0.448843 -0.868754 0.209301
vn 0.448843 0.868754 0.209301
vn 0.478317 -0.868784 0.128171
vn 0.478316 0.868784 0.128171
vn 0.493243 -0.868821 0.043140
vn 0.493243 0.868821 0.043140
vn 0.865402 -0.495325 -0.075713
vn 0.865403 0.495324 -0.075713
vn 0.839125 -0.495290 -0.224851
vn 0.839124 0.495291 -0.224851
vn 0.787246 -0.495466 -0.367093
vn 0.787245 0.495467 -0.367093
vn 0.711555 -0.495417 -0.498248
vn 0.711556 0.495416 -0.498248
vn 0.614281 -0.495316 -0.614264
vn 0.614281 0.495316 -0.614264
vn 0.498291 -0.495250 -0.711642
vn 0.498291 0.495249 -0.711642
vn 0.367164 -0.495203 -0.787378
vn 0.367164 0.495203 -0.787378
vn 0.224839 -0.495275 -0.839137
vn 0.224839 0.495275 -0.839136
vn 0.075724 -0.495270 -0.865432
vn 0.075724 0.495270 -0.865433
vn -0.075724 -0.495270 -0.865433
vn -0.075724 0.495270 -0.865432
vn -0.224839 -0.495275 -0.839136
vn -0.224839 0.495275 -0.839137
vn -0.367164 -0.495203 -0.787378
vn -0.367164 0.495203 -0.787378
vn -0.498291 -0.495249 -0.711642
vn -0.498291 0.495250 -0.711642
vn -0.614281 -0.495316 -0.614264
vn -0.614281 0.495316 -0.614264
vn -0.711556 -0.495416 -0.498248
vn -0.711555 0.495417 -0.498248
vn -0.787245 -0.495467 -0.367093
vn -0.787246 0.495466 -0.367093
vn -0.839124 -0.495291 -0.224851
vn -0.839125 0.495290 -0.224851
vn -0.865403 -0.495324 -0.075713
vn -0.865402 0.495325 -0.075713
vn -0.865402 -0.495325 0.075713
vn -0.865403 0.495324 0.075713
vn -0.839132 -0.495274 0.224855
vn -0.839124 0.495291 0.224851
vn -0.787334 -0.495308 0.367117
vn -0.787320 0.495333 0.367114
vn -0.711612 -0.495284 0.498299
vn -0.711612 0.495284 0.498299
vn -0.614281 -0.495316 0.614264
vn -0.614281 0.495316 0.614264
vn -0.498291 -0.495250 0.711642
vn -0.498291 0.495249 0.711642
vn -0.367164 -0.495203 0.787378
vn -0.367164 0.495203 0.787378
vn -0.224839 -0.495275 0.839137
vn -0.224839 0.495275 0.839136
vn -0.075724 -0.495270 0.865432
vn -0.075724 0.495270 0.865433
vn 0.075724 -0.495270 0.865433
vn 0.075724 0.495270 0.865432
vn 0.224839 -0.495275 0.839136
vn 0.224839 0.495275 0.839137
vn 0.367164 -0.495203 0.787378
vn 0.367164 0.495203 0.787378
vn 0.498291 -0.495249 0.711642
vn 0.498291 0.495250 0.711642
vn 0.614281 -0.495316 0.614264
vn 0.614281 0.495316 0.614264
vn 0.711610 -0.495318 0.498268
vn 0.711555 0.495417 0.498248
vn 0.787295 -0.495358 0.367134
vn 0.787246 0.495466 0.367093
vn 0.839124 -0.495291 0.224851
vn 0.839125 0.495290 0.224851
vn 0.865403 -0.495324 0.075713
vn 0.865402 0.495325 0.075713
vn 0.002849 -0.999996 -0.000502
vn 0.002678 -0.999996 -0.000975
vn -0.000000 -1.000000 0.000000
vn 0.002849 -0.999996 0.000000
vn 0.001445 0.999999 0.000000
vn -0.000000 1.000000 0.000000
vn 0.001358 0.999999 -0.000494
vn 0.001445 0.999999 -0.000255
vn 0.002506 -0.999996 -0.001447
vn 0.002183 -0.999996 -0.001832
vn 0.001107 0.999999 -0.000929
vn 0.001271 0.999999 -0.000734
vn 0.001860 -0.999996 -0.002217
vn 0.001425 -0.999996 -0.002468
vn 0.000722 0.999999 -0.001251
vn 0.000990 -0.999996 -0.002719
vn 0.000495 -0.999996 -0.002806
vn 0.000251 0.999999 -0.001423
vn 0.000502 0.999999 -0.001379
vn -0.000495 -0.999996 -0.002806
vn -0.000251 0.999999 -0.001423
vn -0.000990 -0.999996 -0.002719
vn -0.001425 -0.999996 -0.002468
vn -0.000722 0.999999 -0.001251
vn -0.000502 0.999999 -0.001379
vn -0.001860 -0.999996 -0.002217
vn -0.002183 -0.999996 -0.001832
vn -0.001107 0.999999 -0.000929
vn -0.002506 -0.999996 -0.001447
vn -0.002678 -0.999996 -0.000975
vn -0.001358 0.999999 -0.000494
vn -0.001271 0.999999 -0.000734
vn -0.002849 -0.999996 -0.000502
vn -0.002849 -0.999996 0.000000
vn -0.001445 0.999999 0.000000
vn -0.001445 0.999999 -0.000255
vn -0.002849 -0.999996 0.000502
vn -0.002678 -0.999996 0.000975
vn -0.001358 0.999999 0.000494
vn -0.001445 0.999999 0.000255
vn -0.002506 -0.999996 0.001447
vn -0.002183 -0.999996 0.001832
vn -0.001107 0.999999 0.000929
vn -0.001271 0.999999 0.000734
vn -0.001860 -0.999996 0.002217
vn -0.001425 -0.999996 0.002468
vn -0.000990 -0.999996 0.002719
vn -0.000495 -0.999996 0.002806
vn 0.000000 -0.999996 0.002893
vn 0.000495 -0.999996 0.002806
vn 0.000251 0.999999 0.001423
vn 0.000000 0.999999 0.001467
vn 0.000990 -0.999996 0.002719
vn 0.001425 -0.999996 0.002468
vn 0.000722 0.999999 0.001251
vn 0.000502 0.999999 0.001379
vn 0.002183 -0.999996 0.001832
vn 0.001107 0.999999 0.000929
vn 0.002506 -0.999996 0.001447
vn 0.002678 -0.999996 0.000975
vn 0.001358 0.999999 0.000494
vn 0.001271 0.999999 0.000734
vn 0.002849 -0.999996 0.000502
vn 0.001445 0.999999 0.000255
vn 0.996193 0.000000 -0.087176
vn 0.965930 0.000000 -0.258803
vn 0.707127 0.000000 -0.707087
vn 0.573575 0.000000 -0.819153
vn 0.422623 0.000000 -0.906306
vn 0.258803 0.000000 -0.965930
vn -0.258803 0.000000 -0.965930
vn -0.422623 0.000000 -0.906306
vn -0.573575 0.000000 -0.819153
vn -0.707127 0.000000 -0.707087
vn -0.906306 0.000000 -0.422623
vn -0.965930 0.000000 -0.258803
vn -0.996193 0.000000 0.087172
vn -0.573575 0.000000 0.819153
vn -0.422656 0.000000 0.906290
vn -0.258766 0.000000 0.965940
vn 0.087212 0.000000 0.996190
vn 0.422656 0.000000 0.906290
vn 0.573575 0.000000 0.819153
vn 0.819140 0.000000 0.573594
vn 0.965927 0.000000 0.258813
vn 0.996194 0.000000 0.087169
vn 0.988190 -0.126498 -0.086478
vn 0.988190 0.126498 -0.086478
vn 0.958164 -0.126541 -0.256727
vn 0.958164 0.126541 -0.256727
vn 0.812545 -0.126588 -0.568987
vn 0.812545 0.126588 -0.568987
vn 0.701432 -0.126661 -0.701392
vn 0.701432 0.126661 -0.701392
vn 0.568946 -0.126715 -0.812554
vn 0.568946 0.126715 -0.812554
vn 0.419221 -0.126742 -0.898994
vn 0.419221 0.126741 -0.898994
vn 0.256731 -0.126581 -0.958158
vn 0.256731 0.126581 -0.958158
vn 0.086453 -0.126652 -0.988173
vn 0.086453 0.126652 -0.988173
vn -0.086453 -0.126652 -0.988173
vn -0.086453 0.126652 -0.988173
vn -0.256731 -0.126581 -0.958158
vn -0.256731 0.126581 -0.958158
vn -0.419221 -0.126741 -0.898994
vn -0.419221 0.126742 -0.898994
vn -0.568946 -0.126715 -0.812554
vn -0.568946 0.126715 -0.812554
vn -0.701432 -0.126661 -0.701392
vn -0.701432 0.126661 -0.701392
vn -0.812545 -0.126588 -0.568987
vn -0.812545 0.126588 -0.568987
vn -0.899018 -0.126601 -0.419212
vn -0.899018 0.126601 -0.419212
vn -0.958154 -0.126621 -0.256724
vn -0.958154 0.126621 -0.256724
vn -0.988189 -0.126512 -0.086476
vn -0.988189 0.126511 -0.086476
vn -0.988190 -0.126498 0.086475
vn -0.988190 0.126498 0.086475
vn -0.958164 -0.126541 0.256727
vn -0.899029 -0.126536 0.419208
vn -0.899029 0.126536 0.419208
vn -0.812545 -0.126588 0.568987
vn -0.812545 0.126588 0.568987
vn -0.701432 -0.126551 0.701412
vn -0.701432 0.126551 0.701412
vn -0.568965 -0.126461 0.812580
vn -0.568965 0.126462 0.812580
vn -0.419245 -0.126601 0.899003
vn -0.419245 0.126601 0.899003
vn -0.256717 -0.126432 0.958181
vn -0.256717 0.126431 0.958181
vn -0.086475 -0.126498 0.988191
vn -0.086475 0.126498 0.988190
vn 0.086475 -0.126498 0.988190
vn 0.086475 0.126498 0.988191
vn 0.256717 -0.126431 0.958181
vn 0.256717 0.126432 0.958181
vn 0.419245 -0.126601 0.899003
vn 0.419245 0.126601 0.899003
vn 0.568965 -0.126462 0.812580
vn 0.568965 0.126461 0.812580
vn 0.701432 -0.126551 0.701412
vn 0.701432 0.126551 0.701412
vn 0.812541 -0.126715 0.568965
vn 0.812545 0.126588 0.568987
vn 0.958158 -0.126581 0.256731
vn 0.958158 0.126581 0.256731
vn 0.988189 -0.126512 0.086473
vn 0.988189 0.126511 0.086473
vn 0.493237 -0.868825 -0.043140
vn 0.493237 0.868825 -0.043140
vn 0.478299 -0.868795 -0.128166
vn 0.478300 0.868794 -0.128167
vn 0.448843 -0.868754 -0.209301
vn 0.448843 0.868754 -0.209301
vn 0.405649 -0.868777 -0.284036
vn 0.405648 0.868777 -0.284035
vn 0.350082 -0.868837 -0.350092
vn 0.350081 0.868838 -0.350092
vn 0.283953 -0.868863 -0.405522
vn 0.283954 0.868863 -0.405522
vn 0.128167 -0.868795 -0.478298
vn 0.128167 0.868794 -0.478300
vn 0.043156 -0.868782 -0.493310
vn 0.043156 0.868783 -0.493309
vn -0.043156 -0.868783 -0.493309
vn -0.043156 0.868782 -0.493310
vn -0.128167 -0.868794 -0.478300
vn -0.128167 0.868795 -0.478298
vn -0.283954 -0.868863 -0.405522
vn -0.283953 0.868863 -0.405522
vn -0.350081 -0.868838 -0.350092
vn -0.350082 0.868837 -0.350092
vn -0.405648 -0.868777 -0.284035
vn -0.405649 0.868777 -0.284036
vn -0.448843 -0.868754 -0.209301
vn -0.448843 0.868754 -0.209301
vn -0.478300 -0.868794 -0.128167
vn -0.478299 0.868795 -0.128166
vn -0.493237 -0.868825 -0.043140
vn -0.493237 0.868825 -0.043140
vn -0.493243 -0.868821 0.043140
vn -0.493243 0.868821 0.043140
vn -0.478316 -0.868784 0.128169
vn -0.478317 0.868784 0.128169
vn -0.448791 -0.868789 0.209267
vn -0.448790 0.868789 0.209266
vn -0.405627 -0.868787 0.284037
vn -0.405627 0.868786 0.284037
vn -0.350150 -0.868782 0.350160
vn -0.350149 0.868783 0.350160
vn -0.283992 -0.868831 0.405563
vn -0.283992 0.868831 0.405563
vn -0.209242 -0.868822 0.448738
vn -0.209242 0.868822 0.448739
vn -0.128167 -0.868794 0.478299
vn -0.128167 0.868794 0.478299
vn 0.128167 -0.868794 0.478299
vn 0.128167 0.868794 0.478299
vn 0.209242 -0.868822 0.448739
vn 0.209242 0.868822 0.448738
vn 0.283992 -0.868831 0.405563
vn 0.283992 0.868831 0.405563
vn 0.405677 -0.868755 0.284062
vn 0.405678 0.868754 0.284062
vn 0.478317 -0.868784 0.128169
vn 0.478316 0.868784 0.128169
vn 0.865405 -0.495320 -0.075714
vn 0.865406 0.495319 -0.075714
vn 0.839133 -0.495274 -0.224856
vn 0.839132 0.495275 -0.224855
vn 0.711587 -0.495349 -0.498270
vn 0.711588 0.495347 -0.498271
vn 0.614316 -0.495231 -0.614298
vn 0.614315 0.495232 -0.614298
vn 0.367158 -0.495257 -0.787347
vn 0.367158 0.495257 -0.787347
vn 0.224822 -0.495390 -0.839073
vn 0.224822 0.495391 -0.839073
vn 0.075712 -0.495330 -0.865399
vn 0.075712 0.495329 -0.865400
vn -0.075712 -0.495329 -0.865400
vn -0.075712 0.495330 -0.865399
vn -0.224822 -0.495391 -0.839073
vn -0.224822 0.495390 -0.839073
vn -0.367158 -0.495257 -0.787347
vn -0.367158 0.495257 -0.787347
vn -0.614315 -0.495232 -0.614298
vn -0.614316 0.495231 -0.614298
vn -0.711588 -0.495347 -0.498271
vn -0.711587 0.495349 -0.498270
vn -0.839132 -0.495275 -0.224855
vn -0.839133 0.495274 -0.224856
vn -0.865406 -0.495319 -0.075714
vn -0.865405 0.495320 -0.075714
vn -0.865399 -0.495331 0.075712
vn -0.865400 0.495329 0.075712
vn -0.839117 -0.495305 0.224847
vn -0.839116 0.495306 0.224846
vn -0.787308 -0.495358 0.367105
vn -0.787308 0.495358 0.367105
vn -0.711587 -0.495318 0.498300
vn -0.711587 0.495318 0.498300
vn -0.614248 -0.495400 0.614230
vn -0.614247 0.495401 0.614230
vn -0.498270 -0.495349 0.711587
vn -0.498271 0.495347 0.711588
vn -0.367118 -0.495365 0.787298
vn -0.367117 0.495366 0.787297
vn -0.224821 -0.495506 0.839005
vn -0.224821 0.495505 0.839005
vn -0.075712 -0.495330 0.865399
vn -0.075712 0.495329 0.865400
vn 0.075712 -0.495329 0.865400
vn 0.075712 0.495330 0.865399
vn 0.224821 -0.495505 0.839005
vn 0.224821 0.495506 0.839005
vn 0.367117 -0.495366 0.787297
vn 0.367118 0.495365 0.787298
vn 0.498271 -0.495347 0.711588
vn 0.498270 0.495349 0.711587
vn 0.614247 -0.495401 0.614230
vn 0.614248 0.495400 0.614230
vn 0.711604 -0.495318 0.498277
vn 0.711550 0.495417 0.498256
vn 0.839116 -0.495306 0.224846
vn 0.839117 0.495305 0.224847
vn 0.865400 -0.495329 0.075712
vn 0.865399 0.495331 0.075712
vn 0.002849 -0.999996 -0.000502
vn 0.002678 -0.999996 -0.000975
vn 0.000000 -1.000000 -0.000000
vn 0.002849 -0.999996 -0.000000
vn 0.001445 0.999999 -0.000000
vn -0.000000 1.000000 -0.000000
vn 0.001358 0.999999 -0.000494
vn 0.001445 0.999999 -0.000255
vn 0.002506 -0.999996 -0.001447
vn 0.002183 -0.999996 -0.001832
vn 0.001107 0.999999 -0.000929
vn 0.001271 0.999999 -0.000734
vn 0.001860 -0.999996 -0.002217
vn 0.001425 -0.999996 -0.002468
vn 0.000722 0.999999 -0.001251
vn 0.000943 0.999999 -0.001124
vn 0.000990 -0.999996 -0.002719
vn 0.000495 -0.999996 -0.002806
vn 0.000251 0.999999 -0.001423
vn 0.000502 0.999999 -0.001379
vn 0.000000 -0.999996 -0.002893
vn -0.000495 -0.999996 -0.002806
vn -0.000251 0.999999 -0.001423
vn 0.000000 0.999999 -0.001467
vn -0.000990 -0.999996 -0.002719
vn -0.001425 -0.999996 -0.002468
vn -0.000722 0.999999 -0.001251
vn -0.000502 0.999999 -0.001379
vn -0.001860 -0.999996 -0.002217
vn -0.002183 -0.999996 -0.001832
vn -0.001107 0.999999 -0.000929
vn -0.000943 0.999999 -0.001124
vn -0.002506 -0.999996 -0.001447
vn -0.002678 -0.999996 -0.000975
vn -0.001358 0.999999 -0.000494
vn -0.001271 0.999999 -0.000734
vn -0.002849 -0.999996 -0.000502
vn -0.002849 -0.999996 -0.000000
vn -0.001445 0.999999 -0.000000
vn -0.001445 0.999999 -0.000255
vn -0.002849 -0.999996 0.000502
vn -0.002678 -0.999996 0.000975
vn -0.001358 0.999999 0.000494
vn -0.001445 0.999999 0.000255
vn -0.002506 -0.999996 0.001447
vn -0.002183 -0.999996 0.001832
vn -0.001107 0.999999 0.000929
vn -0.001271 0.999999 0.000734
vn -0.001860 -0.999996 0.002217
vn -0.001425 -0.999996 0.002468
vn -0.000722 0.999999 0.001251
vn -0.000943 0.999999 0.001124
vn -0.000990 -0.999996 0.002719
vn -0.000495 -0.999996 0.002806
vn -0.000251 0.999999 0.001423
vn -0.000502 0.999999 0.001379
vn 0.000000 -0.999996 0.002893
vn 0.000495 -0.999996 0.002806
vn 0.000251 0.999999 0.001423
vn 0.000000 0.999999 0.001467
vn 0.000990 -0.999996 0.002719
vn 0.001425 -0.999996 0.002468
vn 0.000722 0.999999 0.001251
vn 0.000502 0.999999 0.001379
vn 0.001860 -0.999996 0.002217
vn 0.002183 -0.999996 0.001832
vn 0.001107 0.999999 0.000929
vn 0.000943 0.999999 0.001124
vn 0.002506 -0.999996 0.001447
vn 0.002678 -0.999996 0.000975
vn 0.001358 0.999999 0.000494
vn 0.001271 0.999999 0.000734
vn 0.002849 -0.999996 0.000502
vn 0.001445 0.999999 0.000255
# 1205 normals

vt 0.750000 0.979215 0.000000
vt 0.777778 0.979215 0.000000
vt 0.777778 0.020785 0.000000
vt 0.750000 0.020785 0.000000
vt 0.805556 0.979215 0.000000
vt 0.805556 0.020785 0.000000
vt 0.833333 0.979215 0.000000
vt 0.833333 0.020785 0.000000
vt 0.861111 0.979215 0.000000
vt 0.861111 0.020785 0.000000
vt 0.888889 0.979215 0.000000
vt 0.888889 0.020785 0.000000
vt 0.916667 0.979215 0.000000
vt 0.916667 0.020785 0.000000
vt 0.944444 0.979215 0.000000
vt 0.944444 0.020785 0.000000
vt 0.972222 0.979215 0.000000
vt 0.972222 0.020785 0.000000
vt 1.000000 0.979215 0.000000
vt 1.000000 0.020785 0.000000
vt 1.027778 0.979215 0.000000
vt 1.027778 0.020785 0.000000
vt 0.027778 0.979215 0.000000
vt 0.055556 0.979215 0.000000
vt 0.055556 0.020785 0.000000
vt 0.027778 0.020785 0.000000
vt 0.083333 0.979215 0.000000
vt 0.083333 0.020785 0.000000
vt 0.111111 0.979215 0.000000
vt 0.111111 0.020785 0.000000
vt 0.138889 0.979215 0.000000
vt 0.138889 0.020785 0.000000
vt 0.166667 0.979215 0.000000
vt 0.166667 0.020785 0.000000
vt 0.194444 0.979215 0.000000
vt 0.194444 0.020785 0.000000
vt 0.222222 0.979215 0.000000
vt 0.222222 0.020785 0.000000
vt 0.250000 0.979215 0.000000
vt 0.250000 0.020785 0.000000
vt 0.277778 0.979215 0.000000
vt 0.277778 0.020785 0.000000
vt 0.305555 0.979215 0.000000
vt 0.305555 0.020785 0.000000
vt 0.333333 0.979215 0.000000
vt 0.333333 0.020785 0.000000
vt 0.361111 0.979215 0.000000
vt 0.361111 0.020785 0.000000
vt 0.388889 0.979215 0.000000
vt 0.388889 0.020785 0.000000
vt 0.416667 0.979215 0.000000
vt 0.416667 0.020785 0.000000
vt 0.444444 0.979215 0.000000
vt 0.444444 0.020785 0.000000
vt 0.472222 0.979215 0.000000
vt 0.472222 0.020785 0.000000
vt 0.500000 0.979215 0.000000
vt 0.500000 0.020785 0.000000
vt 0.527778 0.979215 0.000000
vt 0.527778 0.020785 0.000000
vt 0.555555 0.979215 0.000000
vt 0.555555 0.020785 0.000000
vt 0.583333 0.979215 0.000000
vt 0.583333 0.020785 0.000000
vt 0.611111 0.979215 0.000000
vt 0.611111 0.020785 0.000000
vt 0.638889 0.979215 0.000000
vt 0.638889 0.020785 0.000000
vt 0.666667 0.979215 0.000000
vt 0.666667 0.020785 0.000000
vt 0.694444 0.979215 0.000000
vt 0.694444 0.020785 0.000000
vt 0.722222 0.979215 0.000000
vt 0.722222 0.020785 0.000000
vt 0.502548 0.970876 0.000000
vt 0.415724 0.963280 0.000000
vt 0.416280 0.963797 0.000000
vt 0.501911 0.971288 0.000000
vt 0.410942 1.017932 0.000000
vt 0.497767 1.025528 0.000000
vt 0.498325 1.012277 0.000000
vt 0.412694 1.004785 0.000000
vt 0.420742 0.964165 0.000000
vt 0.336556 0.941608 0.000000
vt 0.337014 0.942213 0.000000
vt 0.420044 0.964460 0.000000
vt 0.322358 0.994599 0.000000
vt 0.406544 1.017156 0.000000
vt 0.409394 1.004204 0.000000
vt 0.326365 0.981956 0.000000
vt 0.341345 0.943351 0.000000
vt 0.262355 0.906517 0.000000
vt 0.262701 0.907192 0.000000
vt 0.340606 0.943520 0.000000
vt 0.239170 0.956237 0.000000
vt 0.318160 0.993071 0.000000
vt 0.323217 0.980810 0.000000
vt 0.245312 0.944483 0.000000
vt 0.266768 0.909065 0.000000
vt 0.195375 0.859074 0.000000
vt 0.195598 0.859800 0.000000
vt 0.266011 0.909103 0.000000
vt 0.163908 0.904013 0.000000
vt 0.235302 0.954004 0.000000
vt 0.242411 0.942807 0.000000
vt 0.171998 0.893504 0.000000
vt 0.199278 0.862350 0.000000
vt 0.137650 0.800722 0.000000
vt 0.137744 0.801474 0.000000
vt 0.198525 0.862256 0.000000
vt 0.098858 0.839514 0.000000
vt 0.160486 0.901142 0.000000
vt 0.169431 0.891350 0.000000
vt 0.108650 0.830569 0.000000
vt 0.140926 0.804625 0.000000
vt 0.090935 0.733232 0.000000
vt 0.090897 0.733989 0.000000
vt 0.140200 0.804402 0.000000
vt 0.045996 0.764698 0.000000
vt 0.095987 0.836092 0.000000
vt 0.106496 0.828002 0.000000
vt 0.057192 0.757589 0.000000
vt 0.093483 0.737645 0.000000
vt 0.056649 0.658655 0.000000
vt 0.056480 0.659394 0.000000
vt 0.092808 0.737299 0.000000
vt 0.006929 0.681840 0.000000
vt 0.043763 0.760830 0.000000
vt 0.055517 0.754688 0.000000
vt 0.019190 0.676783 0.000000
vt 0.058392 0.663444 0.000000
vt 0.035835 0.579258 0.000000
vt 0.035540 0.579956 0.000000
vt 0.057787 0.662986 0.000000
vt -0.017156 0.593456 0.000000
vt 0.005401 0.677642 0.000000
vt 0.018044 0.673635 0.000000
vt -0.004204 0.590606 0.000000
vt 0.036720 0.584276 0.000000
vt 0.029124 0.497452 0.000000
vt 0.028712 0.498089 0.000000
vt 0.036203 0.583720 0.000000
vt -0.025528 0.502233 0.000000
vt -0.017932 0.589058 0.000000
vt -0.004785 0.587306 0.000000
vt -0.012277 0.501675 0.000000
vt 0.029124 0.502548 0.000000
vt 0.036720 0.415724 0.000000
vt 0.036203 0.416280 0.000000
vt 0.028712 0.501911 0.000000
vt -0.017932 0.410943 0.000000
vt -0.025528 0.497767 0.000000
vt -0.012277 0.498325 0.000000
vt -0.004785 0.412694 0.000000
vt 0.035835 0.420743 0.000000
vt 0.058392 0.336557 0.000000
vt 0.057787 0.337014 0.000000
vt 0.035540 0.420044 0.000000
vt 0.005401 0.322358 0.000000
vt -0.017156 0.406544 0.000000
vt -0.004204 0.409395 0.000000
vt 0.018044 0.326365 0.000000
vt 0.056649 0.341345 0.000000
vt 0.093483 0.262355 0.000000
vt 0.092808 0.262701 0.000000
vt 0.056480 0.340606 0.000000
vt 0.043763 0.239170 0.000000
vt 0.006929 0.318160 0.000000
vt 0.019190 0.323217 0.000000
vt 0.055517 0.245312 0.000000
vt 0.090935 0.266768 0.000000
vt 0.140926 0.195375 0.000000
vt 0.140200 0.195598 0.000000
vt 0.090897 0.266011 0.000000
vt 0.095987 0.163908 0.000000
vt 0.045996 0.235302 0.000000
vt 0.057192 0.242411 0.000000
vt 0.106496 0.171998 0.000000
vt 0.137650 0.199278 0.000000
vt 0.199278 0.137650 0.000000
vt 0.198525 0.137744 0.000000
vt 0.137744 0.198526 0.000000
vt 0.160486 0.098858 0.000000
vt 0.098858 0.160486 0.000000
vt 0.108650 0.169431 0.000000
vt 0.169431 0.108650 0.000000
vt 0.195375 0.140926 0.000000
vt 0.266768 0.090935 0.000000
vt 0.266011 0.090897 0.000000
vt 0.195598 0.140201 0.000000
vt 0.235302 0.045996 0.000000
vt 0.163908 0.095987 0.000000
vt 0.171998 0.106496 0.000000
vt 0.242411 0.057193 0.000000
vt 0.262355 0.093483 0.000000
vt 0.341345 0.056650 0.000000
vt 0.340605 0.056480 0.000000
vt 0.262701 0.092808 0.000000
vt 0.318160 0.006929 0.000000
vt 0.239170 0.043763 0.000000
vt 0.245312 0.055517 0.000000
vt 0.323217 0.019190 0.000000
vt 0.336556 0.058393 0.000000
vt 0.420742 0.035835 0.000000
vt 0.420043 0.035540 0.000000
vt 0.337014 0.057787 0.000000
vt 0.406543 -0.017156 0.000000
vt 0.322357 0.005401 0.000000
vt 0.326365 0.018044 0.000000
vt 0.409394 -0.004204 0.000000
vt 0.415724 0.036720 0.000000
vt 0.502548 0.029124 0.000000
vt 0.501911 0.028712 0.000000
vt 0.416279 0.036203 0.000000
vt 0.497766 -0.025528 0.000000
vt 0.410942 -0.017932 0.000000
vt 0.412693 -0.004785 0.000000
vt 0.498325 -0.012277 0.000000
vt 0.497452 0.029124 0.000000
vt 0.584276 0.036720 0.000000
vt 0.583720 0.036203 0.000000
vt 0.498089 0.028712 0.000000
vt 0.589057 -0.017932 0.000000
vt 0.502233 -0.025528 0.000000
vt 0.501675 -0.012277 0.000000
vt 0.587306 -0.004785 0.000000
vt 0.579257 0.035835 0.000000
vt 0.663443 0.058392 0.000000
vt 0.662986 0.057787 0.000000
vt 0.579956 0.035540 0.000000
vt 0.677642 0.005401 0.000000
vt 0.593456 -0.017156 0.000000
vt 0.590605 -0.004204 0.000000
vt 0.673635 0.018044 0.000000
vt 0.658655 0.056649 0.000000
vt 0.737645 0.093483 0.000000
vt 0.737299 0.092808 0.000000
vt 0.659394 0.056480 0.000000
vt 0.760830 0.043763 0.000000
vt 0.681840 0.006929 0.000000
vt 0.676783 0.019190 0.000000
vt 0.754688 0.055517 0.000000
vt 0.733231 0.090935 0.000000
vt 0.804625 0.140925 0.000000
vt 0.804402 0.140200 0.000000
vt 0.733989 0.090897 0.000000
vt 0.836092 0.095986 0.000000
vt 0.764698 0.045996 0.000000
vt 0.757589 0.057192 0.000000
vt 0.828002 0.106496 0.000000
vt 0.800721 0.137650 0.000000
vt 0.862350 0.199278 0.000000
vt 0.862256 0.198525 0.000000
vt 0.801474 0.137744 0.000000
vt 0.901142 0.160486 0.000000
vt 0.839514 0.098858 0.000000
vt 0.830568 0.108649 0.000000
vt 0.891350 0.169431 0.000000
vt 0.859074 0.195374 0.000000
vt 0.909065 0.266768 0.000000
vt 0.909103 0.266011 0.000000
vt 0.859799 0.195598 0.000000
vt 0.954004 0.235302 0.000000
vt 0.904013 0.163908 0.000000
vt 0.893504 0.171998 0.000000
vt 0.942807 0.242411 0.000000
vt 0.906517 0.262355 0.000000
vt 0.943350 0.341345 0.000000
vt 0.943520 0.340605 0.000000
vt 0.907192 0.262701 0.000000
vt 0.993071 0.318160 0.000000
vt 0.956237 0.239170 0.000000
vt 0.944482 0.245312 0.000000
vt 0.980810 0.323217 0.000000
vt 0.941608 0.336556 0.000000
vt 0.964165 0.420742 0.000000
vt 0.964460 0.420043 0.000000
vt 0.942213 0.337014 0.000000
vt 1.017156 0.406543 0.000000
vt 0.994599 0.322357 0.000000
vt 0.981956 0.326365 0.000000
vt 1.004204 0.409394 0.000000
vt 0.963280 0.415724 0.000000
vt 0.970876 0.502548 0.000000
vt 0.971288 0.501911 0.000000
vt 0.963797 0.416280 0.000000
vt 1.025528 0.497766 0.000000
vt 1.017932 0.410942 0.000000
vt 1.004785 0.412694 0.000000
vt 1.012277 0.498325 0.000000
vt 0.970876 0.497452 0.000000
vt 0.963280 0.584276 0.000000
vt 0.963797 0.583720 0.000000
vt 0.971289 0.498089 0.000000
vt 1.017932 0.589057 0.000000
vt 1.025528 0.502233 0.000000
vt 1.012277 0.501675 0.000000
vt 1.004785 0.587306 0.000000
vt 0.964165 0.579257 0.000000
vt 0.941608 0.663443 0.000000
vt 0.942213 0.662986 0.000000
vt 0.964460 0.579956 0.000000
vt 0.994599 0.677642 0.000000
vt 1.017156 0.593456 0.000000
vt 1.004204 0.590605 0.000000
vt 0.981956 0.673635 0.000000
vt 0.943351 0.658655 0.000000
vt 0.906517 0.737645 0.000000
vt 0.907192 0.737299 0.000000
vt 0.943520 0.659394 0.000000
vt 0.956237 0.760830 0.000000
vt 0.993071 0.681840 0.000000
vt 0.980810 0.676783 0.000000
vt 0.944483 0.754688 0.000000
vt 0.909065 0.733231 0.000000
vt 0.859075 0.804625 0.000000
vt 0.859800 0.804402 0.000000
vt 0.909103 0.733989 0.000000
vt 0.904014 0.836092 0.000000
vt 0.954004 0.764698 0.000000
vt 0.942808 0.757589 0.000000
vt 0.893504 0.828002 0.000000
vt 0.862350 0.800721 0.000000
vt 0.800722 0.862350 0.000000
vt 0.801475 0.862256 0.000000
vt 0.862257 0.801474 0.000000
vt 0.839514 0.901142 0.000000
vt 0.901142 0.839514 0.000000
vt 0.891351 0.830568 0.000000
vt 0.830569 0.891350 0.000000
vt 0.804626 0.859074 0.000000
vt 0.733232 0.909065 0.000000
vt 0.733989 0.909103 0.000000
vt 0.804402 0.859799 0.000000
vt 0.764699 0.954004 0.000000
vt 0.836092 0.904013 0.000000
vt 0.828003 0.893504 0.000000
vt 0.757590 0.942807 0.000000
vt 0.737645 0.906517 0.000000
vt 0.658655 0.943350 0.000000
vt 0.659395 0.943520 0.000000
vt 0.737299 0.907192 0.000000
vt 0.681840 0.993071 0.000000
vt 0.760830 0.956237 0.000000
vt 0.754688 0.944482 0.000000
vt 0.676783 0.980810 0.000000
vt 0.663444 0.941608 0.000000
vt 0.579258 0.964165 0.000000
vt 0.579957 0.964460 0.000000
vt 0.662986 0.942213 0.000000
vt 0.593457 1.017156 0.000000
vt 0.677643 0.994599 0.000000
vt 0.673635 0.981956 0.000000
vt 0.590606 1.004204 0.000000
vt 0.584276 0.963280 0.000000
vt 0.497452 0.970876 0.000000
vt 0.498089 0.971288 0.000000
vt 0.583721 0.963797 0.000000
vt 0.502233 1.025528 0.000000
vt 0.589058 1.017932 0.000000
vt 0.587307 1.004785 0.000000
vt 0.501675 1.012277 0.000000
vt 0.501274 0.971701 0.000000
vt 0.416835 0.964313 0.000000
vt 0.417391 0.964830 0.000000
vt 0.500637 0.972113 0.000000
vt 0.414445 0.991639 0.000000
vt 0.498883 0.999026 0.000000
vt 0.499442 0.985775 0.000000
vt 0.416196 0.978492 0.000000
vt 0.419345 0.964756 0.000000
vt 0.337472 0.942818 0.000000
vt 0.337929 0.943423 0.000000
vt 0.418646 0.965051 0.000000
vt 0.330372 0.969313 0.000000
vt 0.412245 0.991251 0.000000
vt 0.415096 0.978299 0.000000
vt 0.334380 0.956671 0.000000
vt 0.339866 0.943689 0.000000
vt 0.263046 0.907868 0.000000
vt 0.263392 0.908543 0.000000
vt 0.339127 0.943859 0.000000
vt 0.251454 0.932728 0.000000
vt 0.328274 0.968549 0.000000
vt 0.333330 0.956289 0.000000
vt 0.257596 0.920973 0.000000
vt 0.265253 0.909142 0.000000
vt 0.195821 0.860525 0.000000
vt 0.196044 0.861250 0.000000
vt 0.264495 0.909180 0.000000
vt 0.180087 0.882994 0.000000
vt 0.249520 0.931611 0.000000
vt 0.256629 0.920415 0.000000
vt 0.188177 0.872485 0.000000
vt 0.197773 0.862162 0.000000
vt 0.137837 0.802227 0.000000
vt 0.137931 0.802980 0.000000
vt 0.197020 0.862069 0.000000
vt 0.118441 0.821623 0.000000
vt 0.178377 0.881559 0.000000
vt 0.187322 0.871767 0.000000
vt 0.128233 0.812678 0.000000
vt 0.139475 0.804179 0.000000
vt 0.090858 0.734747 0.000000
vt 0.090820 0.735505 0.000000
vt 0.138750 0.803956 0.000000
vt 0.068389 0.750480 0.000000
vt 0.117006 0.819912 0.000000
vt 0.127515 0.811823 0.000000
vt 0.079585 0.743371 0.000000
vt 0.092132 0.736953 0.000000
vt 0.056311 0.660134 0.000000
vt 0.056141 0.660873 0.000000
vt 0.091457 0.736608 0.000000
vt 0.031451 0.671726 0.000000
vt 0.067272 0.748546 0.000000
vt 0.079027 0.742404 0.000000
vt 0.043711 0.666670 0.000000
vt 0.057182 0.662528 0.000000
vt 0.035244 0.580655 0.000000
vt 0.034949 0.581354 0.000000
vt 0.056577 0.662071 0.000000
vt 0.008749 0.587755 0.000000
vt 0.030687 0.669628 0.000000
vt 0.043329 0.665620 0.000000
vt 0.021701 0.584904 0.000000
vt 0.035687 0.583165 0.000000
vt 0.028299 0.498726 0.000000
vt 0.027887 0.499363 0.000000
vt 0.035170 0.582609 0.000000
vt 0.000974 0.501117 0.000000
vt 0.008361 0.585555 0.000000
vt 0.021508 0.583804 0.000000
vt 0.014224 0.500558 0.000000
vt 0.028299 0.501274 0.000000
vt 0.035687 0.416835 0.000000
vt 0.035170 0.417391 0.000000
vt 0.027887 0.500637 0.000000
vt 0.008361 0.414445 0.000000
vt 0.000974 0.498883 0.000000
vt 0.014225 0.499442 0.000000
vt 0.021508 0.416196 0.000000
vt 0.035244 0.419345 0.000000
vt 0.057182 0.337472 0.000000
vt 0.056577 0.337929 0.000000
vt 0.034949 0.418646 0.000000
vt 0.030687 0.330372 0.000000
vt 0.008749 0.412245 0.000000
vt 0.021701 0.415096 0.000000
vt 0.043329 0.334380 0.000000
vt 0.056311 0.339866 0.000000
vt 0.092132 0.263047 0.000000
vt 0.091457 0.263392 0.000000
vt 0.056141 0.339127 0.000000
vt 0.067272 0.251454 0.000000
vt 0.031451 0.328274 0.000000
vt 0.043711 0.333330 0.000000
vt 0.079027 0.257596 0.000000
vt 0.090858 0.265253 0.000000
vt 0.139475 0.195821 0.000000
vt 0.138750 0.196044 0.000000
vt 0.090820 0.264495 0.000000
vt 0.117006 0.180088 0.000000
vt 0.068389 0.249520 0.000000
vt 0.079585 0.256629 0.000000
vt 0.127515 0.188177 0.000000
vt 0.137837 0.197773 0.000000
vt 0.197773 0.137838 0.000000
vt 0.197020 0.137931 0.000000
vt 0.137931 0.197020 0.000000
vt 0.178377 0.118442 0.000000
vt 0.118441 0.178377 0.000000
vt 0.128233 0.187322 0.000000
vt 0.187322 0.128233 0.000000
vt 0.195821 0.139475 0.000000
vt 0.265253 0.090858 0.000000
vt 0.264495 0.090820 0.000000
vt 0.196044 0.138750 0.000000
vt 0.249520 0.068389 0.000000
vt 0.180087 0.117006 0.000000
vt 0.188177 0.127516 0.000000
vt 0.256629 0.079585 0.000000
vt 0.263046 0.092132 0.000000
vt 0.339866 0.056311 0.000000
vt 0.339126 0.056141 0.000000
vt 0.263392 0.091457 0.000000
vt 0.328273 0.031451 0.000000
vt 0.251454 0.067272 0.000000
vt 0.257596 0.079027 0.000000
vt 0.333330 0.043711 0.000000
vt 0.337472 0.057182 0.000000
vt 0.419345 0.035244 0.000000
vt 0.418646 0.034949 0.000000
vt 0.337929 0.056577 0.000000
vt 0.412245 0.008749 0.000000
vt 0.330372 0.030687 0.000000
vt 0.334380 0.043329 0.000000
vt 0.415096 0.021702 0.000000
vt 0.416835 0.035687 0.000000
vt 0.501274 0.028299 0.000000
vt 0.500637 0.027887 0.000000
vt 0.417391 0.035171 0.000000
vt 0.498883 0.000974 0.000000
vt 0.414445 0.008361 0.000000
vt 0.416196 0.021508 0.000000
vt 0.499442 0.014225 0.000000
vt 0.498726 0.028299 0.000000
vt 0.583164 0.035687 0.000000
vt 0.582609 0.035170 0.000000
vt 0.499363 0.027887 0.000000
vt 0.585555 0.008361 0.000000
vt 0.501117 0.000974 0.000000
vt 0.500558 0.014225 0.000000
vt 0.583804 0.021508 0.000000
vt 0.580655 0.035244 0.000000
vt 0.662528 0.057182 0.000000
vt 0.662070 0.056577 0.000000
vt 0.581354 0.034949 0.000000
vt 0.669627 0.030687 0.000000
vt 0.587754 0.008749 0.000000
vt 0.584904 0.021701 0.000000
vt 0.665620 0.043329 0.000000
vt 0.660134 0.056311 0.000000
vt 0.736953 0.092132 0.000000
vt 0.736608 0.091457 0.000000
vt 0.660873 0.056141 0.000000
vt 0.748546 0.067272 0.000000
vt 0.671726 0.031451 0.000000
vt 0.666669 0.043711 0.000000
vt 0.742404 0.079027 0.000000
vt 0.734747 0.090858 0.000000
vt 0.804179 0.139475 0.000000
vt 0.803956 0.138750 0.000000
vt 0.735504 0.090820 0.000000
vt 0.819912 0.117006 0.000000
vt 0.750480 0.068389 0.000000
vt 0.743371 0.079585 0.000000
vt 0.811823 0.127515 0.000000
vt 0.802227 0.137837 0.000000
vt 0.862162 0.197773 0.000000
vt 0.862069 0.197020 0.000000
vt 0.802980 0.137931 0.000000
vt 0.881558 0.178376 0.000000
vt 0.821623 0.118441 0.000000
vt 0.812678 0.128233 0.000000
vt 0.871767 0.187322 0.000000
vt 0.860525 0.195821 0.000000
vt 0.909142 0.265253 0.000000
vt 0.909180 0.264495 0.000000
vt 0.861250 0.196044 0.000000
vt 0.931611 0.249520 0.000000
vt 0.882994 0.180087 0.000000
vt 0.872484 0.188177 0.000000
vt 0.920415 0.256629 0.000000
vt 0.907868 0.263046 0.000000
vt 0.943689 0.339866 0.000000
vt 0.943859 0.339126 0.000000
vt 0.908543 0.263392 0.000000
vt 0.968549 0.328273 0.000000
vt 0.932728 0.251454 0.000000
vt 0.920973 0.257596 0.000000
vt 0.956289 0.333330 0.000000
vt 0.942818 0.337472 0.000000
vt 0.964756 0.419345 0.000000
vt 0.965051 0.418646 0.000000
vt 0.943423 0.337929 0.000000
vt 0.991251 0.412245 0.000000
vt 0.969313 0.330372 0.000000
vt 0.956671 0.334380 0.000000
vt 0.978298 0.415096 0.000000
vt 0.964313 0.416835 0.000000
vt 0.971701 0.501274 0.000000
vt 0.972113 0.500637 0.000000
vt 0.964829 0.417391 0.000000
vt 0.999026 0.498883 0.000000
vt 0.991639 0.414445 0.000000
vt 0.978492 0.416196 0.000000
vt 0.985775 0.499442 0.000000
vt 0.971701 0.498726 0.000000
vt 0.964313 0.583164 0.000000
vt 0.964830 0.582609 0.000000
vt 0.972113 0.499363 0.000000
vt 0.991639 0.585555 0.000000
vt 0.999026 0.501117 0.000000
vt 0.985776 0.500558 0.000000
vt 0.978492 0.583804 0.000000
vt 0.964756 0.580655 0.000000
vt 0.942818 0.662528 0.000000
vt 0.943423 0.662070 0.000000
vt 0.965051 0.581354 0.000000
vt 0.969313 0.669627 0.000000
vt 0.991251 0.587755 0.000000
vt 0.978299 0.584904 0.000000
vt 0.956671 0.665620 0.000000
vt 0.943689 0.660134 0.000000
vt 0.907868 0.736953 0.000000
vt 0.908543 0.736608 0.000000
vt 0.943859 0.660873 0.000000
vt 0.932728 0.748546 0.000000
vt 0.968549 0.671726 0.000000
vt 0.956289 0.666669 0.000000
vt 0.920973 0.742404 0.000000
vt 0.909142 0.734747 0.000000
vt 0.860525 0.804179 0.000000
vt 0.861250 0.803956 0.000000
vt 0.909180 0.735504 0.000000
vt 0.882994 0.819912 0.000000
vt 0.931611 0.750480 0.000000
vt 0.920415 0.743371 0.000000
vt 0.872485 0.811823 0.000000
vt 0.862163 0.802227 0.000000
vt 0.802228 0.862162 0.000000
vt 0.802980 0.862068 0.000000
vt 0.862069 0.802980 0.000000
vt 0.821624 0.881558 0.000000
vt 0.881559 0.821623 0.000000
vt 0.871767 0.812678 0.000000
vt 0.812678 0.871766 0.000000
vt 0.804179 0.860524 0.000000
vt 0.734747 0.909142 0.000000
vt 0.735505 0.909180 0.000000
vt 0.803956 0.861250 0.000000
vt 0.750481 0.931611 0.000000
vt 0.819913 0.882994 0.000000
vt 0.811823 0.872484 0.000000
vt 0.743372 0.920415 0.000000
vt 0.736954 0.907868 0.000000
vt 0.660134 0.943689 0.000000
vt 0.660874 0.943859 0.000000
vt 0.736608 0.908543 0.000000
vt 0.671727 0.968549 0.000000
vt 0.748546 0.932728 0.000000
vt 0.742404 0.920973 0.000000
vt 0.666670 0.956289 0.000000
vt 0.662529 0.942818 0.000000
vt 0.580656 0.964755 0.000000
vt 0.581354 0.965051 0.000000
vt 0.662071 0.943423 0.000000
vt 0.587755 0.991251 0.000000
vt 0.669628 0.969313 0.000000
vt 0.665621 0.956671 0.000000
vt 0.584904 0.978298 0.000000
vt 0.583165 0.964313 0.000000
vt 0.498726 0.971701 0.000000
vt 0.499363 0.972113 0.000000
vt 0.582609 0.964829 0.000000
vt 0.501117 0.999026 0.000000
vt 0.585556 0.991639 0.000000
vt 0.583804 0.978492 0.000000
vt 0.500558 0.985775 0.000000
vt 0.500000 0.500000 0.000000
vt 0.500000 0.500000 0.000000
# 652 texture coordinates

g ?????????_2
usemtl metal_bright_shiny
f 1289/1104/1280 1328/1103/1280 1292/1102/1280 1291/1101/1280
f 1328/1103/1281 1329/1106/1281 1293/1105/1281 1292/1102/1281
f 1329/1106/1282 1330/1108/1282 1294/1107/1282 1293/1105/1282
f 1330/1108/1283 1331/1110/1283 1295/1109/1283 1294/1107/1283
f 1331/1110/1284 1332/1112/1284 1296/1111/1284 1295/1109/1284
f 1332/1112/1285 1333/1114/1285 1297/1113/1285 1296/1111/1285
f 1333/1114/1286 1334/1116/1286 1298/1115/1286 1297/1113/1286
f 1334/1116/1287 1335/1118/1287 1299/1117/1287 1298/1115/1287
f 1335/1118/1288 1336/1120/1288 1300/1119/1288 1299/1117/1288
f 1336/1120/1289 1337/1122/1289 1301/1121/1289 1300/1119/1289
f 1337/1126/1290 1338/1125/1290 1302/1124/1290 1301/1123/1290
f 1338/1125/1291 1339/1128/1291 1303/1127/1291 1302/1124/1291
f 1339/1128/1292 1340/1130/1292 1304/1129/1292 1303/1127/1292
f 1340/1130/1293 1341/1132/1293 1305/1131/1293 1304/1129/1293
f 1341/1132/1294 1342/1134/1294 1306/1133/1294 1305/1131/1294
f 1342/1134/1295 1343/1136/1295 1307/1135/1295 1306/1133/1295
f 1343/1136/1296 1344/1138/1296 1308/1137/1296 1307/1135/1296
f 1344/1138/1297 1345/1140/1297 1309/1139/1297 1308/1137/1297
f 1345/1140/1298 1346/1142/1298 1310/1141/1298 1309/1139/1298
f 1346/1142/1299 1347/1144/1299 1311/1143/1299 1310/1141/1299
f 1347/1144/1300 1348/1146/1300 1312/1145/1300 1311/1143/1300
f 1348/1146/1301 1349/1148/1301 1313/1147/1301 1312/1145/1301
f 1349/1148/1302 1350/1150/1302 1314/1149/1302 1313/1147/1302
f 1350/1150/1303 1351/1152/1303 1315/1151/1303 1314/1149/1303
f 1351/1152/1304 1352/1154/1304 1316/1153/1304 1315/1151/1304
f 1352/1154/1305 1353/1156/1305 1317/1155/1305 1316/1153/1305
f 1353/1156/1306 1354/1158/1306 1318/1157/1306 1317/1155/1306
f 1354/1158/1307 1355/1160/1307 1319/1159/1307 1318/1157/1307
f 1355/1160/1308 1356/1162/1308 1320/1161/1308 1319/1159/1308
f 1356/1162/1309 1357/1164/1309 1321/1163/1309 1320/1161/1309
f 1357/1164/1310 1358/1166/1310 1322/1165/1310 1321/1163/1310
f 1358/1166/1311 1359/1168/1311 1323/1167/1311 1322/1165/1311
f 1359/1168/1312 1360/1170/1312 1324/1169/1312 1323/1167/1312
f 1360/1170/1313 1361/1172/1313 1325/1171/1313 1324/1169/1313
f 1361/1172/1314 1290/1174/1314 1326/1173/1314 1325/1171/1314
f 1290/1174/1315 1289/1104/1315 1291/1101/1315 1326/1173/1315
f 1507/1178/1316 1436/1177/1316 1328/1176/1316 1289/1175/1316
f 1544/1182/1317 1543/1181/1317 1291/1180/1317 1292/1179/1317
f 1436/1186/1318 1437/1185/1318 1329/1184/1318 1328/1183/1318
f 1545/1190/1319 1544/1189/1319 1292/1188/1319 1293/1187/1319
f 1437/1194/1320 1438/1193/1320 1330/1192/1320 1329/1191/1320
f 1546/1198/1321 1545/1197/1321 1293/1196/1321 1294/1195/1321
f 1438/1202/1322 1439/1201/1322 1331/1200/1322 1330/1199/1322
f 1547/1206/1323 1546/1205/1323 1294/1204/1323 1295/1203/1323
f 1439/1210/1324 1440/1209/1324 1332/1208/1324 1331/1207/1324
f 1548/1214/1325 1547/1213/1325 1295/1212/1325 1296/1211/1325
f 1440/1218/1326 1441/1217/1326 1333/1216/1326 1332/1215/1326
f 1549/1222/1327 1548/1221/1327 1296/1220/1327 1297/1219/1327
f 1441/1226/1328 1442/1225/1328 1334/1224/1328 1333/1223/1328
f 1550/1230/1329 1549/1229/1329 1297/1228/1329 1298/1227/1329
f 1442/1234/1330 1443/1233/1330 1335/1232/1330 1334/1231/1330
f 1551/1238/1331 1550/1237/1331 1298/1236/1331 1299/1235/1331
f 1443/1242/1332 1444/1241/1332 1336/1240/1332 1335/1239/1332
f 1552/1246/1333 1551/1245/1333 1299/1244/1333 1300/1243/1333
f 1444/1250/1334 1445/1249/1334 1337/1248/1334 1336/1247/1334
f 1553/1254/1335 1552/1253/1335 1300/1252/1335 1301/1251/1335
f 1445/1258/1336 1446/1257/1336 1338/1256/1336 1337/1255/1336
f 1554/1262/1337 1553/1261/1337 1301/1260/1337 1302/1259/1337
f 1446/1266/1338 1447/1265/1338 1339/1264/1338 1338/1263/1338
f 1555/1270/1339 1554/1269/1339 1302/1268/1339 1303/1267/1339
f 1447/1274/1340 1448/1273/1340 1340/1272/1340 1339/1271/1340
f 1556/1278/1341 1555/1277/1341 1303/1276/1341 1304/1275/1341
f 1448/1282/1342 1449/1281/1342 1341/1280/1342 1340/1279/1342
f 1557/1286/1343 1556/1285/1343 1304/1284/1343 1305/1283/1343
f 1449/1290/1344 1450/1289/1344 1342/1288/1344 1341/1287/1344
f 1558/1294/1345 1557/1293/1345 1305/1292/1345 1306/1291/1345
f 1450/1298/1346 1451/1297/1346 1343/1296/1346 1342/1295/1346
f 1559/1302/1347 1558/1301/1347 1306/1300/1347 1307/1299/1347
f 1451/1306/1348 1452/1305/1348 1344/1304/1348 1343/1303/1348
f 1560/1310/1349 1559/1309/1349 1307/1308/1349 1308/1307/1349
f 1452/1314/1350 1453/1313/1350 1345/1312/1350 1344/1311/1350
f 1561/1318/1351 1560/1317/1351 1308/1316/1351 1309/1315/1351
f 1453/1322/1352 1454/1321/1352 1346/1320/1352 1345/1319/1352
f 1562/1326/1353 1561/1325/1353 1309/1324/1353 1310/1323/1353
f 1454/1330/1354 1455/1329/1354 1347/1328/1354 1346/1327/1354
f 1563/1334/1355 1562/1333/1355 1310/1332/1355 1311/1331/1355
f 1455/1338/1356 1456/1337/1356 1348/1336/1356 1347/1335/1356
f 1564/1342/1357 1563/1341/1357 1311/1340/1357 1312/1339/1357
f 1456/1346/1358 1457/1345/1358 1349/1344/1358 1348/1343/1358
f 1565/1350/1359 1564/1349/1359 1312/1348/1359 1313/1347/1359
f 1457/1354/1360 1458/1353/1360 1350/1352/1360 1349/1351/1360
f 1566/1358/1361 1565/1357/1361 1313/1356/1361 1314/1355/1361
f 1458/1362/1362 1459/1361/1362 1351/1360/1362 1350/1359/1362
f 1567/1366/1363 1566/1365/1363 1314/1364/1363 1315/1363/1363
f 1459/1370/1364 1460/1369/1364 1352/1368/1364 1351/1367/1364
f 1568/1374/1365 1567/1373/1365 1315/1372/1365 1316/1371/1365
f 1460/1378/1366 1461/1377/1366 1353/1376/1366 1352/1375/1366
f 1569/1382/1367 1568/1381/1367 1316/1380/1367 1317/1379/1367
f 1461/1386/1368 1462/1385/1368 1354/1384/1368 1353/1383/1368
f 1570/1390/1369 1569/1389/1369 1317/1388/1369 1318/1387/1369
f 1462/1394/1370 1463/1393/1370 1355/1392/1370 1354/1391/1370
f 1571/1398/1371 1570/1397/1371 1318/1396/1371 1319/1395/1371
f 1463/1402/1372 1464/1401/1372 1356/1400/1372 1355/1399/1372
f 1572/1406/1373 1571/1405/1373 1319/1404/1373 1320/1403/1373
f 1464/1410/1374 1465/1409/1374 1357/1408/1374 1356/1407/1374
f 1573/1414/1375 1572/1413/1375 1320/1412/1375 1321/1411/1375
f 1465/1418/1376 1466/1417/1376 1358/1416/1376 1357/1415/1376
f 1574/1422/1377 1573/1421/1377 1321/1420/1377 1322/1419/1377
f 1466/1426/1378 1467/1425/1378 1359/1424/1378 1358/1423/1378
f 1575/1430/1379 1574/1429/1379 1322/1428/1379 1323/1427/1379
f 1467/1434/1380 1468/1433/1380 1360/1432/1380 1359/1431/1380
f 1576/1438/1381 1575/1437/1381 1323/1436/1381 1324/1435/1381
f 1468/1442/1382 1469/1441/1382 1361/1440/1382 1360/1439/1382
f 1577/1446/1383 1576/1445/1383 1324/1444/1383 1325/1443/1383
f 1469/1450/1384 1542/1449/1384 1290/1448/1384 1361/1447/1384
f 1578/1454/1385 1577/1453/1385 1325/1452/1385 1326/1451/1385
f 1542/1458/1386 1507/1457/1386 1289/1456/1386 1290/1455/1386
f 1543/1462/1387 1578/1461/1387 1326/1460/1387 1291/1459/1387
f 1435/1466/1388 1508/1465/1388 1364/1464/1388 1363/1463/1388
f 1472/1470/1389 1471/1469/1389 1399/1468/1389 1400/1467/1389
f 1508/1474/1390 1509/1473/1390 1365/1472/1390 1364/1471/1390
f 1473/1478/1391 1472/1477/1391 1400/1476/1391 1401/1475/1391
f 1509/1482/1392 1510/1481/1392 1366/1480/1392 1365/1479/1392
f 1474/1486/1393 1473/1485/1393 1401/1484/1393 1402/1483/1393
f 1510/1490/1394 1511/1489/1394 1367/1488/1394 1366/1487/1394
f 1475/1494/1395 1474/1493/1395 1402/1492/1395 1403/1491/1395
f 1511/1498/1396 1512/1497/1396 1368/1496/1396 1367/1495/1396
f 1476/1502/1397 1475/1501/1397 1403/1500/1397 1404/1499/1397
f 1512/1506/1398 1513/1505/1398 1369/1504/1398 1368/1503/1398
f 1477/1510/1399 1476/1509/1399 1404/1508/1399 1405/1507/1399
f 1513/1514/1400 1514/1513/1400 1370/1512/1400 1369/1511/1400
f 1478/1518/1401 1477/1517/1401 1405/1516/1401 1406/1515/1401
f 1514/1522/1402 1515/1521/1402 1371/1520/1402 1370/1519/1402
f 1479/1526/1403 1478/1525/1403 1406/1524/1403 1407/1523/1403
f 1515/1530/1404 1516/1529/1404 1372/1528/1404 1371/1527/1404
f 1480/1534/1405 1479/1533/1405 1407/1532/1405 1408/1531/1405
f 1516/1538/1406 1517/1537/1406 1373/1536/1406 1372/1535/1406
f 1481/1542/1407 1480/1541/1407 1408/1540/1407 1409/1539/1407
f 1517/1546/1408 1518/1545/1408 1374/1544/1408 1373/1543/1408
f 1482/1550/1409 1481/1549/1409 1409/1548/1409 1410/1547/1409
f 1518/1554/1410 1519/1553/1410 1375/1552/1410 1374/1551/1410
f 1483/1558/1411 1482/1557/1411 1410/1556/1411 1411/1555/1411
f 1519/1562/1412 1520/1561/1412 1376/1560/1412 1375/1559/1412
f 1484/1566/1413 1483/1565/1413 1411/1564/1413 1412/1563/1413
f 1520/1570/1414 1521/1569/1414 1377/1568/1414 1376/1567/1414
f 1485/1574/1415 1484/1573/1415 1412/1572/1415 1413/1571/1415
f 1521/1578/1416 1522/1577/1416 1378/1576/1416 1377/1575/1416
f 1486/1582/1417 1485/1581/1417 1413/1580/1417 1414/1579/1417
f 1522/1586/1418 1523/1585/1418 1379/1584/1418 1378/1583/1418
f 1487/1590/1419 1486/1589/1419 1414/1588/1419 1415/1587/1419
f 1523/1594/1420 1524/1593/1420 1380/1592/1420 1379/1591/1420
f 1488/1598/1421 1487/1597/1421 1415/1596/1421 1416/1595/1421
f 1524/1602/1422 1525/1601/1422 1381/1600/1422 1380/1599/1422
f 1489/1606/1423 1488/1605/1423 1416/1604/1423 1417/1603/1423
f 1525/1610/1424 1526/1609/1424 1382/1608/1424 1381/1607/1424
f 1490/1614/1425 1489/1613/1425 1417/1612/1425 1418/1611/1425
f 1526/1618/1426 1527/1617/1426 1383/1616/1426 1382/1615/1426
f 1491/1622/1427 1490/1621/1427 1418/1620/1427 1419/1619/1427
f 1527/1626/1428 1528/1625/1428 1384/1624/1428 1383/1623/1428
f 1492/1630/1429 1491/1629/1429 1419/1628/1429 1420/1627/1429
f 1528/1634/1430 1529/1633/1430 1385/1632/1430 1384/1631/1430
f 1493/1638/1431 1492/1637/1431 1420/1636/1431 1421/1635/1431
f 1529/1642/1432 1530/1641/1432 1386/1640/1432 1385/1639/1432
f 1494/1646/1433 1493/1645/1433 1421/1644/1433 1422/1643/1433
f 1530/1650/1434 1531/1649/1434 1387/1648/1434 1386/1647/1434
f 1495/1654/1435 1494/1653/1435 1422/1652/1435 1423/1651/1435
f 1531/1658/1436 1532/1657/1436 1388/1656/1436 1387/1655/1436
f 1496/1662/1437 1495/1661/1437 1423/1660/1437 1424/1659/1437
f 1532/1666/1438 1533/1665/1438 1389/1664/1438 1388/1663/1438
f 1497/1670/1439 1496/1669/1439 1424/1668/1439 1425/1667/1439
f 1533/1674/1440 1534/1673/1440 1390/1672/1440 1389/1671/1440
f 1498/1678/1441 1497/1677/1441 1425/1676/1441 1426/1675/1441
f 1534/1682/1442 1535/1681/1442 1391/1680/1442 1390/1679/1442
f 1499/1686/1443 1498/1685/1443 1426/1684/1443 1427/1683/1443
f 1535/1690/1444 1536/1689/1444 1392/1688/1444 1391/1687/1444
f 1500/1694/1445 1499/1693/1445 1427/1692/1445 1428/1691/1445
f 1536/1698/1446 1537/1697/1446 1393/1696/1446 1392/1695/1446
f 1501/1702/1447 1500/1701/1447 1428/1700/1447 1429/1699/1447
f 1537/1706/1448 1538/1705/1448 1394/1704/1448 1393/1703/1448
f 1502/1710/1449 1501/1709/1449 1429/1708/1449 1430/1707/1449
f 1538/1714/1450 1539/1713/1450 1395/1712/1450 1394/1711/1450
f 1503/1718/1451 1502/1717/1451 1430/1716/1451 1431/1715/1451
f 1539/1722/1452 1540/1721/1452 1396/1720/1452 1395/1719/1452
f 1504/1726/1453 1503/1725/1453 1431/1724/1453 1432/1723/1453
f 1540/1730/1454 1541/1729/1454 1397/1728/1454 1396/1727/1454
f 1505/1734/1455 1504/1733/1455 1432/1732/1455 1433/1731/1455
f 1541/1738/1456 1470/1737/1456 1398/1736/1456 1397/1735/1456
f 1506/1742/1457 1505/1741/1457 1433/1740/1457 1434/1739/1457
f 1470/1746/1458 1435/1745/1458 1363/1744/1458 1398/1743/1458
f 1471/1750/1459 1506/1749/1459 1434/1748/1459 1399/1747/1459
f 1363/1463/1460 1364/1464/1460 1436/1177/1460 1507/1178/1460
f 1400/1467/1461 1399/1468/1461 1543/1181/1461 1544/1182/1461
f 1364/1471/1462 1365/1472/1462 1437/1185/1462 1436/1186/1462
f 1401/1475/1463 1400/1476/1463 1544/1189/1463 1545/1190/1463
f 1365/1479/1464 1366/1480/1464 1438/1193/1464 1437/1194/1464
f 1402/1483/1465 1401/1484/1465 1545/1197/1465 1546/1198/1465
f 1366/1487/1466 1367/1488/1466 1439/1201/1466 1438/1202/1466
f 1403/1491/1467 1402/1492/1467 1546/1205/1467 1547/1206/1467
f 1367/1495/1468 1368/1496/1468 1440/1209/1468 1439/1210/1468
f 1404/1499/1469 1403/1500/1469 1547/1213/1469 1548/1214/1469
f 1368/1503/1470 1369/1504/1470 1441/1217/1470 1440/1218/1470
f 1405/1507/1471 1404/1508/1471 1548/1221/1471 1549/1222/1471
f 1369/1511/1472 1370/1512/1472 1442/1225/1472 1441/1226/1472
f 1406/1515/1473 1405/1516/1473 1549/1229/1473 1550/1230/1473
f 1370/1519/1474 1371/1520/1474 1443/1233/1474 1442/1234/1474
f 1407/1523/1475 1406/1524/1475 1550/1237/1475 1551/1238/1475
f 1371/1527/1476 1372/1528/1476 1444/1241/1476 1443/1242/1476
f 1408/1531/1477 1407/1532/1477 1551/1245/1477 1552/1246/1477
f 1372/1535/1478 1373/1536/1478 1445/1249/1478 1444/1250/1478
f 1409/1539/1479 1408/1540/1479 1552/1253/1479 1553/1254/1479
f 1373/1543/1480 1374/1544/1480 1446/1257/1480 1445/1258/1480
f 1410/1547/1481 1409/1548/1481 1553/1261/1481 1554/1262/1481
f 1374/1551/1482 1375/1552/1482 1447/1265/1482 1446/1266/1482
f 1411/1555/1483 1410/1556/1483 1554/1269/1483 1555/1270/1483
f 1375/1559/1484 1376/1560/1484 1448/1273/1484 1447/1274/1484
f 1412/1563/1485 1411/1564/1485 1555/1277/1485 1556/1278/1485
f 1376/1567/1486 1377/1568/1486 1449/1281/1486 1448/1282/1486
f 1413/1571/1487 1412/1572/1487 1556/1285/1487 1557/1286/1487
f 1377/1575/1488 1378/1576/1488 1450/1289/1488 1449/1290/1488
f 1414/1579/1489 1413/1580/1489 1557/1293/1489 1558/1294/1489
f 1378/1583/1490 1379/1584/1490 1451/1297/1490 1450/1298/1490
f 1415/1587/1491 1414/1588/1491 1558/1301/1491 1559/1302/1491
f 1379/1591/1492 1380/1592/1492 1452/1305/1492 1451/1306/1492
f 1416/1595/1493 1415/1596/1493 1559/1309/1493 1560/1310/1493
f 1380/1599/1494 1381/1600/1494 1453/1313/1494 1452/1314/1494
f 1417/1603/1495 1416/1604/1495 1560/1317/1495 1561/1318/1495
f 1381/1607/1496 1382/1608/1496 1454/1321/1496 1453/1322/1496
f 1418/1611/1497 1417/1612/1497 1561/1325/1497 1562/1326/1497
f 1382/1615/1498 1383/1616/1498 1455/1329/1498 1454/1330/1498
f 1419/1619/1499 1418/1620/1499 1562/1333/1499 1563/1334/1499
f 1383/1623/1500 1384/1624/1500 1456/1337/1500 1455/1338/1500
f 1420/1627/1501 1419/1628/1501 1563/1341/1501 1564/1342/1501
f 1384/1631/1502 1385/1632/1502 1457/1345/1502 1456/1346/1502
f 1421/1635/1503 1420/1636/1503 1564/1349/1503 1565/1350/1503
f 1385/1639/1504 1386/1640/1504 1458/1353/1504 1457/1354/1504
f 1422/1643/1505 1421/1644/1505 1565/1357/1505 1566/1358/1505
f 1386/1647/1506 1387/1648/1506 1459/1361/1506 1458/1362/1506
f 1423/1651/1507 1422/1652/1507 1566/1365/1507 1567/1366/1507
f 1387/1655/1508 1388/1656/1508 1460/1369/1508 1459/1370/1508
f 1424/1659/1509 1423/1660/1509 1567/1373/1509 1568/1374/1509
f 1388/1663/1510 1389/1664/1510 1461/1377/1510 1460/1378/1510
f 1425/1667/1511 1424/1668/1511 1568/1381/1511 1569/1382/1511
f 1389/1671/1512 1390/1672/1512 1462/1385/1512 1461/1386/1512
f 1426/1675/1513 1425/1676/1513 1569/1389/1513 1570/1390/1513
f 1390/1679/1514 1391/1680/1514 1463/1393/1514 1462/1394/1514
f 1427/1683/1515 1426/1684/1515 1570/1397/1515 1571/1398/1515
f 1391/1687/1516 1392/1688/1516 1464/1401/1516 1463/1402/1516
f 1428/1691/1517 1427/1692/1517 1571/1405/1517 1572/1406/1517
f 1392/1695/1518 1393/1696/1518 1465/1409/1518 1464/1410/1518
f 1429/1699/1519 1428/1700/1519 1572/1413/1519 1573/1414/1519
f 1393/1703/1520 1394/1704/1520 1466/1417/1520 1465/1418/1520
f 1430/1707/1521 1429/1708/1521 1573/1421/1521 1574/1422/1521
f 1394/1711/1522 1395/1712/1522 1467/1425/1522 1466/1426/1522
f 1431/1715/1523 1430/1716/1523 1574/1429/1523 1575/1430/1523
f 1395/1719/1524 1396/1720/1524 1468/1433/1524 1467/1434/1524
f 1432/1723/1525 1431/1724/1525 1575/1437/1525 1576/1438/1525
f 1396/1727/1526 1397/1728/1526 1469/1441/1526 1468/1442/1526
f 1433/1731/1527 1432/1732/1527 1576/1445/1527 1577/1446/1527
f 1397/1735/1528 1398/1736/1528 1542/1449/1528 1469/1450/1528
f 1434/1739/1529 1433/1740/1529 1577/1453/1529 1578/1454/1529
f 1398/1743/1530 1363/1744/1530 1507/1457/1530 1542/1458/1530
f 1399/1747/1531 1434/1748/1531 1578/1461/1531 1543/1462/1531
f 1435/1466/1535 1327/1751/1534 1509/1473/1533 1508/1465/1532
f 1472/1470/1539 1473/1478/1538 1362/1752/1537 1471/1469/1536
f 1509/1482/1533 1327/1751/1534 1511/1489/1541 1510/1481/1540
f 1474/1486/1543 1475/1494/1542 1362/1752/1537 1473/1485/1538
f 1511/1498/1541 1327/1751/1534 1513/1505/1545 1512/1497/1544
f 1476/1502/1547 1477/1510/1546 1362/1752/1537 1475/1501/1542
f 1513/1514/1545 1327/1751/1534 1515/1521/1549 1514/1513/1548
f 1478/1518/1551 1479/1526/1550 1362/1752/1537 1477/1517/1546
f 1515/1530/1549 1327/1751/1534 1517/1537/1553 1516/1529/1552
f 1480/1534/1555 1481/1542/1554 1362/1752/1537 1479/1533/1550
f 1517/1546/1553 1327/1751/1534 1519/1553/1557 1518/1545/1556
f 1482/1550/1559 1483/1558/1558 1362/1752/1537 1481/1549/1554
f 1519/1562/1557 1327/1751/1534 1521/1569/1561 1520/1561/1560
f 1484/1566/1563 1485/1574/1562 1362/1752/1537 1483/1565/1558
f 1521/1578/1561 1327/1751/1534 1523/1585/1565 1522/1577/1564
f 1486/1582/1567 1487/1590/1566 1362/1752/1537 1485/1581/1562
f 1523/1594/1565 1327/1751/1534 1525/1601/1569 1524/1593/1568
f 1488/1598/1571 1489/1606/1570 1362/1752/1537 1487/1597/1566
f 1525/1610/1569 1327/1751/1534 1527/1617/1573 1526/1609/1572
f 1490/1614/1575 1491/1622/1574 1362/1752/1537 1489/1613/1570
f 1527/1626/1573 1327/1751/1534 1529/1633/1577 1528/1625/1576
f 1492/1630/1579 1493/1638/1578 1362/1752/1537 1491/1629/1574
f 1529/1642/1577 1327/1751/1534 1531/1649/1581 1530/1641/1580
f 1494/1646/1583 1495/1654/1582 1362/1752/1537 1493/1645/1578
f 1531/1658/1581 1327/1751/1534 1533/1665/1585 1532/1657/1584
f 1496/1662/1587 1497/1670/1586 1362/1752/1537 1495/1661/1582
f 1533/1674/1585 1327/1751/1534 1535/1681/1589 1534/1673/1588
f 1498/1678/1591 1499/1686/1590 1362/1752/1537 1497/1677/1586
f 1535/1690/1589 1327/1751/1534 1537/1697/1593 1536/1689/1592
f 1500/1694/1595 1501/1702/1594 1362/1752/1537 1499/1693/1590
f 1537/1706/1593 1327/1751/1534 1539/1713/1597 1538/1705/1596
f 1502/1710/1599 1503/1718/1598 1362/1752/1537 1501/1709/1594
f 1539/1722/1597 1327/1751/1534 1541/1729/1601 1540/1721/1600
f 1504/1726/1603 1505/1734/1602 1362/1752/1537 1503/1725/1598
f 1541/1738/1601 1327/1751/1534 1435/1745/1535 1470/1737/1604
f 1506/1742/1605 1471/1750/1536 1362/1752/1537 1505/1741/1602
f 1579/1104/1606 1618/1103/1606 1582/1102/1606 1581/1101/1606
f 1618/1103/1607 1619/1106/1607 1583/1105/1607 1582/1102/1607
f 1619/1106/1282 1620/1108/1282 1584/1107/1282 1583/1105/1282
f 1620/1108/1283 1621/1110/1283 1585/1109/1283 1584/1107/1283
f 1621/1110/1608 1622/1112/1608 1586/1111/1608 1585/1109/1608
f 1622/1112/1609 1623/1114/1609 1587/1113/1609 1586/1111/1609
f 1623/1114/1610 1624/1116/1610 1588/1115/1610 1587/1113/1610
f 1624/1116/1611 1625/1118/1611 1589/1117/1611 1588/1115/1611
f 1625/1118/1612 1626/1120/1612 1590/1119/1612 1589/1117/1612
f 1626/1120/1613 1627/1122/1613 1591/1121/1613 1590/1119/1613
f 1627/1126/1614 1628/1125/1614 1592/1124/1614 1591/1123/1614
f 1628/1125/1615 1629/1128/1615 1593/1127/1615 1592/1124/1615
f 1629/1128/1616 1630/1130/1616 1594/1129/1616 1593/1127/1616
f 1630/1130/1617 1631/1132/1617 1595/1131/1617 1594/1129/1617
f 1631/1132/1294 1632/1134/1294 1596/1133/1294 1595/1131/1294
f 1632/1134/1618 1633/1136/1618 1597/1135/1618 1596/1133/1618
f 1633/1136/1619 1634/1138/1619 1598/1137/1619 1597/1135/1619
f 1634/1138/1297 1635/1140/1297 1599/1139/1297 1598/1137/1297
f 1635/1140/1620 1636/1142/1620 1600/1141/1620 1599/1139/1620
f 1636/1142/1299 1637/1144/1299 1601/1143/1299 1600/1141/1299
f 1637/1144/1300 1638/1146/1300 1602/1145/1300 1601/1143/1300
f 1638/1146/1301 1639/1148/1301 1603/1147/1301 1602/1145/1301
f 1639/1148/1621 1640/1150/1621 1604/1149/1621 1603/1147/1621
f 1640/1150/1622 1641/1152/1622 1605/1151/1622 1604/1149/1622
f 1641/1152/1623 1642/1154/1623 1606/1153/1623 1605/1151/1623
f 1642/1154/1624 1643/1156/1624 1607/1155/1624 1606/1153/1624
f 1643/1156/1625 1644/1158/1625 1608/1157/1625 1607/1155/1625
f 1644/1158/1626 1645/1160/1626 1609/1159/1626 1608/1157/1626
f 1645/1160/1627 1646/1162/1627 1610/1161/1627 1609/1159/1627
f 1646/1162/1628 1647/1164/1628 1611/1163/1628 1610/1161/1628
f 1647/1164/1629 1648/1166/1629 1612/1165/1629 1611/1163/1629
f 1648/1166/1311 1649/1168/1311 1613/1167/1311 1612/1165/1311
f 1649/1168/1630 1650/1170/1630 1614/1169/1630 1613/1167/1630
f 1650/1170/1313 1651/1172/1313 1615/1171/1313 1614/1169/1313
f 1651/1172/1631 1580/1174/1631 1616/1173/1631 1615/1171/1631
f 1580/1174/1632 1579/1104/1632 1581/1101/1632 1616/1173/1632
f 1797/1178/1633 1726/1177/1633 1618/1176/1633 1579/1175/1633
f 1834/1182/1634 1833/1181/1634 1581/1180/1634 1582/1179/1634
f 1726/1186/1635 1727/1185/1635 1619/1184/1635 1618/1183/1635
f 1835/1190/1636 1834/1189/1636 1582/1188/1636 1583/1187/1636
f 1727/1194/1320 1728/1193/1320 1620/1192/1320 1619/1191/1320
f 1836/1198/1321 1835/1197/1321 1583/1196/1321 1584/1195/1321
f 1728/1202/1637 1729/1201/1637 1621/1200/1637 1620/1199/1637
f 1837/1206/1638 1836/1205/1638 1584/1204/1638 1585/1203/1638
f 1729/1210/1639 1730/1209/1639 1622/1208/1639 1621/1207/1639
f 1838/1214/1640 1837/1213/1640 1585/1212/1640 1586/1211/1640
f 1730/1218/1641 1731/1217/1641 1623/1216/1641 1622/1215/1641
f 1839/1222/1642 1838/1221/1642 1586/1220/1642 1587/1219/1642
f 1731/1226/1643 1732/1225/1643 1624/1224/1643 1623/1223/1643
f 1840/1230/1644 1839/1229/1644 1587/1228/1644 1588/1227/1644
f 1732/1234/1645 1733/1233/1645 1625/1232/1645 1624/1231/1645
f 1841/1238/1646 1840/1237/1646 1588/1236/1646 1589/1235/1646
f 1733/1242/1647 1734/1241/1647 1626/1240/1647 1625/1239/1647
f 1842/1246/1648 1841/1245/1648 1589/1244/1648 1590/1243/1648
f 1734/1250/1649 1735/1249/1649 1627/1248/1649 1626/1247/1649
f 1843/1254/1650 1842/1253/1650 1590/1252/1650 1591/1251/1650
f 1735/1258/1651 1736/1257/1651 1628/1256/1651 1627/1255/1651
f 1844/1262/1652 1843/1261/1652 1591/1260/1652 1592/1259/1652
f 1736/1266/1653 1737/1265/1653 1629/1264/1653 1628/1263/1653
f 1845/1270/1654 1844/1269/1654 1592/1268/1654 1593/1267/1654
f 1737/1274/1655 1738/1273/1655 1630/1272/1655 1629/1271/1655
f 1846/1278/1656 1845/1277/1656 1593/1276/1656 1594/1275/1656
f 1738/1282/1657 1739/1281/1657 1631/1280/1657 1630/1279/1657
f 1847/1286/1658 1846/1285/1658 1594/1284/1658 1595/1283/1658
f 1739/1290/1659 1740/1289/1659 1632/1288/1659 1631/1287/1659
f 1848/1294/1660 1847/1293/1660 1595/1292/1660 1596/1291/1660
f 1740/1298/1661 1741/1297/1661 1633/1296/1661 1632/1295/1661
f 1849/1302/1662 1848/1301/1662 1596/1300/1662 1597/1299/1662
f 1741/1306/1663 1742/1305/1663 1634/1304/1663 1633/1303/1663
f 1850/1310/1664 1849/1309/1664 1597/1308/1664 1598/1307/1664
f 1742/1314/1665 1743/1313/1665 1635/1312/1665 1634/1311/1665
f 1851/1318/1666 1850/1317/1666 1598/1316/1666 1599/1315/1666
f 1743/1322/1667 1744/1321/1667 1636/1320/1667 1635/1319/1667
f 1852/1326/1668 1851/1325/1668 1599/1324/1668 1600/1323/1668
f 1744/1330/1669 1745/1329/1669 1637/1328/1669 1636/1327/1669
f 1853/1334/1355 1852/1333/1355 1600/1332/1355 1601/1331/1355
f 1745/1338/1670 1746/1337/1670 1638/1336/1670 1637/1335/1670
f 1854/1342/1671 1853/1341/1671 1601/1340/1671 1602/1339/1671
f 1746/1346/1672 1747/1345/1672 1639/1344/1672 1638/1343/1672
f 1855/1350/1673 1854/1349/1673 1602/1348/1673 1603/1347/1673
f 1747/1354/1674 1748/1353/1674 1640/1352/1674 1639/1351/1674
f 1856/1358/1675 1855/1357/1675 1603/1356/1675 1604/1355/1675
f 1748/1362/1676 1749/1361/1676 1641/1360/1676 1640/1359/1676
f 1857/1366/1677 1856/1365/1677 1604/1364/1677 1605/1363/1677
f 1749/1370/1678 1750/1369/1678 1642/1368/1678 1641/1367/1678
f 1858/1374/1679 1857/1373/1679 1605/1372/1679 1606/1371/1679
f 1750/1378/1680 1751/1377/1680 1643/1376/1680 1642/1375/1680
f 1859/1382/1681 1858/1381/1681 1606/1380/1681 1607/1379/1681
f 1751/1386/1682 1752/1385/1682 1644/1384/1682 1643/1383/1682
f 1860/1390/1683 1859/1389/1683 1607/1388/1683 1608/1387/1683
f 1752/1394/1684 1753/1393/1684 1645/1392/1684 1644/1391/1684
f 1861/1398/1685 1860/1397/1685 1608/1396/1685 1609/1395/1685
f 1753/1402/1686 1754/1401/1686 1646/1400/1686 1645/1399/1686
f 1862/1406/1687 1861/1405/1687 1609/1404/1687 1610/1403/1687
f 1754/1410/1688 1755/1409/1688 1647/1408/1688 1646/1407/1688
f 1863/1414/1689 1862/1413/1689 1610/1412/1689 1611/1411/1689
f 1755/1418/1690 1756/1417/1690 1648/1416/1690 1647/1415/1690
f 1864/1422/1691 1863/1421/1691 1611/1420/1691 1612/1419/1691
f 1756/1426/1692 1757/1425/1692 1649/1424/1692 1648/1423/1692
f 1865/1430/1693 1864/1429/1693 1612/1428/1693 1613/1427/1693
f 1757/1434/1694 1758/1433/1694 1650/1432/1694 1649/1431/1694
f 1866/1438/1695 1865/1437/1695 1613/1436/1695 1614/1435/1695
f 1758/1442/1382 1759/1441/1382 1651/1440/1382 1650/1439/1382
f 1867/1446/1383 1866/1445/1383 1614/1444/1383 1615/1443/1383
f 1759/1450/1696 1832/1449/1696 1580/1448/1696 1651/1447/1696
f 1868/1454/1697 1867/1453/1697 1615/1452/1697 1616/1451/1697
f 1832/1458/1698 1797/1457/1698 1579/1456/1698 1580/1455/1698
f 1833/1462/1699 1868/1461/1699 1616/1460/1699 1581/1459/1699
f 1725/1466/1700 1798/1465/1700 1654/1464/1700 1653/1463/1700
f 1762/1470/1701 1761/1469/1701 1689/1468/1701 1690/1467/1701
f 1798/1474/1702 1799/1473/1702 1655/1472/1702 1654/1471/1702
f 1763/1478/1703 1762/1477/1703 1690/1476/1703 1691/1475/1703
f 1799/1482/1704 1800/1481/1704 1656/1480/1704 1655/1479/1704
f 1764/1486/1705 1763/1485/1705 1691/1484/1705 1692/1483/1705
f 1800/1490/1706 1801/1489/1706 1657/1488/1706 1656/1487/1706
f 1765/1494/1707 1764/1493/1707 1692/1492/1707 1693/1491/1707
f 1801/1498/1708 1802/1497/1708 1658/1496/1708 1657/1495/1708
f 1766/1502/1709 1765/1501/1709 1693/1500/1709 1694/1499/1709
f 1802/1506/1710 1803/1505/1710 1659/1504/1710 1658/1503/1710
f 1767/1510/1711 1766/1509/1711 1694/1508/1711 1695/1507/1711
f 1803/1514/1400 1804/1513/1400 1660/1512/1400 1659/1511/1400
f 1768/1518/1401 1767/1517/1401 1695/1516/1401 1696/1515/1401
f 1804/1522/1712 1805/1521/1712 1661/1520/1712 1660/1519/1712
f 1769/1526/1713 1768/1525/1713 1696/1524/1713 1697/1523/1713
f 1805/1530/1714 1806/1529/1714 1662/1528/1714 1661/1527/1714
f 1770/1534/1715 1769/1533/1715 1697/1532/1715 1698/1531/1715
f 1806/1538/1716 1807/1537/1716 1663/1536/1716 1662/1535/1716
f 1771/1542/1717 1770/1541/1717 1698/1540/1717 1699/1539/1717
f 1807/1546/1718 1808/1545/1718 1664/1544/1718 1663/1543/1718
f 1772/1550/1719 1771/1549/1719 1699/1548/1719 1700/1547/1719
f 1808/1554/1410 1809/1553/1410 1665/1552/1410 1664/1551/1410
f 1773/1558/1411 1772/1557/1411 1700/1556/1411 1701/1555/1411
f 1809/1562/1720 1810/1561/1720 1666/1560/1720 1665/1559/1720
f 1774/1566/1721 1773/1565/1721 1701/1564/1721 1702/1563/1721
f 1810/1570/1722 1811/1569/1722 1667/1568/1722 1666/1567/1722
f 1775/1574/1723 1774/1573/1723 1702/1572/1723 1703/1571/1723
f 1811/1578/1724 1812/1577/1724 1668/1576/1724 1667/1575/1724
f 1776/1582/1725 1775/1581/1725 1703/1580/1725 1704/1579/1725
f 1812/1586/1726 1813/1585/1726 1669/1584/1726 1668/1583/1726
f 1777/1590/1727 1776/1589/1727 1704/1588/1727 1705/1587/1727
f 1813/1594/1728 1814/1593/1728 1670/1592/1728 1669/1591/1728
f 1778/1598/1729 1777/1597/1729 1705/1596/1729 1706/1595/1729
f 1814/1602/1730 1815/1601/1730 1671/1600/1730 1670/1599/1730
f 1779/1606/1731 1778/1605/1731 1706/1604/1731 1707/1603/1731
f 1815/1610/1732 1816/1609/1732 1672/1608/1732 1671/1607/1732
f 1780/1614/1733 1779/1613/1733 1707/1612/1733 1708/1611/1733
f 1816/1618/1734 1817/1617/1734 1673/1616/1734 1672/1615/1734
f 1781/1622/1735 1780/1621/1735 1708/1620/1735 1709/1619/1735
f 1817/1626/1736 1818/1625/1736 1674/1624/1736 1673/1623/1736
f 1782/1630/1737 1781/1629/1737 1709/1628/1737 1710/1627/1737
f 1818/1634/1738 1819/1633/1738 1675/1632/1738 1674/1631/1738
f 1783/1638/1739 1782/1637/1739 1710/1636/1739 1711/1635/1739
f 1819/1642/1740 1820/1641/1740 1676/1640/1740 1675/1639/1740
f 1784/1646/1741 1783/1645/1741 1711/1644/1741 1712/1643/1741
f 1820/1650/1742 1821/1649/1742 1677/1648/1742 1676/1647/1742
f 1785/1654/1743 1784/1653/1743 1712/1652/1743 1713/1651/1743
f 1821/1658/1744 1822/1657/1744 1678/1656/1744 1677/1655/1744
f 1786/1662/1745 1785/1661/1745 1713/1660/1745 1714/1659/1745
f 1822/1666/1746 1823/1665/1746 1679/1664/1746 1678/1663/1746
f 1787/1670/1747 1786/1669/1747 1714/1668/1747 1715/1667/1747
f 1823/1674/1440 1824/1673/1440 1680/1672/1440 1679/1671/1440
f 1788/1678/1441 1787/1677/1441 1715/1676/1441 1716/1675/1441
f 1824/1682/1442 1825/1681/1442 1681/1680/1442 1680/1679/1442
f 1789/1686/1443 1788/1685/1443 1716/1684/1443 1717/1683/1443
f 1825/1690/1748 1826/1689/1748 1682/1688/1748 1681/1687/1748
f 1790/1694/1749 1789/1693/1749 1717/1692/1749 1718/1691/1749
f 1826/1698/1750 1827/1697/1750 1683/1696/1750 1682/1695/1750
f 1791/1702/1751 1790/1701/1751 1718/1700/1751 1719/1699/1751
f 1827/1706/1752 1828/1705/1752 1684/1704/1752 1683/1703/1752
f 1792/1710/1753 1791/1709/1753 1719/1708/1753 1720/1707/1753
f 1828/1714/1754 1829/1713/1754 1685/1712/1754 1684/1711/1754
f 1793/1718/1755 1792/1717/1755 1720/1716/1755 1721/1715/1755
f 1829/1722/1756 1830/1721/1756 1686/1720/1756 1685/1719/1756
f 1794/1726/1757 1793/1725/1757 1721/1724/1757 1722/1723/1757
f 1830/1730/1454 1831/1729/1454 1687/1728/1454 1686/1727/1454
f 1795/1734/1455 1794/1733/1455 1722/1732/1455 1723/1731/1455
f 1831/1738/1758 1760/1737/1758 1688/1736/1758 1687/1735/1758
f 1796/1742/1759 1795/1741/1759 1723/1740/1759 1724/1739/1759
f 1760/1746/1458 1725/1745/1458 1653/1744/1458 1688/1743/1458
f 1761/1750/1459 1796/1749/1459 1724/1748/1459 1689/1747/1459
f 1653/1463/1760 1654/1464/1760 1726/1177/1760 1797/1178/1760
f 1690/1467/1761 1689/1468/1761 1833/1181/1761 1834/1182/1761
f 1654/1471/1762 1655/1472/1762 1727/1185/1762 1726/1186/1762
f 1691/1475/1763 1690/1476/1763 1834/1189/1763 1835/1190/1763
f 1655/1479/1464 1656/1480/1464 1728/1193/1464 1727/1194/1464
f 1692/1483/1465 1691/1484/1465 1835/1197/1465 1836/1198/1465
f 1656/1487/1764 1657/1488/1764 1729/1201/1764 1728/1202/1764
f 1693/1491/1765 1692/1492/1765 1836/1205/1765 1837/1206/1765
f 1657/1495/1766 1658/1496/1766 1730/1209/1766 1729/1210/1766
f 1694/1499/1767 1693/1500/1767 1837/1213/1767 1838/1214/1767
f 1658/1503/1470 1659/1504/1470 1731/1217/1470 1730/1218/1470
f 1695/1507/1471 1694/1508/1471 1838/1221/1471 1839/1222/1471
f 1659/1511/1768 1660/1512/1768 1732/1225/1768 1731/1226/1768
f 1696/1515/1769 1695/1516/1769 1839/1229/1769 1840/1230/1769
f 1660/1519/1770 1661/1520/1770 1733/1233/1770 1732/1234/1770
f 1697/1523/1771 1696/1524/1771 1840/1237/1771 1841/1238/1771
f 1661/1527/1772 1662/1528/1772 1734/1241/1772 1733/1242/1772
f 1698/1531/1773 1697/1532/1773 1841/1245/1773 1842/1246/1773
f 1662/1535/1774 1663/1536/1774 1735/1249/1774 1734/1250/1774
f 1699/1539/1775 1698/1540/1775 1842/1253/1775 1843/1254/1775
f 1663/1543/1776 1664/1544/1776 1736/1257/1776 1735/1258/1776
f 1700/1547/1777 1699/1548/1777 1843/1261/1777 1844/1262/1777
f 1664/1551/1778 1665/1552/1778 1737/1265/1778 1736/1266/1778
f 1701/1555/1779 1700/1556/1779 1844/1269/1779 1845/1270/1779
f 1665/1559/1484 1666/1560/1484 1738/1273/1484 1737/1274/1484
f 1702/1563/1485 1701/1564/1485 1845/1277/1485 1846/1278/1485
f 1666/1567/1780 1667/1568/1780 1739/1281/1780 1738/1282/1780
f 1703/1571/1781 1702/1572/1781 1846/1285/1781 1847/1286/1781
f 1667/1575/1782 1668/1576/1782 1740/1289/1782 1739/1290/1782
f 1704/1579/1783 1703/1580/1783 1847/1293/1783 1848/1294/1783
f 1668/1583/1490 1669/1584/1490 1741/1297/1490 1740/1298/1490
f 1705/1587/1491 1704/1588/1491 1848/1301/1491 1849/1302/1491
f 1669/1591/1784 1670/1592/1784 1742/1305/1784 1741/1306/1784
f 1706/1595/1785 1705/1596/1785 1849/1309/1785 1850/1310/1785
f 1670/1599/1786 1671/1600/1786 1743/1313/1786 1742/1314/1786
f 1707/1603/1787 1706/1604/1787 1850/1317/1787 1851/1318/1787
f 1671/1607/1788 1672/1608/1788 1744/1321/1788 1743/1322/1788
f 1708/1611/1789 1707/1612/1789 1851/1325/1789 1852/1326/1789
f 1672/1615/1790 1673/1616/1790 1745/1329/1790 1744/1330/1790
f 1709/1619/1791 1708/1620/1791 1852/1333/1791 1853/1334/1791
f 1673/1623/1792 1674/1624/1792 1746/1337/1792 1745/1338/1792
f 1710/1627/1793 1709/1628/1793 1853/1341/1793 1854/1342/1793
f 1674/1631/1794 1675/1632/1794 1747/1345/1794 1746/1346/1794
f 1711/1635/1795 1710/1636/1795 1854/1349/1795 1855/1350/1795
f 1675/1639/1796 1676/1640/1796 1748/1353/1796 1747/1354/1796
f 1712/1643/1797 1711/1644/1797 1855/1357/1797 1856/1358/1797
f 1676/1647/1798 1677/1648/1798 1749/1361/1798 1748/1362/1798
f 1713/1651/1799 1712/1652/1799 1856/1365/1799 1857/1366/1799
f 1677/1655/1800 1678/1656/1800 1750/1369/1800 1749/1370/1800
f 1714/1659/1801 1713/1660/1801 1857/1373/1801 1858/1374/1801
f 1678/1663/1802 1679/1664/1802 1751/1377/1802 1750/1378/1802
f 1715/1667/1803 1714/1668/1803 1858/1381/1803 1859/1382/1803
f 1679/1671/1804 1680/1672/1804 1752/1385/1804 1751/1386/1804
f 1716/1675/1805 1715/1676/1805 1859/1389/1805 1860/1390/1805
f 1680/1679/1806 1681/1680/1806 1753/1393/1806 1752/1394/1806
f 1717/1683/1807 1716/1684/1807 1860/1397/1807 1861/1398/1807
f 1681/1687/1808 1682/1688/1808 1754/1401/1808 1753/1402/1808
f 1718/1691/1809 1717/1692/1809 1861/1405/1809 1862/1406/1809
f 1682/1695/1810 1683/1696/1810 1755/1409/1810 1754/1410/1810
f 1719/1699/1811 1718/1700/1811 1862/1413/1811 1863/1414/1811
f 1683/1703/1812 1684/1704/1812 1756/1417/1812 1755/1418/1812
f 1720/1707/1813 1719/1708/1813 1863/1421/1813 1864/1422/1813
f 1684/1711/1814 1685/1712/1814 1757/1425/1814 1756/1426/1814
f 1721/1715/1815 1720/1716/1815 1864/1429/1815 1865/1430/1815
f 1685/1719/1816 1686/1720/1816 1758/1433/1816 1757/1434/1816
f 1722/1723/1817 1721/1724/1817 1865/1437/1817 1866/1438/1817
f 1686/1727/1526 1687/1728/1526 1759/1441/1526 1758/1442/1526
f 1723/1731/1527 1722/1732/1527 1866/1445/1527 1867/1446/1527
f 1687/1735/1818 1688/1736/1818 1832/1449/1818 1759/1450/1818
f 1724/1739/1819 1723/1740/1819 1867/1453/1819 1868/1454/1819
f 1688/1743/1820 1653/1744/1820 1797/1457/1820 1832/1458/1820
f 1689/1747/1821 1724/1748/1821 1868/1461/1821 1833/1462/1821
f 1725/1466/1825 1760/1746/1824 1617/1751/1823 1798/1465/1822
f 1762/1470/1829 1652/1752/1828 1796/1749/1827 1761/1469/1826
f 1798/1474/1822 1617/1751/1823 1800/1481/1831 1799/1473/1830
f 1763/1478/1833 1764/1486/1832 1652/1752/1828 1762/1477/1829
f 1800/1490/1831 1617/1751/1823 1802/1497/1835 1801/1489/1834
f 1765/1494/1837 1766/1502/1836 1652/1752/1828 1764/1493/1832
f 1802/1506/1835 1617/1751/1823 1804/1513/1839 1803/1505/1838
f 1767/1510/1841 1768/1518/1840 1652/1752/1828 1766/1509/1836
f 1804/1522/1839 1617/1751/1823 1806/1529/1843 1805/1521/1842
f 1769/1526/1845 1770/1534/1844 1652/1752/1828 1768/1525/1840
f 1806/1538/1843 1617/1751/1823 1808/1545/1847 1807/1537/1846
f 1771/1542/1849 1772/1550/1848 1652/1752/1828 1770/1541/1844
f 1808/1554/1847 1617/1751/1823 1810/1561/1851 1809/1553/1850
f 1773/1558/1853 1774/1566/1852 1652/1752/1828 1772/1557/1848
f 1810/1570/1851 1617/1751/1823 1812/1577/1855 1811/1569/1854
f 1775/1574/1857 1776/1582/1856 1652/1752/1828 1774/1573/1852
f 1812/1586/1855 1617/1751/1823 1814/1593/1859 1813/1585/1858
f 1777/1590/1861 1778/1598/1860 1652/1752/1828 1776/1589/1856
f 1814/1602/1859 1617/1751/1823 1816/1609/1863 1815/1601/1862
f 1779/1606/1865 1780/1614/1864 1652/1752/1828 1778/1605/1860
f 1816/1618/1863 1617/1751/1823 1818/1625/1867 1817/1617/1866
f 1781/1622/1869 1782/1630/1868 1652/1752/1828 1780/1621/1864
f 1818/1634/1867 1617/1751/1823 1820/1641/1871 1819/1633/1870
f 1783/1638/1873 1784/1646/1872 1652/1752/1828 1782/1637/1868
f 1820/1650/1871 1617/1751/1823 1822/1657/1875 1821/1649/1874
f 1785/1654/1877 1786/1662/1876 1652/1752/1828 1784/1653/1872
f 1822/1666/1875 1617/1751/1823 1824/1673/1879 1823/1665/1878
f 1787/1670/1881 1788/1678/1880 1652/1752/1828 1786/1669/1876
f 1824/1682/1879 1617/1751/1823 1826/1689/1883 1825/1681/1882
f 1789/1686/1885 1790/1694/1884 1652/1752/1828 1788/1685/1880
f 1826/1698/1883 1617/1751/1823 1828/1705/1887 1827/1697/1886
f 1791/1702/1889 1792/1710/1888 1652/1752/1828 1790/1701/1884
f 1828/1714/1887 1617/1751/1823 1830/1721/1891 1829/1713/1890
f 1793/1718/1893 1794/1726/1892 1652/1752/1828 1792/1717/1888
f 1830/1730/1891 1617/1751/1823 1760/1737/1824 1831/1729/1894
f 1795/1734/1895 1796/1742/1827 1652/1752/1828 1794/1733/1892
f 1869/1104/1896 1908/1103/1896 1872/1102/1896 1871/1101/1896
f 1908/1103/1897 1909/1106/1897 1873/1105/1897 1872/1102/1897
f 1909/1106/1898 1910/1108/1898 1874/1107/1898 1873/1105/1898
f 1910/1108/1899 1911/1110/1899 1875/1109/1899 1874/1107/1899
f 1911/1110/1608 1912/1112/1608 1876/1111/1608 1875/1109/1608
f 1912/1112/1900 1913/1114/1900 1877/1113/1900 1876/1111/1900
f 1913/1114/1901 1914/1116/1901 1878/1115/1901 1877/1113/1901
f 1914/1116/1902 1915/1118/1902 1879/1117/1902 1878/1115/1902
f 1915/1118/1288 1916/1120/1288 1880/1119/1288 1879/1117/1288
f 1916/1120/1289 1917/1122/1289 1881/1121/1289 1880/1119/1289
f 1917/1126/1903 1918/1125/1903 1882/1124/1903 1881/1123/1903
f 1918/1125/1904 1919/1128/1904 1883/1127/1904 1882/1124/1904
f 1919/1128/1905 1920/1130/1905 1884/1129/1905 1883/1127/1905
f 1920/1130/1617 1921/1132/1617 1885/1131/1617 1884/1129/1617
f 1921/1132/1906 1922/1134/1906 1886/1133/1906 1885/1131/1906
f 1922/1134/1907 1923/1136/1907 1887/1135/1907 1886/1133/1907
f 1923/1136/1908 1924/1138/1908 1888/1137/1908 1887/1135/1908
f 1924/1138/1909 1925/1140/1909 1889/1139/1909 1888/1137/1909
f 1925/1140/1910 1926/1142/1910 1890/1141/1910 1889/1139/1910
f 1926/1142/1911 1927/1144/1911 1891/1143/1911 1890/1141/1911
f 1927/1144/1912 1928/1146/1912 1892/1145/1912 1891/1143/1912
f 1928/1146/1913 1929/1148/1913 1893/1147/1913 1892/1145/1913
f 1929/1148/1914 1930/1150/1914 1894/1149/1914 1893/1147/1914
f 1930/1150/1915 1931/1152/1915 1895/1151/1915 1894/1149/1915
f 1931/1152/1916 1932/1154/1916 1896/1153/1916 1895/1151/1916
f 1932/1154/1917 1933/1156/1917 1897/1155/1917 1896/1153/1917
f 1933/1156/1306 1934/1158/1306 1898/1157/1306 1897/1155/1306
f 1934/1158/1918 1935/1160/1918 1899/1159/1918 1898/1157/1918
f 1935/1160/1308 1936/1162/1308 1900/1161/1308 1899/1159/1308
f 1936/1162/1919 1937/1164/1919 1901/1163/1919 1900/1161/1919
f 1937/1164/1920 1938/1166/1920 1902/1165/1920 1901/1163/1920
f 1938/1166/1921 1939/1168/1921 1903/1167/1921 1902/1165/1921
f 1939/1168/1922 1940/1170/1922 1904/1169/1922 1903/1167/1922
f 1940/1170/1923 1941/1172/1923 1905/1171/1923 1904/1169/1923
f 1941/1172/1924 1870/1174/1924 1906/1173/1924 1905/1171/1924
f 1870/1174/1925 1869/1104/1925 1871/1101/1925 1906/1173/1925
f 2087/1178/1926 2016/1177/1926 1908/1176/1926 1869/1175/1926
f 2124/1182/1927 2123/1181/1927 1871/1180/1927 1872/1179/1927
f 2016/1186/1928 2017/1185/1928 1909/1184/1928 1908/1183/1928
f 2125/1190/1929 2124/1189/1929 1872/1188/1929 1873/1187/1929
f 2017/1194/1930 2018/1193/1930 1910/1192/1930 1909/1191/1930
f 2126/1198/1931 2125/1197/1931 1873/1196/1931 1874/1195/1931
f 2018/1202/1932 2019/1201/1932 1911/1200/1932 1910/1199/1932
f 2127/1206/1933 2126/1205/1933 1874/1204/1933 1875/1203/1933
f 2019/1210/1934 2020/1209/1934 1912/1208/1934 1911/1207/1934
f 2128/1214/1935 2127/1213/1935 1875/1212/1935 1876/1211/1935
f 2020/1218/1936 2021/1217/1936 1913/1216/1936 1912/1215/1936
f 2129/1222/1937 2128/1221/1937 1876/1220/1937 1877/1219/1937
f 2021/1226/1938 2022/1225/1938 1914/1224/1938 1913/1223/1938
f 2130/1230/1939 2129/1229/1939 1877/1228/1939 1878/1227/1939
f 2022/1234/1940 2023/1233/1940 1915/1232/1940 1914/1231/1940
f 2131/1238/1941 2130/1237/1941 1878/1236/1941 1879/1235/1941
f 2023/1242/1942 2024/1241/1942 1916/1240/1942 1915/1239/1942
f 2132/1246/1943 2131/1245/1943 1879/1244/1943 1880/1243/1943
f 2024/1250/1944 2025/1249/1944 1917/1248/1944 1916/1247/1944
f 2133/1254/1945 2132/1253/1945 1880/1252/1945 1881/1251/1945
f 2025/1258/1946 2026/1257/1946 1918/1256/1946 1917/1255/1946
f 2134/1262/1947 2133/1261/1947 1881/1260/1947 1882/1259/1947
f 2026/1266/1948 2027/1265/1948 1919/1264/1948 1918/1263/1948
f 2135/1270/1949 2134/1269/1949 1882/1268/1949 1883/1267/1949
f 2027/1274/1950 2028/1273/1950 1920/1272/1950 1919/1271/1950
f 2136/1278/1951 2135/1277/1951 1883/1276/1951 1884/1275/1951
f 2028/1282/1952 2029/1281/1952 1921/1280/1952 1920/1279/1952
f 2137/1286/1953 2136/1285/1953 1884/1284/1953 1885/1283/1953
f 2029/1290/1954 2030/1289/1954 1922/1288/1954 1921/1287/1954
f 2138/1294/1955 2137/1293/1955 1885/1292/1955 1886/1291/1955
f 2030/1298/1956 2031/1297/1956 1923/1296/1956 1922/1295/1956
f 2139/1302/1957 2138/1301/1957 1886/1300/1957 1887/1299/1957
f 2031/1306/1958 2032/1305/1958 1924/1304/1958 1923/1303/1958
f 2140/1310/1959 2139/1309/1959 1887/1308/1959 1888/1307/1959
f 2032/1314/1960 2033/1313/1960 1925/1312/1960 1924/1311/1960
f 2141/1318/1961 2140/1317/1961 1888/1316/1961 1889/1315/1961
f 2033/1322/1962 2034/1321/1962 1926/1320/1962 1925/1319/1962
f 2142/1326/1963 2141/1325/1963 1889/1324/1963 1890/1323/1963
f 2034/1330/1964 2035/1329/1964 1927/1328/1964 1926/1327/1964
f 2143/1334/1965 2142/1333/1965 1890/1332/1965 1891/1331/1965
f 2035/1338/1966 2036/1337/1966 1928/1336/1966 1927/1335/1966
f 2144/1342/1967 2143/1341/1967 1891/1340/1967 1892/1339/1967
f 2036/1346/1968 2037/1345/1968 1929/1344/1968 1928/1343/1968
f 2145/1350/1969 2144/1349/1969 1892/1348/1969 1893/1347/1969
f 2037/1354/1970 2038/1353/1970 1930/1352/1970 1929/1351/1970
f 2146/1358/1971 2145/1357/1971 1893/1356/1971 1894/1355/1971
f 2038/1362/1972 2039/1361/1972 1931/1360/1972 1930/1359/1972
f 2147/1366/1973 2146/1365/1973 1894/1364/1973 1895/1363/1973
f 2039/1370/1974 2040/1369/1974 1932/1368/1974 1931/1367/1974
f 2148/1374/1975 2147/1373/1975 1895/1372/1975 1896/1371/1975
f 2040/1378/1976 2041/1377/1976 1933/1376/1976 1932/1375/1976
f 2149/1382/1977 2148/1381/1977 1896/1380/1977 1897/1379/1977
f 2041/1386/1978 2042/1385/1978 1934/1384/1978 1933/1383/1978
f 2150/1390/1979 2149/1389/1979 1897/1388/1979 1898/1387/1979
f 2042/1394/1980 2043/1393/1980 1935/1392/1980 1934/1391/1980
f 2151/1398/1981 2150/1397/1981 1898/1396/1981 1899/1395/1981
f 2043/1402/1982 2044/1401/1982 1936/1400/1982 1935/1399/1982
f 2152/1406/1983 2151/1405/1983 1899/1404/1983 1900/1403/1983
f 2044/1410/1984 2045/1409/1984 1937/1408/1984 1936/1407/1984
f 2153/1414/1985 2152/1413/1985 1900/1412/1985 1901/1411/1985
f 2045/1418/1986 2046/1417/1986 1938/1416/1986 1937/1415/1986
f 2154/1422/1987 2153/1421/1987 1901/1420/1987 1902/1419/1987
f 2046/1426/1988 2047/1425/1988 1939/1424/1988 1938/1423/1988
f 2155/1430/1989 2154/1429/1989 1902/1428/1989 1903/1427/1989
f 2047/1434/1990 2048/1433/1990 1940/1432/1990 1939/1431/1990
f 2156/1438/1991 2155/1437/1991 1903/1436/1991 1904/1435/1991
f 2048/1442/1992 2049/1441/1992 1941/1440/1992 1940/1439/1992
f 2157/1446/1993 2156/1445/1993 1904/1444/1993 1905/1443/1993
f 2049/1450/1994 2122/1449/1994 1870/1448/1994 1941/1447/1994
f 2158/1454/1995 2157/1453/1995 1905/1452/1995 1906/1451/1995
f 2122/1458/1996 2087/1457/1996 1869/1456/1996 1870/1455/1996
f 2123/1462/1997 2158/1461/1997 1906/1460/1997 1871/1459/1997
f 2015/1466/1998 2088/1465/1998 1944/1464/1998 1943/1463/1998
f 2052/1470/1999 2051/1469/1999 1979/1468/1999 1980/1467/1999
f 2088/1474/2000 2089/1473/2000 1945/1472/2000 1944/1471/2000
f 2053/1478/2001 2052/1477/2001 1980/1476/2001 1981/1475/2001
f 2089/1482/2002 2090/1481/2002 1946/1480/2002 1945/1479/2002
f 2054/1486/2003 2053/1485/2003 1981/1484/2003 1982/1483/2003
f 2090/1490/2004 2091/1489/2004 1947/1488/2004 1946/1487/2004
f 2055/1494/2005 2054/1493/2005 1982/1492/2005 1983/1491/2005
f 2091/1498/2006 2092/1497/2006 1948/1496/2006 1947/1495/2006
f 2056/1502/2007 2055/1501/2007 1983/1500/2007 1984/1499/2007
f 2092/1506/2008 2093/1505/2008 1949/1504/2008 1948/1503/2008
f 2057/1510/2009 2056/1509/2009 1984/1508/2009 1985/1507/2009
f 2093/1514/2010 2094/1513/2010 1950/1512/2010 1949/1511/2010
f 2058/1518/2011 2057/1517/2011 1985/1516/2011 1986/1515/2011
f 2094/1522/2012 2095/1521/2012 1951/1520/2012 1950/1519/2012
f 2059/1526/2013 2058/1525/2013 1986/1524/2013 1987/1523/2013
f 2095/1530/2014 2096/1529/2014 1952/1528/2014 1951/1527/2014
f 2060/1534/2015 2059/1533/2015 1987/1532/2015 1988/1531/2015
f 2096/1538/2016 2097/1537/2016 1953/1536/2016 1952/1535/2016
f 2061/1542/2017 2060/1541/2017 1988/1540/2017 1989/1539/2017
f 2097/1546/2018 2098/1545/2018 1954/1544/2018 1953/1543/2018
f 2062/1550/2019 2061/1549/2019 1989/1548/2019 1990/1547/2019
f 2098/1554/2020 2099/1553/2020 1955/1552/2020 1954/1551/2020
f 2063/1558/2021 2062/1557/2021 1990/1556/2021 1991/1555/2021
f 2099/1562/2022 2100/1561/2022 1956/1560/2022 1955/1559/2022
f 2064/1566/2023 2063/1565/2023 1991/1564/2023 1992/1563/2023
f 2100/1570/2024 2101/1569/2024 1957/1568/2024 1956/1567/2024
f 2065/1574/2025 2064/1573/2025 1992/1572/2025 1993/1571/2025
f 2101/1578/2026 2102/1577/2026 1958/1576/2026 1957/1575/2026
f 2066/1582/2027 2065/1581/2027 1993/1580/2027 1994/1579/2027
f 2102/1586/2028 2103/1585/2028 1959/1584/2028 1958/1583/2028
f 2067/1590/2029 2066/1589/2029 1994/1588/2029 1995/1587/2029
f 2103/1594/2030 2104/1593/2030 1960/1592/2030 1959/1591/2030
f 2068/1598/2031 2067/1597/2031 1995/1596/2031 1996/1595/2031
f 2104/1602/2032 2105/1601/2032 1961/1600/2032 1960/1599/2032
f 2069/1606/2033 2068/1605/2033 1996/1604/2033 1997/1603/2033
f 2105/1610/2034 2106/1609/2034 1962/1608/2034 1961/1607/2034
f 2070/1614/2035 2069/1613/2035 1997/1612/2035 1998/1611/2035
f 2106/1618/2036 2107/1617/2036 1963/1616/2036 1962/1615/2036
f 2071/1622/2037 2070/1621/2037 1998/1620/2037 1999/1619/2037
f 2107/1626/2038 2108/1625/2038 1964/1624/2038 1963/1623/2038
f 2072/1630/2039 2071/1629/2039 1999/1628/2039 2000/1627/2039
f 2108/1634/2040 2109/1633/2040 1965/1632/2040 1964/1631/2040
f 2073/1638/2041 2072/1637/2041 2000/1636/2041 2001/1635/2041
f 2109/1642/2042 2110/1641/2042 1966/1640/2042 1965/1639/2042
f 2074/1646/2043 2073/1645/2043 2001/1644/2043 2002/1643/2043
f 2110/1650/2044 2111/1649/2044 1967/1648/2044 1966/1647/2044
f 2075/1654/2045 2074/1653/2045 2002/1652/2045 2003/1651/2045
f 2111/1658/2046 2112/1657/2046 1968/1656/2046 1967/1655/2046
f 2076/1662/2047 2075/1661/2047 2003/1660/2047 2004/1659/2047
f 2112/1666/2048 2113/1665/2048 1969/1664/2048 1968/1663/2048
f 2077/1670/2049 2076/1669/2049 2004/1668/2049 2005/1667/2049
f 2113/1674/1440 2114/1673/1440 1970/1672/1440 1969/1671/1440
f 2078/1678/1441 2077/1677/1441 2005/1676/1441 2006/1675/1441
f 2114/1682/2050 2115/1681/2050 1971/1680/2050 1970/1679/2050
f 2079/1686/2051 2078/1685/2051 2006/1684/2051 2007/1683/2051
f 2115/1690/2052 2116/1689/2052 1972/1688/2052 1971/1687/2052
f 2080/1694/2053 2079/1693/2053 2007/1692/2053 2008/1691/2053
f 2116/1698/2054 2117/1697/2054 1973/1696/2054 1972/1695/2054
f 2081/1702/2055 2080/1701/2055 2008/1700/2055 2009/1699/2055
f 2117/1706/2056 2118/1705/2056 1974/1704/2056 1973/1703/2056
f 2082/1710/2057 2081/1709/2057 2009/1708/2057 2010/1707/2057
f 2118/1714/1450 2119/1713/1450 1975/1712/1450 1974/1711/1450
f 2083/1718/1451 2082/1717/1451 2010/1716/1451 2011/1715/1451
f 2119/1722/2058 2120/1721/2058 1976/1720/2058 1975/1719/2058
f 2084/1726/2059 2083/1725/2059 2011/1724/2059 2012/1723/2059
f 2120/1730/2060 2121/1729/2060 1977/1728/2060 1976/1727/2060
f 2085/1734/2061 2084/1733/2061 2012/1732/2061 2013/1731/2061
f 2121/1738/2062 2050/1737/2062 1978/1736/2062 1977/1735/2062
f 2086/1742/2063 2085/1741/2063 2013/1740/2063 2014/1739/2063
f 2050/1746/2064 2015/1745/2064 1943/1744/2064 1978/1743/2064
f 2051/1750/2065 2086/1749/2065 2014/1748/2065 1979/1747/2065
f 1943/1463/2066 1944/1464/2066 2016/1177/2066 2087/1178/2066
f 1980/1467/2067 1979/1468/2067 2123/1181/2067 2124/1182/2067
f 1944/1471/2068 1945/1472/2068 2017/1185/2068 2016/1186/2068
f 1981/1475/2069 1980/1476/2069 2124/1189/2069 2125/1190/2069
f 1945/1479/2070 1946/1480/2070 2018/1193/2070 2017/1194/2070
f 1982/1483/2071 1981/1484/2071 2125/1197/2071 2126/1198/2071
f 1946/1487/2072 1947/1488/2072 2019/1201/2072 2018/1202/2072
f 1983/1491/2073 1982/1492/2073 2126/1205/2073 2127/1206/2073
f 1947/1495/2074 1948/1496/2074 2020/1209/2074 2019/1210/2074
f 1984/1499/2075 1983/1500/2075 2127/1213/2075 2128/1214/2075
f 1948/1503/2076 1949/1504/2076 2021/1217/2076 2020/1218/2076
f 1985/1507/2077 1984/1508/2077 2128/1221/2077 2129/1222/2077
f 1949/1511/2078 1950/1512/2078 2022/1225/2078 2021/1226/2078
f 1986/1515/2079 1985/1516/2079 2129/1229/2079 2130/1230/2079
f 1950/1519/2080 1951/1520/2080 2023/1233/2080 2022/1234/2080
f 1987/1523/2081 1986/1524/2081 2130/1237/2081 2131/1238/2081
f 1951/1527/2082 1952/1528/2082 2024/1241/2082 2023/1242/2082
f 1988/1531/2083 1987/1532/2083 2131/1245/2083 2132/1246/2083
f 1952/1535/2084 1953/1536/2084 2025/1249/2084 2024/1250/2084
f 1989/1539/2085 1988/1540/2085 2132/1253/2085 2133/1254/2085
f 1953/1543/2086 1954/1544/2086 2026/1257/2086 2025/1258/2086
f 1990/1547/2087 1989/1548/2087 2133/1261/2087 2134/1262/2087
f 1954/1551/2088 1955/1552/2088 2027/1265/2088 2026/1266/2088
f 1991/1555/2089 1990/1556/2089 2134/1269/2089 2135/1270/2089
f 1955/1559/2090 1956/1560/2090 2028/1273/2090 2027/1274/2090
f 1992/1563/2091 1991/1564/2091 2135/1277/2091 2136/1278/2091
f 1956/1567/2092 1957/1568/2092 2029/1281/2092 2028/1282/2092
f 1993/1571/2093 1992/1572/2093 2136/1285/2093 2137/1286/2093
f 1957/1575/2094 1958/1576/2094 2030/1289/2094 2029/1290/2094
f 1994/1579/2095 1993/1580/2095 2137/1293/2095 2138/1294/2095
f 1958/1583/2096 1959/1584/2096 2031/1297/2096 2030/1298/2096
f 1995/1587/2097 1994/1588/2097 2138/1301/2097 2139/1302/2097
f 1959/1591/2098 1960/1592/2098 2032/1305/2098 2031/1306/2098
f 1996/1595/2099 1995/1596/2099 2139/1309/2099 2140/1310/2099
f 1960/1599/2100 1961/1600/2100 2033/1313/2100 2032/1314/2100
f 1997/1603/2101 1996/1604/2101 2140/1317/2101 2141/1318/2101
f 1961/1607/2102 1962/1608/2102 2034/1321/2102 2033/1322/2102
f 1998/1611/2103 1997/1612/2103 2141/1325/2103 2142/1326/2103
f 1962/1615/2104 1963/1616/2104 2035/1329/2104 2034/1330/2104
f 1999/1619/2105 1998/1620/2105 2142/1333/2105 2143/1334/2105
f 1963/1623/2106 1964/1624/2106 2036/1337/2106 2035/1338/2106
f 2000/1627/2107 1999/1628/2107 2143/1341/2107 2144/1342/2107
f 1964/1631/2108 1965/1632/2108 2037/1345/2108 2036/1346/2108
f 2001/1635/2109 2000/1636/2109 2144/1349/2109 2145/1350/2109
f 1965/1639/2110 1966/1640/2110 2038/1353/2110 2037/1354/2110
f 2002/1643/2111 2001/1644/2111 2145/1357/2111 2146/1358/2111
f 1966/1647/2112 1967/1648/2112 2039/1361/2112 2038/1362/2112
f 2003/1651/2113 2002/1652/2113 2146/1365/2113 2147/1366/2113
f 1967/1655/2114 1968/1656/2114 2040/1369/2114 2039/1370/2114
f 2004/1659/2115 2003/1660/2115 2147/1373/2115 2148/1374/2115
f 1968/1663/2116 1969/1664/2116 2041/1377/2116 2040/1378/2116
f 2005/1667/2117 2004/1668/2117 2148/1381/2117 2149/1382/2117
f 1969/1671/2118 1970/1672/2118 2042/1385/2118 2041/1386/2118
f 2006/1675/2119 2005/1676/2119 2149/1389/2119 2150/1390/2119
f 1970/1679/2120 1971/1680/2120 2043/1393/2120 2042/1394/2120
f 2007/1683/2121 2006/1684/2121 2150/1397/2121 2151/1398/2121
f 1971/1687/2122 1972/1688/2122 2044/1401/2122 2043/1402/2122
f 2008/1691/2123 2007/1692/2123 2151/1405/2123 2152/1406/2123
f 1972/1695/2124 1973/1696/2124 2045/1409/2124 2044/1410/2124
f 2009/1699/2125 2008/1700/2125 2152/1413/2125 2153/1414/2125
f 1973/1703/2126 1974/1704/2126 2046/1417/2126 2045/1418/2126
f 2010/1707/2127 2009/1708/2127 2153/1421/2127 2154/1422/2127
f 1974/1711/2128 1975/1712/2128 2047/1425/2128 2046/1426/2128
f 2011/1715/2129 2010/1716/2129 2154/1429/2129 2155/1430/2129
f 1975/1719/2130 1976/1720/2130 2048/1433/2130 2047/1434/2130
f 2012/1723/2131 2011/1724/2131 2155/1437/2131 2156/1438/2131
f 1976/1727/2132 1977/1728/2132 2049/1441/2132 2048/1442/2132
f 2013/1731/2133 2012/1732/2133 2156/1445/2133 2157/1446/2133
f 1977/1735/2134 1978/1736/2134 2122/1449/2134 2049/1450/2134
f 2014/1739/2135 2013/1740/2135 2157/1453/2135 2158/1454/2135
f 1978/1743/2136 1943/1744/2136 2087/1457/2136 2122/1458/2136
f 1979/1747/2137 2014/1748/2137 2158/1461/2137 2123/1462/2137
f 2015/1466/2141 1907/1751/2140 2089/1473/2139 2088/1465/2138
f 2052/1470/2145 2053/1478/2144 1942/1752/2143 2051/1469/2142
f 2089/1482/2139 1907/1751/2140 2091/1489/2147 2090/1481/2146
f 2054/1486/2149 2055/1494/2148 1942/1752/2143 2053/1485/2144
f 2091/1498/2147 1907/1751/2140 2093/1505/2151 2092/1497/2150
f 2056/1502/1547 2057/1510/2152 1942/1752/2143 2055/1501/2148
f 2093/1514/2151 1907/1751/2140 2095/1521/2154 2094/1513/2153
f 2058/1518/2156 2059/1526/2155 1942/1752/2143 2057/1517/2152
f 2095/1530/2154 1907/1751/2140 2097/1537/2157 2096/1529/1552
f 2060/1534/1555 2061/1542/2158 1942/1752/2143 2059/1533/2155
f 2097/1546/2157 1907/1751/2140 2099/1553/2160 2098/1545/2159
f 2062/1550/2162 2063/1558/2161 1942/1752/2143 2061/1549/2158
f 2099/1562/2160 1907/1751/2140 2101/1569/2164 2100/1561/2163
f 2064/1566/1563 2065/1574/2165 1942/1752/2143 2063/1565/2161
f 2101/1578/2164 1907/1751/2140 2103/1585/2167 2102/1577/2166
f 2066/1582/2169 2067/1590/2168 1942/1752/2143 2065/1581/2165
f 2103/1594/2167 1907/1751/2140 2105/1601/2171 2104/1593/2170
f 2068/1598/2173 2069/1606/2172 1942/1752/2143 2067/1597/2168
f 2105/1610/2171 1907/1751/2140 2107/1617/2175 2106/1609/2174
f 2070/1614/2177 2071/1622/2176 1942/1752/2143 2069/1613/2172
f 2107/1626/2175 1907/1751/2140 2109/1633/2179 2108/1625/2178
f 2072/1630/2181 2073/1638/2180 1942/1752/2143 2071/1629/2176
f 2109/1642/2179 1907/1751/2140 2111/1649/2183 2110/1641/2182
f 2074/1646/1583 2075/1654/1582 1942/1752/2143 2073/1645/2180
f 2111/1658/2183 1907/1751/2140 2113/1665/2185 2112/1657/2184
f 2076/1662/1587 2077/1670/1586 1942/1752/2143 2075/1661/1582
f 2113/1674/2185 1907/1751/2140 2115/1681/2187 2114/1673/2186
f 2078/1678/2189 2079/1686/2188 1942/1752/2143 2077/1677/1586
f 2115/1690/2187 1907/1751/2140 2117/1697/2191 2116/1689/2190
f 2080/1694/2193 2081/1702/2192 1942/1752/2143 2079/1693/2188
f 2117/1706/2191 1907/1751/2140 2119/1713/2194 2118/1705/1596
f 2082/1710/1599 2083/1718/2195 1942/1752/2143 2081/1709/2192
f 2119/1722/2194 1907/1751/2140 2121/1729/2197 2120/1721/2196
f 2084/1726/2199 2085/1734/2198 1942/1752/2143 2083/1725/2195
f 2121/1738/2197 1907/1751/2140 2015/1745/2141 2050/1737/2200
f 2086/1742/2201 2051/1750/2142 1942/1752/2143 2085/1741/2198
f 2159/1104/2202 2198/1103/2202 2162/1102/2202 2161/1101/2202
f 2198/1103/2203 2199/1106/2203 2163/1105/2203 2162/1102/2203
f 2199/1106/1898 2200/1108/1898 2164/1107/1898 2163/1105/1898
f 2200/1108/1899 2201/1110/1899 2165/1109/1899 2164/1107/1899
f 2201/1110/2204 2202/1112/2204 2166/1111/2204 2165/1109/2204
f 2202/1112/2205 2203/1114/2205 2167/1113/2205 2166/1111/2205
f 2203/1114/2206 2204/1116/2206 2168/1115/2206 2167/1113/2206
f 2204/1116/2207 2205/1118/2207 2169/1117/2207 2168/1115/2207
f 2205/1118/1612 2206/1120/1612 2170/1119/1612 2169/1117/1612
f 2206/1120/1613 2207/1122/1613 2171/1121/1613 2170/1119/1613
f 2207/1126/2208 2208/1125/2208 2172/1124/2208 2171/1123/2208
f 2208/1125/2209 2209/1128/2209 2173/1127/2209 2172/1124/2209
f 2209/1128/2210 2210/1130/2210 2174/1129/2210 2173/1127/2210
f 2210/1130/2211 2211/1132/2211 2175/1131/2211 2174/1129/2211
f 2211/1132/1906 2212/1134/1906 2176/1133/1906 2175/1131/1906
f 2212/1134/2212 2213/1136/2212 2177/1135/2212 2176/1133/2212
f 2213/1136/2213 2214/1138/2213 2178/1137/2213 2177/1135/2213
f 2214/1138/1909 2215/1140/1909 2179/1139/1909 2178/1137/1909
f 2215/1140/2214 2216/1142/2214 2180/1141/2214 2179/1139/2214
f 2216/1142/1911 2217/1144/1911 2181/1143/1911 2180/1141/1911
f 2217/1144/1912 2218/1146/1912 2182/1145/1912 2181/1143/1912
f 2218/1146/1913 2219/1148/1913 2183/1147/1913 2182/1145/1913
f 2219/1148/1302 2220/1150/1302 2184/1149/1302 2183/1147/1302
f 2220/1150/2215 2221/1152/2215 2185/1151/2215 2184/1149/2215
f 2221/1152/2216 2222/1154/2216 2186/1153/2216 2185/1151/2216
f 2222/1154/2217 2223/1156/2217 2187/1155/2217 2186/1153/2217
f 2223/1156/1625 2224/1158/1625 2188/1157/1625 2187/1155/1625
f 2224/1158/2218 2225/1160/2218 2189/1159/2218 2188/1157/2218
f 2225/1160/1627 2226/1162/1627 2190/1161/1627 2189/1159/1627
f 2226/1162/2219 2227/1164/2219 2191/1163/2219 2190/1161/2219
f 2227/1164/2220 2228/1166/2220 2192/1165/2220 2191/1163/2220
f 2228/1166/1921 2229/1168/1921 2193/1167/1921 2192/1165/1921
f 2229/1168/2221 2230/1170/2221 2194/1169/2221 2193/1167/2221
f 2230/1170/1923 2231/1172/1923 2195/1171/1923 2194/1169/1923
f 2231/1172/2222 2160/1174/2222 2196/1173/2222 2195/1171/2222
f 2160/1174/2223 2159/1104/2223 2161/1101/2223 2196/1173/2223
f 2377/1178/2224 2306/1177/2224 2198/1176/2224 2159/1175/2224
f 2414/1182/2225 2413/1181/2225 2161/1180/2225 2162/1179/2225
f 2306/1186/2226 2307/1185/2226 2199/1184/2226 2198/1183/2226
f 2415/1190/2227 2414/1189/2227 2162/1188/2227 2163/1187/2227
f 2307/1194/1930 2308/1193/1930 2200/1192/1930 2199/1191/1930
f 2416/1198/1931 2415/1197/1931 2163/1196/1931 2164/1195/1931
f 2308/1202/2228 2309/1201/2228 2201/1200/2228 2200/1199/2228
f 2417/1206/2229 2416/1205/2229 2164/1204/2229 2165/1203/2229
f 2309/1210/2230 2310/1209/2230 2202/1208/2230 2201/1207/2230
f 2418/1214/2231 2417/1213/2231 2165/1212/2231 2166/1211/2231
f 2310/1218/2232 2311/1217/2232 2203/1216/2232 2202/1215/2232
f 2419/1222/2233 2418/1221/2233 2166/1220/2233 2167/1219/2233
f 2311/1226/2234 2312/1225/2234 2204/1224/2234 2203/1223/2234
f 2420/1230/2235 2419/1229/2235 2167/1228/2235 2168/1227/2235
f 2312/1234/2236 2313/1233/2236 2205/1232/2236 2204/1231/2236
f 2421/1238/2237 2420/1237/2237 2168/1236/2237 2169/1235/2237
f 2313/1242/2238 2314/1241/2238 2206/1240/2238 2205/1239/2238
f 2422/1246/2239 2421/1245/2239 2169/1244/2239 2170/1243/2239
f 2314/1250/2240 2315/1249/2240 2207/1248/2240 2206/1247/2240
f 2423/1254/2241 2422/1253/2241 2170/1252/2241 2171/1251/2241
f 2315/1258/2242 2316/1257/2242 2208/1256/2242 2207/1255/2242
f 2424/1262/2243 2423/1261/2243 2171/1260/2243 2172/1259/2243
f 2316/1266/2244 2317/1265/2244 2209/1264/2244 2208/1263/2244
f 2425/1270/2245 2424/1269/2245 2172/1268/2245 2173/1267/2245
f 2317/1274/2246 2318/1273/2246 2210/1272/2246 2209/1271/2246
f 2426/1278/2247 2425/1277/2247 2173/1276/2247 2174/1275/2247
f 2318/1282/2248 2319/1281/2248 2211/1280/2248 2210/1279/2248
f 2427/1286/2249 2426/1285/2249 2174/1284/2249 2175/1283/2249
f 2319/1290/2250 2320/1289/2250 2212/1288/2250 2211/1287/2250
f 2428/1294/2251 2427/1293/2251 2175/1292/2251 2176/1291/2251
f 2320/1298/2252 2321/1297/2252 2213/1296/2252 2212/1295/2252
f 2429/1302/2253 2428/1301/2253 2176/1300/2253 2177/1299/2253
f 2321/1306/2254 2322/1305/2254 2214/1304/2254 2213/1303/2254
f 2430/1310/2255 2429/1309/2255 2177/1308/2255 2178/1307/2255
f 2322/1314/2256 2323/1313/2256 2215/1312/2256 2214/1311/2256
f 2431/1318/2257 2430/1317/2257 2178/1316/2257 2179/1315/2257
f 2323/1322/2258 2324/1321/2258 2216/1320/2258 2215/1319/2258
f 2432/1326/2259 2431/1325/2259 2179/1324/2259 2180/1323/2259
f 2324/1330/2260 2325/1329/2260 2217/1328/2260 2216/1327/2260
f 2433/1334/1965 2432/1333/1965 2180/1332/1965 2181/1331/1965
f 2325/1338/2261 2326/1337/2261 2218/1336/2261 2217/1335/2261
f 2434/1342/2262 2433/1341/2262 2181/1340/2262 2182/1339/2262
f 2326/1346/2263 2327/1345/2263 2219/1344/2263 2218/1343/2263
f 2435/1350/2264 2434/1349/2264 2182/1348/2264 2183/1347/2264
f 2327/1354/2265 2328/1353/2265 2220/1352/2265 2219/1351/2265
f 2436/1358/2266 2435/1357/2266 2183/1356/2266 2184/1355/2266
f 2328/1362/2267 2329/1361/2267 2221/1360/2267 2220/1359/2267
f 2437/1366/2268 2436/1365/2268 2184/1364/2268 2185/1363/2268
f 2329/1370/2269 2330/1369/2269 2222/1368/2269 2221/1367/2269
f 2438/1374/2270 2437/1373/2270 2185/1372/2270 2186/1371/2270
f 2330/1378/2271 2331/1377/2271 2223/1376/2271 2222/1375/2271
f 2439/1382/2272 2438/1381/2272 2186/1380/2272 2187/1379/2272
f 2331/1386/2273 2332/1385/2273 2224/1384/2273 2223/1383/2273
f 2440/1390/2274 2439/1389/2274 2187/1388/2274 2188/1387/2274
f 2332/1394/2275 2333/1393/2275 2225/1392/2275 2224/1391/2275
f 2441/1398/2276 2440/1397/2276 2188/1396/2276 2189/1395/2276
f 2333/1402/2277 2334/1401/2277 2226/1400/2277 2225/1399/2277
f 2442/1406/2278 2441/1405/2278 2189/1404/2278 2190/1403/2278
f 2334/1410/2279 2335/1409/2279 2227/1408/2279 2226/1407/2279
f 2443/1414/2280 2442/1413/2280 2190/1412/2280 2191/1411/2280
f 2335/1418/2281 2336/1417/2281 2228/1416/2281 2227/1415/2281
f 2444/1422/2282 2443/1421/2282 2191/1420/2282 2192/1419/2282
f 2336/1426/2283 2337/1425/2283 2229/1424/2283 2228/1423/2283
f 2445/1430/2284 2444/1429/2284 2192/1428/2284 2193/1427/2284
f 2337/1434/2285 2338/1433/2285 2230/1432/2285 2229/1431/2285
f 2446/1438/2286 2445/1437/2286 2193/1436/2286 2194/1435/2286
f 2338/1442/1992 2339/1441/1992 2231/1440/1992 2230/1439/1992
f 2447/1446/1993 2446/1445/1993 2194/1444/1993 2195/1443/1993
f 2339/1450/2287 2412/1449/2287 2160/1448/2287 2231/1447/2287
f 2448/1454/2288 2447/1453/2288 2195/1452/2288 2196/1451/2288
f 2412/1458/2289 2377/1457/2289 2159/1456/2289 2160/1455/2289
f 2413/1462/2290 2448/1461/2290 2196/1460/2290 2161/1459/2290
f 2305/1466/2291 2378/1465/2291 2234/1464/2291 2233/1463/2291
f 2342/1470/2292 2341/1469/2292 2269/1468/2292 2270/1467/2292
f 2378/1474/2293 2379/1473/2293 2235/1472/2293 2234/1471/2293
f 2343/1478/2294 2342/1477/2294 2270/1476/2294 2271/1475/2294
f 2379/1482/2295 2380/1481/2295 2236/1480/2295 2235/1479/2295
f 2344/1486/2296 2343/1485/2296 2271/1484/2296 2272/1483/2296
f 2380/1490/2297 2381/1489/2297 2237/1488/2297 2236/1487/2297
f 2345/1494/2298 2344/1493/2298 2272/1492/2298 2273/1491/2298
f 2381/1498/2299 2382/1497/2299 2238/1496/2299 2237/1495/2299
f 2346/1502/2300 2345/1501/2300 2273/1500/2300 2274/1499/2300
f 2382/1506/2301 2383/1505/2301 2239/1504/2301 2238/1503/2301
f 2347/1510/2302 2346/1509/2302 2274/1508/2302 2275/1507/2302
f 2383/1514/2010 2384/1513/2010 2240/1512/2010 2239/1511/2010
f 2348/1518/2011 2347/1517/2011 2275/1516/2011 2276/1515/2011
f 2384/1522/2303 2385/1521/2303 2241/1520/2303 2240/1519/2303
f 2349/1526/2304 2348/1525/2304 2276/1524/2304 2277/1523/2304
f 2385/1530/2305 2386/1529/2305 2242/1528/2305 2241/1527/2305
f 2350/1534/2306 2349/1533/2306 2277/1532/2306 2278/1531/2306
f 2386/1538/2307 2387/1537/2307 2243/1536/2307 2242/1535/2307
f 2351/1542/2308 2350/1541/2308 2278/1540/2308 2279/1539/2308
f 2387/1546/2309 2388/1545/2309 2244/1544/2309 2243/1543/2309
f 2352/1550/2310 2351/1549/2310 2279/1548/2310 2280/1547/2310
f 2388/1554/2020 2389/1553/2020 2245/1552/2020 2244/1551/2020
f 2353/1558/2021 2352/1557/2021 2280/1556/2021 2281/1555/2021
f 2389/1562/2311 2390/1561/2311 2246/1560/2311 2245/1559/2311
f 2354/1566/2312 2353/1565/2312 2281/1564/2312 2282/1563/2312
f 2390/1570/2313 2391/1569/2313 2247/1568/2313 2246/1567/2313
f 2355/1574/2314 2354/1573/2314 2282/1572/2314 2283/1571/2314
f 2391/1578/2315 2392/1577/2315 2248/1576/2315 2247/1575/2315
f 2356/1582/2316 2355/1581/2316 2283/1580/2316 2284/1579/2316
f 2392/1586/2317 2393/1585/2317 2249/1584/2317 2248/1583/2317
f 2357/1590/2318 2356/1589/2318 2284/1588/2318 2285/1587/2318
f 2393/1594/2319 2394/1593/2319 2250/1592/2319 2249/1591/2319
f 2358/1598/2320 2357/1597/2320 2285/1596/2320 2286/1595/2320
f 2394/1602/2321 2395/1601/2321 2251/1600/2321 2250/1599/2321
f 2359/1606/2322 2358/1605/2322 2286/1604/2322 2287/1603/2322
f 2395/1610/2323 2396/1609/2323 2252/1608/2323 2251/1607/2323
f 2360/1614/2324 2359/1613/2324 2287/1612/2324 2288/1611/2324
f 2396/1618/2325 2397/1617/2325 2253/1616/2325 2252/1615/2325
f 2361/1622/2326 2360/1621/2326 2288/1620/2326 2289/1619/2326
f 2397/1626/2327 2398/1625/2327 2254/1624/2327 2253/1623/2327
f 2362/1630/2328 2361/1629/2328 2289/1628/2328 2290/1627/2328
f 2398/1634/2329 2399/1633/2329 2255/1632/2329 2254/1631/2329
f 2363/1638/2330 2362/1637/2330 2290/1636/2330 2291/1635/2330
f 2399/1642/2331 2400/1641/2331 2256/1640/2331 2255/1639/2331
f 2364/1646/2332 2363/1645/2332 2291/1644/2332 2292/1643/2332
f 2400/1650/2333 2401/1649/2333 2257/1648/2333 2256/1647/2333
f 2365/1654/2334 2364/1653/2334 2292/1652/2334 2293/1651/2334
f 2401/1658/2335 2402/1657/2335 2258/1656/2335 2257/1655/2335
f 2366/1662/2336 2365/1661/2336 2293/1660/2336 2294/1659/2336
f 2402/1666/2337 2403/1665/2337 2259/1664/2337 2258/1663/2337
f 2367/1670/2338 2366/1669/2338 2294/1668/2338 2295/1667/2338
f 2403/1674/1440 2404/1673/1440 2260/1672/1440 2259/1671/1440
f 2368/1678/1441 2367/1677/1441 2295/1676/1441 2296/1675/1441
f 2404/1682/2050 2405/1681/2050 2261/1680/2050 2260/1679/2050
f 2369/1686/2051 2368/1685/2051 2296/1684/2051 2297/1683/2051
f 2405/1690/2339 2406/1689/2339 2262/1688/2339 2261/1687/2339
f 2370/1694/2340 2369/1693/2340 2297/1692/2340 2298/1691/2340
f 2406/1698/2341 2407/1697/2341 2263/1696/2341 2262/1695/2341
f 2371/1702/2342 2370/1701/2342 2298/1700/2342 2299/1699/2342
f 2407/1706/2343 2408/1705/2343 2264/1704/2343 2263/1703/2343
f 2372/1710/2344 2371/1709/2344 2299/1708/2344 2300/1707/2344
f 2408/1714/1754 2409/1713/1754 2265/1712/1754 2264/1711/1754
f 2373/1718/1755 2372/1717/1755 2300/1716/1755 2301/1715/1755
f 2409/1722/2345 2410/1721/2345 2266/1720/2345 2265/1719/2345
f 2374/1726/2346 2373/1725/2346 2301/1724/2346 2302/1723/2346
f 2410/1730/2060 2411/1729/2060 2267/1728/2060 2266/1727/2060
f 2375/1734/2061 2374/1733/2061 2302/1732/2061 2303/1731/2061
f 2411/1738/2347 2340/1737/2347 2268/1736/2347 2267/1735/2347
f 2376/1742/2348 2375/1741/2348 2303/1740/2348 2304/1739/2348
f 2340/1746/2064 2305/1745/2064 2233/1744/2064 2268/1743/2064
f 2341/1750/2065 2376/1749/2065 2304/1748/2065 2269/1747/2065
f 2233/1463/2349 2234/1464/2349 2306/1177/2349 2377/1178/2349
f 2270/1467/2350 2269/1468/2350 2413/1181/2350 2414/1182/2350
f 2234/1471/2351 2235/1472/2351 2307/1185/2351 2306/1186/2351
f 2271/1475/2352 2270/1476/2352 2414/1189/2352 2415/1190/2352
f 2235/1479/2070 2236/1480/2070 2308/1193/2070 2307/1194/2070
f 2272/1483/2071 2271/1484/2071 2415/1197/2071 2416/1198/2071
f 2236/1487/2353 2237/1488/2353 2309/1201/2353 2308/1202/2353
f 2273/1491/2354 2272/1492/2354 2416/1205/2354 2417/1206/2354
f 2237/1495/2355 2238/1496/2355 2310/1209/2355 2309/1210/2355
f 2274/1499/2356 2273/1500/2356 2417/1213/2356 2418/1214/2356
f 2238/1503/2076 2239/1504/2076 2311/1217/2076 2310/1218/2076
f 2275/1507/2077 2274/1508/2077 2418/1221/2077 2419/1222/2077
f 2239/1511/2357 2240/1512/2357 2312/1225/2357 2311/1226/2357
f 2276/1515/2358 2275/1516/2358 2419/1229/2358 2420/1230/2358
f 2240/1519/2359 2241/1520/2359 2313/1233/2359 2312/1234/2359
f 2277/1523/2360 2276/1524/2360 2420/1237/2360 2421/1238/2360
f 2241/1527/2361 2242/1528/2361 2314/1241/2361 2313/1242/2361
f 2278/1531/2362 2277/1532/2362 2421/1245/2362 2422/1246/2362
f 2242/1535/2363 2243/1536/2363 2315/1249/2363 2314/1250/2363
f 2279/1539/2364 2278/1540/2364 2422/1253/2364 2423/1254/2364
f 2243/1543/2365 2244/1544/2365 2316/1257/2365 2315/1258/2365
f 2280/1547/2366 2279/1548/2366 2423/1261/2366 2424/1262/2366
f 2244/1551/2367 2245/1552/2367 2317/1265/2367 2316/1266/2367
f 2281/1555/2368 2280/1556/2368 2424/1269/2368 2425/1270/2368
f 2245/1559/2090 2246/1560/2090 2318/1273/2090 2317/1274/2090
f 2282/1563/2091 2281/1564/2091 2425/1277/2091 2426/1278/2091
f 2246/1567/2369 2247/1568/2369 2319/1281/2369 2318/1282/2369
f 2283/1571/2370 2282/1572/2370 2426/1285/2370 2427/1286/2370
f 2247/1575/2371 2248/1576/2371 2320/1289/2371 2319/1290/2371
f 2284/1579/2372 2283/1580/2372 2427/1293/2372 2428/1294/2372
f 2248/1583/2096 2249/1584/2096 2321/1297/2096 2320/1298/2096
f 2285/1587/2097 2284/1588/2097 2428/1301/2097 2429/1302/2097
f 2249/1591/2373 2250/1592/2373 2322/1305/2373 2321/1306/2373
f 2286/1595/2374 2285/1596/2374 2429/1309/2374 2430/1310/2374
f 2250/1599/2375 2251/1600/2375 2323/1313/2375 2322/1314/2375
f 2287/1603/2376 2286/1604/2376 2430/1317/2376 2431/1318/2376
f 2251/1607/2377 2252/1608/2377 2324/1321/2377 2323/1322/2377
f 2288/1611/2378 2287/1612/2378 2431/1325/2378 2432/1326/2378
f 2252/1615/2379 2253/1616/2379 2325/1329/2379 2324/1330/2379
f 2289/1619/2380 2288/1620/2380 2432/1333/2380 2433/1334/2380
f 2253/1623/2381 2254/1624/2381 2326/1337/2381 2325/1338/2381
f 2290/1627/2382 2289/1628/2382 2433/1341/2382 2434/1342/2382
f 2254/1631/2383 2255/1632/2383 2327/1345/2383 2326/1346/2383
f 2291/1635/2384 2290/1636/2384 2434/1349/2384 2435/1350/2384
f 2255/1639/2385 2256/1640/2385 2328/1353/2385 2327/1354/2385
f 2292/1643/2386 2291/1644/2386 2435/1357/2386 2436/1358/2386
f 2256/1647/2387 2257/1648/2387 2329/1361/2387 2328/1362/2387
f 2293/1651/2388 2292/1652/2388 2436/1365/2388 2437/1366/2388
f 2257/1655/2389 2258/1656/2389 2330/1369/2389 2329/1370/2389
f 2294/1659/2390 2293/1660/2390 2437/1373/2390 2438/1374/2390
f 2258/1663/2391 2259/1664/2391 2331/1377/2391 2330/1378/2391
f 2295/1667/2392 2294/1668/2392 2438/1381/2392 2439/1382/2392
f 2259/1671/2393 2260/1672/2393 2332/1385/2393 2331/1386/2393
f 2296/1675/2394 2295/1676/2394 2439/1389/2394 2440/1390/2394
f 2260/1679/2395 2261/1680/2395 2333/1393/2395 2332/1394/2395
f 2297/1683/2396 2296/1684/2396 2440/1397/2396 2441/1398/2396
f 2261/1687/2397 2262/1688/2397 2334/1401/2397 2333/1402/2397
f 2298/1691/2398 2297/1692/2398 2441/1405/2398 2442/1406/2398
f 2262/1695/2399 2263/1696/2399 2335/1409/2399 2334/1410/2399
f 2299/1699/2400 2298/1700/2400 2442/1413/2400 2443/1414/2400
f 2263/1703/2401 2264/1704/2401 2336/1417/2401 2335/1418/2401
f 2300/1707/2402 2299/1708/2402 2443/1421/2402 2444/1422/2402
f 2264/1711/2403 2265/1712/2403 2337/1425/2403 2336/1426/2403
f 2301/1715/2404 2300/1716/2404 2444/1429/2404 2445/1430/2404
f 2265/1719/2405 2266/1720/2405 2338/1433/2405 2337/1434/2405
f 2302/1723/2406 2301/1724/2406 2445/1437/2406 2446/1438/2406
f 2266/1727/2132 2267/1728/2132 2339/1441/2132 2338/1442/2132
f 2303/1731/2133 2302/1732/2133 2446/1445/2133 2447/1446/2133
f 2267/1735/2407 2268/1736/2407 2412/1449/2407 2339/1450/2407
f 2304/1739/2408 2303/1740/2408 2447/1453/2408 2448/1454/2408
f 2268/1743/2409 2233/1744/2409 2377/1457/2409 2412/1458/2409
f 2269/1747/2410 2304/1748/2410 2448/1461/2410 2413/1462/2410
f 2305/1466/2414 2197/1751/2413 2379/1473/2412 2378/1465/2411
f 2342/1470/2418 2343/1478/2417 2232/1752/2416 2341/1469/2415
f 2379/1482/2412 2197/1751/2413 2381/1489/2420 2380/1481/2419
f 2344/1486/2422 2345/1494/2421 2232/1752/2416 2343/1485/2417
f 2381/1498/2420 2197/1751/2413 2383/1505/2424 2382/1497/2423
f 2346/1502/2426 2347/1510/2425 2232/1752/2416 2345/1501/2421
f 2383/1514/2424 2197/1751/2413 2385/1521/2428 2384/1513/2427
f 2348/1518/2430 2349/1526/2429 2232/1752/2416 2347/1517/2425
f 2385/1530/2428 2197/1751/2413 2387/1537/2432 2386/1529/2431
f 2350/1534/2434 2351/1542/2433 2232/1752/2416 2349/1533/2429
f 2387/1546/2432 2197/1751/2413 2389/1553/2436 2388/1545/2435
f 2352/1550/2438 2353/1558/2437 2232/1752/2416 2351/1549/2433
f 2389/1562/2436 2197/1751/2413 2391/1569/2440 2390/1561/2439
f 2354/1566/2442 2355/1574/2441 2232/1752/2416 2353/1565/2437
f 2391/1578/2440 2197/1751/2413 2393/1585/2444 2392/1577/2443
f 2356/1582/2446 2357/1590/2445 2232/1752/2416 2355/1581/2441
f 2393/1594/2444 2197/1751/2413 2395/1601/2448 2394/1593/2447
f 2358/1598/2450 2359/1606/2449 2232/1752/2416 2357/1597/2445
f 2395/1610/2448 2197/1751/2413 2397/1617/2452 2396/1609/2451
f 2360/1614/2454 2361/1622/2453 2232/1752/2416 2359/1613/2449
f 2397/1626/2452 2197/1751/2413 2399/1633/2456 2398/1625/2455
f 2362/1630/2458 2363/1638/2457 2232/1752/2416 2361/1629/2453
f 2399/1642/2456 2197/1751/2413 2401/1649/2460 2400/1641/2459
f 2364/1646/2462 2365/1654/2461 2232/1752/2416 2363/1645/2457
f 2401/1658/2460 2197/1751/2413 2403/1665/2464 2402/1657/2463
f 2366/1662/2466 2367/1670/2465 2232/1752/2416 2365/1661/2461
f 2403/1674/2464 2197/1751/2413 2405/1681/2468 2404/1673/2467
f 2368/1678/2470 2369/1686/2469 2232/1752/2416 2367/1677/2465
f 2405/1690/2468 2197/1751/2413 2407/1697/2472 2406/1689/2471
f 2370/1694/2474 2371/1702/2473 2232/1752/2416 2369/1693/2469
f 2407/1706/2472 2197/1751/2413 2409/1713/2476 2408/1705/2475
f 2372/1710/2478 2373/1718/2477 2232/1752/2416 2371/1709/2473
f 2409/1722/2476 2197/1751/2413 2411/1729/2480 2410/1721/2479
f 2374/1726/2482 2375/1734/2481 2232/1752/2416 2373/1725/2477
f 2411/1738/2480 2197/1751/2413 2305/1745/2414 2340/1737/2483
f 2376/1742/2484 2341/1750/2415 2232/1752/2416 2375/1741/2481

v 18.910147 30.379944 0.799202
v 18.917683 30.379944 0.841941
v 18.939382 30.379944 0.879525
v 18.972627 30.379944 0.907421
v 19.013408 30.379944 0.922264
v 19.056806 30.379944 0.922264
v 19.097587 30.379944 0.907420
v 19.130832 30.379944 0.879525
v 19.152531 30.379944 0.841941
v 19.160067 30.379944 0.799202
v 19.152531 30.379944 0.756463
v 19.130832 30.379944 0.718879
v 19.097587 30.379944 0.690983
v 19.056806 30.379944 0.676140
v 19.013408 30.379944 0.676140
v 18.972627 30.379944 0.690983
v 18.939382 30.379944 0.718879
v 18.917683 30.379944 0.756463
v 18.910147 -22.792240 0.799202
v 18.917683 -22.792240 0.841941
v 18.939382 -22.792240 0.879525
v 18.972627 -22.792240 0.907421
v 19.013408 -22.792240 0.922264
v 19.056806 -22.792240 0.922264
v 19.097587 -22.792240 0.907420
v 19.130832 -22.792240 0.879525
v 19.152531 -22.792240 0.841941
v 19.160067 -22.792240 0.799202
v 19.152531 -22.792240 0.756463
v 19.130832 -22.792240 0.718879
v 19.097587 -22.792240 0.690983
v 19.056806 -22.792240 0.676140
v 19.013408 -22.792240 0.676140
v 18.972627 -22.792240 0.690983
v 18.939382 -22.792240 0.718879
v 18.917683 -22.792240 0.756463
# 36 vertices

vn -0.984808 0.000000 0.173646
vn -0.866017 0.000000 0.500014
vn -0.642807 0.000000 0.766028
vn -0.342019 0.000000 0.939693
vn 0.000001 0.000000 1.000000
vn 0.342018 0.000000 0.939693
vn 0.642807 0.000000 0.766028
vn 0.866017 0.000000 0.500014
vn 0.984808 0.000000 0.173647
vn 0.984808 0.000000 -0.173646
vn 0.866017 0.000000 -0.500014
vn 0.642807 0.000000 -0.766028
vn 0.342019 0.000000 -0.939693
vn -0.000001 0.000000 -1.000000
vn -0.342019 0.000000 -0.939693
vn -0.642807 0.000000 -0.766028
vn -0.866017 0.000000 -0.500014
vn -0.984808 0.000000 -0.173647
# 18 normals

vt 0.131266 0.510181 0.000000
vt 0.662988 0.510181 0.000000
vt 0.662988 0.509754 0.000000
vt 0.131266 0.509754 0.000000
vt 0.131266 0.510557 0.000000
vt 0.662988 0.510557 0.000000
vt 0.499376 0.868734 0.000000
vt 0.499376 0.337012 0.000000
vt 0.499044 0.337012 0.000000
vt 0.499044 0.868734 0.000000
vt 0.499784 0.868734 0.000000
vt 0.499784 0.337012 0.000000
vt 0.500218 0.868734 0.000000
vt 0.500218 0.337012 0.000000
vt 0.500626 0.868734 0.000000
vt 0.500626 0.337012 0.000000
vt 0.500959 0.868734 0.000000
vt 0.500958 0.337012 0.000000
vt 0.868734 0.510181 0.000000
vt 0.337012 0.510181 0.000000
vt 0.337012 0.510557 0.000000
vt 0.868734 0.510557 0.000000
vt 0.868734 0.509754 0.000000
vt 0.337012 0.509754 0.000000
vt 0.868734 0.509327 0.000000
vt 0.337012 0.509327 0.000000
vt 0.868734 0.508951 0.000000
vt 0.337012 0.508951 0.000000
vt 0.499374 0.868734 0.000000
vt 0.499374 0.337012 0.000000
vt 0.499042 0.337012 0.000000
vt 0.499041 0.868734 0.000000
vt 0.499782 0.868734 0.000000
vt 0.499782 0.337012 0.000000
vt 0.500216 0.868734 0.000000
vt 0.500216 0.337012 0.000000
vt 0.500624 0.868734 0.000000
vt 0.500624 0.337012 0.000000
vt 0.500956 0.868734 0.000000
vt 0.500956 0.337012 0.000000
vt 0.131266 0.509327 0.000000
vt 0.662988 0.509327 0.000000
vt 0.662988 0.508951 0.000000
vt 0.131266 0.508951 0.000000
vt 0.500956 0.510557 0.000000
vt 0.501173 0.510181 0.000000
vt 0.501248 0.509754 0.000000
vt 0.501173 0.509327 0.000000
vt 0.500216 0.510985 0.000000
vt 0.500624 0.510836 0.000000
vt 0.000000 1.000000 0.000000
vt 0.499782 0.510985 0.000000
vt 0.498825 0.509327 0.000000
vt 0.498825 0.510181 0.000000
vt 0.499374 0.510836 0.000000
vt 0.500216 0.508523 0.000000
vt 0.499041 0.510557 0.000000
vt 0.498749 0.509754 0.000000
vt 0.499782 0.508523 0.000000
vt 0.499041 0.508951 0.000000
vt 0.499374 0.508672 0.000000
vt 0.500956 0.508951 0.000000
vt 0.500624 0.508672 0.000000
vt 0.498752 0.509754 0.000000
vt 0.498827 0.510181 0.000000
vt 0.499044 0.510557 0.000000
vt 0.500218 0.510985 0.000000
vt 0.499044 0.508951 0.000000
vt 0.499784 0.508523 0.000000
vt 0.499376 0.508672 0.000000
vt 0.501175 0.509327 0.000000
vt 0.500958 0.508951 0.000000
vt 0.500218 0.508523 0.000000
vt 0.500626 0.508672 0.000000
vt 0.501175 0.510181 0.000000
vt 0.501251 0.509754 0.000000
vt 0.500626 0.510836 0.000000
vt 0.500958 0.510557 0.000000
vt 0.499376 0.510836 0.000000
vt 0.499784 0.510985 0.000000
vt 0.498827 0.509327 0.000000
# 81 texture coordinates

g ?????????_3
usemtl metal_bright_shiny
f 2449/1756/2485 2467/1755/2485 2468/1754/2485 2450/1753/2485
f 2450/1753/2486 2468/1754/2486 2469/1758/2486 2451/1757/2486
f 2451/1762/2487 2469/1761/2487 2470/1760/2487 2452/1759/2487
f 2452/1759/2488 2470/1760/2488 2471/1764/2488 2453/1763/2488
f 2453/1763/2489 2471/1764/2489 2472/1766/2489 2454/1765/2489
f 2454/1765/2490 2472/1766/2490 2473/1768/2490 2455/1767/2490
f 2455/1767/2491 2473/1768/2491 2474/1770/2491 2456/1769/2491
f 2456/1774/2492 2474/1773/2492 2475/1772/2492 2457/1771/2492
f 2457/1771/2493 2475/1772/2493 2476/1776/2493 2458/1775/2493
f 2458/1775/2494 2476/1776/2494 2477/1778/2494 2459/1777/2494
f 2459/1777/2495 2477/1778/2495 2478/1780/2495 2460/1779/2495
f 2460/1784/2496 2478/1783/2496 2479/1782/2496 2461/1781/2496
f 2461/1781/2497 2479/1782/2497 2480/1786/2497 2462/1785/2497
f 2462/1785/2498 2480/1786/2498 2481/1788/2498 2463/1787/2498
f 2463/1787/2499 2481/1788/2499 2482/1790/2499 2464/1789/2499
f 2464/1789/2500 2482/1790/2500 2483/1792/2500 2465/1791/2500
f 2465/1796/2501 2483/1795/2501 2484/1794/2501 2466/1793/2501
f 2466/1793/2502 2484/1794/2502 2467/1755/2502 2449/1756/2502
f 2466/1800/2 2449/1799/2 2450/1798/2 2451/1797/2
f 2451/1797/2 2452/1802/2 2453/1801/2
f 2451/1797/2 2453/1801/2 2454/1804/2 2466/1800/2
f 2454/1804/2 2455/1807/2 2457/1806/2 2459/1805/2
f 2454/1804/2 2459/1805/2 2463/1808/2 2466/1800/2
f 2455/1807/2 2456/1809/2 2457/1806/2
f 2457/1806/2 2458/1810/2 2459/1805/2
f 2463/1808/2 2459/1805/2 2460/1812/2 2462/1811/2
f 2460/1812/2 2461/1813/2 2462/1811/2
f 2463/1808/2 2464/1815/2 2465/1814/2 2466/1800/2
f 2469/1818/1 2468/1817/1 2467/1816/1
f 2469/1818/1 2467/1816/1 2483/1820/1 2472/1819/1
f 2483/1820/1 2482/1822/1 2481/1821/1
f 2472/1819/1 2483/1820/1 2481/1821/1 2477/1823/1
f 2481/1821/1 2480/1825/1 2478/1824/1 2477/1823/1
f 2480/1825/1 2479/1826/1 2478/1824/1
f 2477/1823/1 2476/1828/1 2475/1827/1
f 2472/1819/1 2477/1823/1 2475/1827/1 2473/1829/1
f 2475/1827/1 2474/1830/1 2473/1829/1
f 2469/1818/1 2472/1819/1 2471/1832/1 2470/1831/1
f 2484/1833/1 2483/1820/1 2467/1816/1

v -23.271101 30.677006 0.799206
v -23.263565 30.677006 0.841945
v -23.241866 30.677006 0.879529
v -23.208621 30.677006 0.907424
v -23.167840 30.677006 0.922267
v -23.124442 30.677006 0.922267
v -23.083661 30.677006 0.907424
v -23.050416 30.677006 0.879529
v -23.028717 30.677006 0.841945
v -23.021181 30.677006 0.799206
v -23.028717 30.677006 0.756467
v -23.050416 30.677006 0.718883
v -23.083661 30.677006 0.690987
v -23.124442 30.677006 0.676144
v -23.167840 30.677006 0.676144
v -23.208621 30.677006 0.690987
v -23.241866 30.677006 0.718883
v -23.263565 30.677006 0.756467
v -23.271101 -2.295691 0.799206
v -23.263565 -2.295691 0.841945
v -23.241866 -2.295691 0.879529
v -23.208621 -2.295691 0.907424
v -23.167840 -2.295691 0.922267
v -23.124442 -2.295691 0.922267
v -23.083661 -2.295691 0.907424
v -23.050416 -2.295691 0.879529
v -23.028717 -2.295691 0.841945
v -23.021181 -2.295691 0.799206
v -23.028717 -2.295691 0.756467
v -23.050416 -2.295691 0.718883
v -23.083661 -2.295691 0.690987
v -23.124442 -2.295691 0.676144
v -23.167840 -2.295691 0.676144
v -23.208621 -2.295691 0.690987
v -23.241866 -2.295691 0.718883
v -23.263565 -2.295691 0.756467
v -23.283500 -2.716810 0.818711
v -23.275964 -2.749514 0.846228
v -23.254265 -2.778271 0.870426
v -23.221020 -2.799616 0.888386
v -23.180239 -2.810972 0.897943
v -23.136841 -2.810972 0.897943
v -23.096060 -2.799616 0.888386
v -23.062815 -2.778271 0.870426
v -23.041116 -2.749514 0.846228
v -23.033580 -2.716810 0.818711
v -23.041116 -2.684109 0.791194
v -23.062815 -2.655352 0.766996
v -23.096060 -2.634007 0.749036
v -23.136841 -2.622648 0.739479
v -23.180239 -2.622648 0.739479
v -23.221020 -2.634007 0.749036
v -23.254265 -2.655352 0.766996
v -23.275964 -2.684109 0.791194
v -23.283495 -22.491192 -22.681828
v -23.275959 -22.523903 -22.654322
v -23.254260 -22.552670 -22.630135
v -23.221015 -22.574017 -22.612181
v -23.180234 -22.585381 -22.602629
v -23.136836 -22.585381 -22.602629
v -23.096055 -22.574017 -22.612181
v -23.062810 -22.552670 -22.630135
v -23.041111 -22.523903 -22.654322
v -23.033575 -22.491192 -22.681828
v -23.041111 -22.458477 -22.709333
v -23.062810 -22.429714 -22.733522
v -23.096055 -22.408364 -22.751474
v -23.136836 -22.397000 -22.761026
v -23.180234 -22.397000 -22.761026
v -23.221015 -22.408364 -22.751474
v -23.254260 -22.429714 -22.733522
v -23.275959 -22.458477 -22.709333
v -23.283496 -2.720379 0.799393
v -23.275960 -2.689112 0.828531
v -23.254261 -2.661617 0.854155
v -23.221016 -2.641211 0.873173
v -23.180235 -2.630350 0.883293
v -23.136837 -2.630350 0.883293
v -23.096056 -2.641211 0.873173
v -23.062811 -2.661617 0.854155
v -23.041112 -2.689112 0.828531
v -23.033576 -2.720379 0.799393
v -23.041112 -2.751646 0.770256
v -23.062811 -2.779141 0.744632
v -23.096056 -2.799547 0.725614
v -23.136837 -2.810408 0.715494
v -23.180235 -2.810408 0.715494
v -23.221016 -2.799547 0.725614
v -23.254261 -2.779141 0.744632
v -23.275960 -2.751646 0.770256
v -23.283499 -22.780304 22.324699
v -23.275963 -22.749050 22.353848
v -23.254264 -22.721562 22.379480
v -23.221019 -22.701161 22.398506
v -23.180238 -22.690304 22.408630
v -23.136840 -22.690304 22.408630
v -23.096059 -22.701161 22.398506
v -23.062814 -22.721562 22.379480
v -23.041115 -22.749050 22.353848
v -23.033579 -22.780304 22.324699
v -23.041115 -22.811562 22.295549
v -23.062814 -22.839047 22.269917
v -23.096059 -22.859448 22.250893
v -23.136840 -22.870304 22.240768
v -23.180238 -22.870304 22.240768
v -23.221019 -22.859448 22.250893
v -23.254264 -22.839047 22.269917
v -23.275963 -22.811562 22.295549
v -23.334080 -1.981100 0.867616
v -23.298590 -1.973465 0.927132
v -23.246141 -1.981100 0.972417
v -23.180698 -1.973465 0.995197
v -23.111411 -1.981100 0.996173
v -22.992932 -1.981100 0.927769
v -23.111411 -1.981100 0.602250
v -23.180699 -1.973465 0.603227
v -23.246141 -1.981100 0.626007
v -23.298590 -1.973465 0.671292
v -23.346141 -3.111481 0.799207
v -23.334080 -3.130482 0.867611
v -23.246141 -3.111481 0.972412
v -23.180699 -3.119118 0.995193
v -23.046636 -3.119118 0.971554
v -22.958203 -3.111481 0.867611
v -22.958203 -3.111481 0.730803
v -23.046636 -3.119118 0.626860
v -23.111583 -3.119118 0.603221
v -23.180699 -3.119118 0.603221
v -23.245646 -3.119118 0.626860
v -23.334080 -3.130482 0.730803
v -23.146141 -1.962101 0.799212
v -23.333148 -1.973465 0.731147
v -23.124690 -3.130484 0.799207
v -23.345316 -3.116232 0.794530
v -23.345316 -3.116232 0.803884
v -23.288044 -3.125731 0.931050
v -23.303579 -3.130068 0.679250
v -23.344245 -3.130734 0.807733
v -23.333148 -1.973465 0.867277
v -23.245645 -1.973465 0.971558
v -23.178862 -1.963068 0.984783
v -23.111584 -1.973465 0.995197
v -22.993692 -1.973465 0.927132
v -23.111584 -1.973465 0.603227
v -23.245645 -1.973465 0.626866
v -23.323211 -1.963072 0.734764
v -23.245646 -3.119118 0.971554
v -23.048553 -3.125731 0.968235
v -22.959133 -3.119118 0.867272
v -22.959133 -3.119118 0.731142
v -23.343667 -3.125731 0.785173
v -23.331344 -3.130484 0.806110
v -23.293932 -3.118469 0.667144
v -23.331345 -3.130482 0.792304
v -23.339716 -3.130482 0.815628
v -23.306475 -3.125731 0.915423
v -23.299774 -3.120005 0.672211
v -23.299774 -3.120005 0.926203
v -23.303579 -3.130068 0.919164
v -23.290573 -3.129557 0.920352
v -23.290573 -3.129557 0.678061
v -23.345150 -1.973465 0.799212
v -23.290490 -1.963068 0.920335
v -23.051924 -1.963068 0.962401
v -22.969071 -1.963068 0.863660
v -22.957707 -1.963068 0.799212
v -22.969071 -1.963068 0.734764
v -23.001792 -1.963068 0.678089
v -23.051924 -1.963068 0.636023
v -23.178862 -1.963068 0.613641
v -23.290490 -1.963068 0.678089
v -23.240358 -3.129515 0.962396
v -23.178862 -3.129515 0.984778
v -23.113420 -3.129515 0.984778
v -23.051924 -3.129515 0.962396
v -23.001792 -3.129515 0.920330
v -22.969071 -3.129515 0.863655
v -22.957707 -3.129515 0.799207
v -22.969071 -3.129515 0.734758
v -23.001792 -3.129515 0.678083
v -23.051924 -3.129515 0.636018
v -23.113420 -3.129515 0.613635
v -23.178862 -3.129515 0.613635
v -23.240358 -3.129515 0.636018
v -23.334575 -1.963072 0.799212
v -23.046637 -1.973465 0.971558
v -22.959134 -1.973465 0.867277
v -22.947133 -1.973465 0.799212
v -22.959134 -1.973465 0.731147
v -22.993692 -1.973465 0.671292
v -23.046637 -1.973465 0.626865
v -23.111583 -3.119118 0.995193
v -22.993691 -3.119118 0.927127
v -22.947132 -3.119118 0.799207
v -22.993691 -3.119118 0.671286
# 195 vertices

vn -0.984808 0.000000 0.173646
vn -0.866017 0.000000 0.500014
vn -0.642807 0.000000 0.766028
vn -0.342020 0.000000 0.939693
vn 0.000001 0.000000 1.000000
vn 0.642807 0.000000 0.766028
vn 0.866017 0.000000 0.500014
vn 0.984808 0.000000 -0.173646
vn 0.866017 0.000000 -0.500014
vn 0.642807 0.000000 -0.766028
vn 0.342020 0.000000 -0.939693
vn -0.000001 0.000000 -1.000000
vn -0.342020 0.000000 -0.939693
vn -0.642807 0.000000 -0.766028
vn -0.866017 0.000000 -0.500014
vn -0.984808 -0.132867 0.111800
vn -0.866026 -0.382580 0.321919
vn -0.642770 -0.586159 0.493219
vn -0.342047 -0.719008 0.605005
vn 0.000000 -0.765161 0.643840
vn 0.342040 -0.719010 0.605007
vn 0.642781 -0.586151 0.493214
vn 0.866016 -0.382593 0.321930
vn 0.984808 -0.132866 0.111799
vn 0.984809 0.132865 -0.111798
vn 0.866011 0.382600 -0.321936
vn 0.642794 0.586143 -0.493206
vn 0.342045 0.719009 -0.605005
vn 0.000000 0.765161 -0.643840
vn -0.342045 0.719009 -0.605005
vn -0.642788 0.586147 -0.493210
vn -0.866020 0.382587 -0.321926
vn -0.984809 0.132863 -0.111797
vn -0.000006 0.643839 0.765161
vn -0.000009 0.643849 0.765152
vn -0.000010 0.643848 0.765154
vn -0.000011 0.643846 0.765155
vn -0.000002 0.643840 0.765160
vn 0.000007 0.643833 0.765166
vn 0.000004 0.643840 0.765160
vn -0.000000 0.643847 0.765154
vn 0.000001 0.643841 0.765159
vn 0.000002 0.643835 0.765164
vn 0.000004 0.643838 0.765162
vn 0.000005 0.643841 0.765159
vn -0.000003 0.643837 0.765163
vn -0.000011 0.643832 0.765167
vn -0.000024 0.643829 0.765170
vn -0.000036 0.643825 0.765173
vn -0.000035 -0.643572 -0.765385
vn 0.000021 -0.643564 -0.765392
vn -0.000036 -0.643599 -0.765363
vn 0.000064 -0.643604 -0.765358
vn -0.000118 -0.643552 -0.765402
vn 0.000022 -0.643573 -0.765385
vn -0.000020 -0.643541 -0.765411
vn -0.000008 -0.643567 -0.765389
vn 0.000005 -0.643594 -0.765368
vn 0.000002 -0.643578 -0.765381
vn 0.000000 -0.643563 -0.765394
vn -0.000006 -0.643579 -0.765380
vn -0.000012 -0.643595 -0.765366
vn 0.000005 -0.643574 -0.765383
vn 0.000022 -0.643554 -0.765401
vn -0.000035 -0.643594 -0.765367
vn -0.000299 -0.643500 -0.765446
vn -0.984804 0.127053 0.118404
vn -0.866030 0.365780 0.340878
vn -0.642783 0.560418 0.522266
vn -0.342054 0.687442 0.640643
vn 0.000000 0.731570 0.681767
vn 0.342054 0.687442 0.640643
vn 0.642776 0.560422 0.522270
vn 0.866039 0.365768 0.340867
vn 0.984804 0.127053 0.118404
vn 0.984805 -0.127047 -0.118398
vn 0.866030 -0.365779 -0.340878
vn 0.642776 -0.560422 -0.522270
vn 0.342055 -0.687442 -0.640642
vn 0.000000 -0.731570 -0.681767
vn -0.342044 -0.687444 -0.640645
vn -0.642769 -0.560426 -0.522274
vn -0.866021 -0.365791 -0.340889
vn -0.984805 -0.127047 -0.118398
vn 0.000000 0.681765 -0.731571
vn -0.000047 0.681755 -0.731581
vn -0.000014 0.681765 -0.731571
vn 0.000020 0.681776 -0.731561
vn 0.000007 0.681770 -0.731567
vn -0.000007 0.681763 -0.731573
vn -0.000002 0.681765 -0.731571
vn 0.000002 0.681767 -0.731570
vn 0.000000 0.681767 -0.731570
vn -0.000002 0.681767 -0.731570
vn 0.000002 0.681765 -0.731571
vn 0.000007 0.681763 -0.731573
vn -0.000007 0.681770 -0.731567
vn -0.000020 0.681776 -0.731561
vn 0.000014 0.681765 -0.731571
vn 0.000047 0.681755 -0.731581
vn 0.000013 -0.682022 0.731332
vn 0.000082 -0.682038 0.731317
vn 0.000045 -0.682030 0.731324
vn -0.000035 -0.682034 0.731321
vn 0.000012 -0.682024 0.731330
vn -0.000016 -0.682025 0.731329
vn 0.000002 -0.682016 0.731337
vn 0.000003 -0.682018 0.731336
vn 0.000005 -0.682020 0.731334
vn 0.000002 -0.682025 0.731328
vn 0.000000 -0.682031 0.731323
vn -0.000002 -0.682020 0.731334
vn -0.000004 -0.682008 0.731344
vn -0.000003 -0.682012 0.731341
vn -0.000002 -0.682016 0.731337
vn 0.000003 -0.682019 0.731334
vn 0.000058 -0.682013 0.731340
vn -0.984615 0.000857 0.174738
vn -0.885066 0.034723 0.464168
vn -0.991004 -0.001571 0.133821
vn 0.852512 0.133232 -0.505443
vn -0.861655 -0.015450 0.507260
vn -0.858915 0.000472 0.512118
vn -0.653130 0.000028 0.757246
vn -0.328748 -0.000004 0.944418
vn -0.007093 -0.000432 0.999975
vn 0.348630 -0.000432 0.937260
vn 0.637333 -0.000431 0.770588
vn 0.866035 -0.000002 0.499984
vn 0.986013 0.000428 0.166669
vn 0.986005 0.000430 -0.166716
vn 0.862462 0.000431 -0.506122
vn 0.642788 0.000004 -0.766044
vn 0.348674 -0.000423 -0.937244
vn -0.007046 -0.000424 -0.999975
vn -0.335345 -0.000423 -0.942095
vn -0.647884 -0.000393 -0.761739
vn -0.870500 0.000369 -0.492169
vn -0.868266 0.000607 -0.496099
vn -0.866014 0.000845 -0.500020
vn -0.984816 -0.000173 -0.173602
vn -0.984802 0.000339 -0.173682
vn -0.984787 0.000851 -0.173761
vn 0.013374 -0.999905 0.003311
vn 0.009852 -0.999951 0.000559
vn 0.222186 -0.967127 0.123688
vn -0.991304 -0.120756 -0.052292
vn -0.991297 -0.120795 -0.052334
vn -0.989798 -0.036473 0.137731
vn -0.976833 0.126979 0.172260
vn -0.859018 0.126962 0.495953
vn -0.635813 -0.126823 0.761353
vn -0.637600 0.126868 0.759849
vn -0.339261 -0.126752 0.932114
vn -0.339256 0.126862 0.932101
vn 0.000000 0.126848 0.991922
vn 0.339257 0.126826 0.932105
vn 0.637591 0.126981 0.759838
vn 0.859047 -0.126705 0.495967
vn 0.859011 0.127022 0.495949
vn 0.976873 -0.126702 0.172239
vn 0.976873 -0.126700 -0.172239
vn 0.859048 -0.126701 -0.495968
vn 0.339256 0.126840 -0.932104
vn 0.000000 0.126863 -0.991920
vn -0.339255 0.126869 -0.932100
vn 0.638669 0.091147 0.764064
vn -0.637600 0.126873 -0.759849
vn 0.017183 -0.999429 -0.029089
vn -0.991311 -0.120718 -0.052249
vn -0.239923 -0.946445 -0.216053
vn -0.695675 0.707803 0.122679
vn -0.321963 -0.864757 0.385402
vn -0.425122 -0.710332 0.560980
vn -0.241640 -0.707699 0.663907
vn 0.169352 -0.868802 0.465300
vn 0.241649 0.707675 0.663929
vn 0.318298 -0.868792 0.379324
vn 0.454159 0.707675 0.541236
vn 0.611838 -0.707720 0.353250
vn 0.695793 -0.707687 0.122684
vn 0.695793 -0.707687 -0.122684
vn 0.611839 -0.707720 -0.353251
vn 0.454156 0.707680 -0.541232
vn 0.241647 0.707679 -0.663925
vn -0.461868 -0.697980 -0.547267
vn -0.695664 0.707817 -0.122661
vn 0.017188 -0.999429 0.029096
vn -0.346048 -0.709399 -0.614007
vn -0.000005 -1.000000 -0.000138
vn 0.016895 -0.999839 0.006064
vn -0.053684 -0.558648 0.827666
vn -0.529509 -0.751310 0.393895
vn -0.053689 -0.558643 -0.827668
vn -0.611878 0.707678 0.353267
vn -0.533328 -0.544690 0.647205
vn -0.454156 0.707678 0.541233
vn -0.241646 0.707684 0.663920
vn 0.000000 -0.707699 0.706514
vn 0.000000 0.707678 0.706535
vn 0.242123 -0.490396 0.837191
vn 0.241640 -0.707705 0.663901
vn 0.475043 -0.710041 0.519785
vn 0.558236 -0.495746 0.665288
vn 0.611913 0.707637 0.353287
vn 0.695824 0.707653 0.122699
vn 0.695823 0.707655 -0.122699
vn 0.611891 0.707659 -0.353282
vn 0.454133 -0.707709 -0.541213
vn 0.241641 -0.707697 -0.663909
vn 0.000000 -0.707696 -0.706517
vn 0.000000 0.707680 -0.706533
vn -0.241641 -0.707697 -0.663909
vn -0.241646 0.707686 -0.663919
vn -0.454154 0.707681 -0.541231
vn -0.611816 0.707753 -0.353224
vn -0.317246 -0.944846 -0.081373
vn -0.005093 0.988513 0.151048
vn -0.101012 0.988505 -0.112489
vn -0.002157 -0.999988 0.004409
vn -0.000613 -0.999988 0.004787
vn 0.001714 -0.999999 -0.000000
vn 0.093241 0.988505 0.119012
vn -0.149685 0.988506 -0.021242
vn 0.000930 -0.999986 0.005165
vn 0.002627 -0.999987 0.004388
vn 0.147926 0.988505 0.031234
vn -0.128320 0.988505 0.079944
vn 0.004325 -0.999984 0.003611
vn 0.005064 -0.999986 0.001805
vn 0.133395 0.988505 -0.071158
vn -0.046912 0.988505 0.143723
vn 0.005802 -0.999983 0.000000
vn 0.005064 -0.999986 -0.001805
vn 0.002731 0.999996 0.000000
vn 0.002411 0.999997 -0.000878
vn 0.004325 -0.999984 -0.003611
vn 0.002627 -0.999987 -0.004388
vn 0.002092 0.999996 -0.001755
vn 0.000930 -0.999986 -0.005165
vn -0.000613 -0.999988 -0.004787
vn -0.128320 0.988505 -0.079944
vn 0.147926 0.988505 -0.031234
vn -0.002157 -0.999988 -0.004409
vn -0.149687 0.988505 0.021243
vn 0.093240 0.988505 -0.119011
vn -0.002660 0.999996 -0.000937
# 247 normals

vt 0.232263 0.509754 0.000000
vt 0.232263 0.510181 0.000000
vt 0.561990 0.510181 0.000000
vt 0.561990 0.509754 0.000000
vt 0.232263 0.510557 0.000000
vt 0.561990 0.510557 0.000000
vt 0.499044 0.767737 0.000000
vt 0.499376 0.767737 0.000000
vt 0.499376 0.438010 0.000000
vt 0.499044 0.438010 0.000000
vt 0.499784 0.767737 0.000000
vt 0.499784 0.438010 0.000000
vt 0.500218 0.767737 0.000000
vt 0.500218 0.438010 0.000000
vt 0.500626 0.767737 0.000000
vt 0.500626 0.438010 0.000000
vt 0.500958 0.767737 0.000000
vt 0.500958 0.438010 0.000000
vt 0.767737 0.510557 0.000000
vt 0.767737 0.510181 0.000000
vt 0.438010 0.510181 0.000000
vt 0.438010 0.510557 0.000000
vt 0.767737 0.509754 0.000000
vt 0.438010 0.509754 0.000000
vt 0.767737 0.509327 0.000000
vt 0.438010 0.509327 0.000000
vt 0.767737 0.508951 0.000000
vt 0.438010 0.508951 0.000000
vt 0.499042 0.767737 0.000000
vt 0.499374 0.767737 0.000000
vt 0.499374 0.438010 0.000000
vt 0.499042 0.438010 0.000000
vt 0.499782 0.767737 0.000000
vt 0.499782 0.438010 0.000000
vt 0.500216 0.767737 0.000000
vt 0.500216 0.438010 0.000000
vt 0.500624 0.767737 0.000000
vt 0.500624 0.438010 0.000000
vt 0.500956 0.767737 0.000000
vt 0.500956 0.438010 0.000000
vt 0.232263 0.508951 0.000000
vt 0.232263 0.509327 0.000000
vt 0.561990 0.509327 0.000000
vt 0.561990 0.508951 0.000000
vt 0.500956 0.508951 0.000000
vt 0.499042 0.508951 0.000000
vt 0.498749 0.509754 0.000000
vt 0.499042 0.510557 0.000000
vt 0.500956 0.510557 0.000000
vt 0.498752 0.509754 0.000000
vt 0.499376 0.510836 0.000000
vt 0.499784 0.508523 0.000000
vt 0.500218 0.508523 0.000000
vt 0.500626 0.508672 0.000000
vt 0.501175 0.509327 0.000000
vt 0.501175 0.510181 0.000000
vt 0.500626 0.510836 0.000000
vt 0.500218 0.510985 0.000000
vt 0.566202 0.509949 0.000000
vt 0.566529 0.510224 0.000000
vt 0.764273 0.275219 0.000000
vt 0.763945 0.274944 0.000000
vt 0.566816 0.510466 0.000000
vt 0.764560 0.275461 0.000000
vt 0.567030 0.510646 0.000000
vt 0.764774 0.275640 0.000000
vt 0.499252 0.510646 0.000000
vt 0.499660 0.510741 0.000000
vt 0.499660 0.275736 0.000000
vt 0.499252 0.275640 0.000000
vt 0.500094 0.510741 0.000000
vt 0.500094 0.275736 0.000000
vt 0.500502 0.510646 0.000000
vt 0.500502 0.275640 0.000000
vt 0.432970 0.510646 0.000000
vt 0.433184 0.510466 0.000000
vt 0.235440 0.275461 0.000000
vt 0.235226 0.275640 0.000000
vt 0.433471 0.510224 0.000000
vt 0.235727 0.275219 0.000000
vt 0.433798 0.509949 0.000000
vt 0.236055 0.274944 0.000000
vt 0.434125 0.509674 0.000000
vt 0.236382 0.274669 0.000000
vt 0.434413 0.509432 0.000000
vt 0.236669 0.274427 0.000000
vt 0.434626 0.509252 0.000000
vt 0.236883 0.274247 0.000000
vt 0.499498 0.509252 0.000000
vt 0.499906 0.509157 0.000000
vt 0.499906 0.274152 0.000000
vt 0.499498 0.274247 0.000000
vt 0.500340 0.509157 0.000000
vt 0.500340 0.274152 0.000000
vt 0.500748 0.509252 0.000000
vt 0.500748 0.274247 0.000000
vt 0.565374 0.509252 0.000000
vt 0.565587 0.509432 0.000000
vt 0.763331 0.274427 0.000000
vt 0.763117 0.274247 0.000000
vt 0.565875 0.509674 0.000000
vt 0.763618 0.274669 0.000000
vt 0.498628 0.433798 0.000000
vt 0.498703 0.434125 0.000000
vt 0.498920 0.434413 0.000000
vt 0.499252 0.434626 0.000000
vt 0.499660 0.434740 0.000000
vt 0.500094 0.434740 0.000000
vt 0.500502 0.434626 0.000000
vt 0.500834 0.434413 0.000000
vt 0.501051 0.434125 0.000000
vt 0.501127 0.433798 0.000000
vt 0.501051 0.433471 0.000000
vt 0.500834 0.433184 0.000000
vt 0.500502 0.432970 0.000000
vt 0.500094 0.432857 0.000000
vt 0.499660 0.432857 0.000000
vt 0.499252 0.432970 0.000000
vt 0.498920 0.433184 0.000000
vt 0.498703 0.433471 0.000000
vt 0.501372 0.236055 0.000000
vt 0.501297 0.235728 0.000000
vt 0.501080 0.235440 0.000000
vt 0.500748 0.235226 0.000000
vt 0.500748 0.236883 0.000000
vt 0.501080 0.236669 0.000000
vt 0.500340 0.236997 0.000000
vt 0.499906 0.236997 0.000000
vt 0.499498 0.236883 0.000000
vt 0.499166 0.236669 0.000000
vt 0.498949 0.236382 0.000000
vt 0.498873 0.236055 0.000000
vt 0.498949 0.235728 0.000000
vt 0.499166 0.235440 0.000000
vt 0.499498 0.235226 0.000000
vt 0.499906 0.235113 0.000000
vt 0.500340 0.235113 0.000000
vt 0.501297 0.236382 0.000000
vt 0.566237 0.509756 0.000000
vt 0.565925 0.510047 0.000000
vt 0.766524 0.725300 0.000000
vt 0.766837 0.725009 0.000000
vt 0.565650 0.510304 0.000000
vt 0.766249 0.725557 0.000000
vt 0.565446 0.510494 0.000000
vt 0.766045 0.725747 0.000000
vt 0.500748 0.510494 0.000000
vt 0.500340 0.510595 0.000000
vt 0.500340 0.725848 0.000000
vt 0.500748 0.725747 0.000000
vt 0.499906 0.510595 0.000000
vt 0.499906 0.725848 0.000000
vt 0.499498 0.510494 0.000000
vt 0.499498 0.725747 0.000000
vt 0.434554 0.510494 0.000000
vt 0.434350 0.510304 0.000000
vt 0.233751 0.725557 0.000000
vt 0.233955 0.725747 0.000000
vt 0.434075 0.510047 0.000000
vt 0.233476 0.725300 0.000000
vt 0.433763 0.509756 0.000000
vt 0.233163 0.725009 0.000000
vt 0.433450 0.509465 0.000000
vt 0.232851 0.724717 0.000000
vt 0.433175 0.509208 0.000000
vt 0.232576 0.724461 0.000000
vt 0.432971 0.509018 0.000000
vt 0.232372 0.724271 0.000000
vt 0.500502 0.509018 0.000000
vt 0.500094 0.508917 0.000000
vt 0.500094 0.724170 0.000000
vt 0.500502 0.724271 0.000000
vt 0.499660 0.508917 0.000000
vt 0.499660 0.724170 0.000000
vt 0.499252 0.509018 0.000000
vt 0.499252 0.724271 0.000000
vt 0.567029 0.509018 0.000000
vt 0.566825 0.509208 0.000000
vt 0.767424 0.724461 0.000000
vt 0.767628 0.724271 0.000000
vt 0.566550 0.509465 0.000000
vt 0.767149 0.724717 0.000000
vt 0.501372 0.433763 0.000000
vt 0.501297 0.433450 0.000000
vt 0.501080 0.433175 0.000000
vt 0.500748 0.432971 0.000000
vt 0.500340 0.432862 0.000000
vt 0.499906 0.432862 0.000000
vt 0.499498 0.432971 0.000000
vt 0.499166 0.433175 0.000000
vt 0.498949 0.433450 0.000000
vt 0.498873 0.433763 0.000000
vt 0.498949 0.434075 0.000000
vt 0.499166 0.434350 0.000000
vt 0.499498 0.434554 0.000000
vt 0.499906 0.434663 0.000000
vt 0.500340 0.434663 0.000000
vt 0.500748 0.434554 0.000000
vt 0.501080 0.434350 0.000000
vt 0.501297 0.434075 0.000000
vt 0.498628 0.233163 0.000000
vt 0.498703 0.233476 0.000000
vt 0.498920 0.233751 0.000000
vt 0.499252 0.233955 0.000000
vt 0.499252 0.232372 0.000000
vt 0.498920 0.232576 0.000000
vt 0.499660 0.232263 0.000000
vt 0.500094 0.232263 0.000000
vt 0.500502 0.232372 0.000000
vt 0.500834 0.232576 0.000000
vt 0.501051 0.232851 0.000000
vt 0.501127 0.233163 0.000000
vt 0.501051 0.233476 0.000000
vt 0.500834 0.233751 0.000000
vt 0.500502 0.233955 0.000000
vt 0.500094 0.234064 0.000000
vt 0.499660 0.234064 0.000000
vt 0.498703 0.232851 0.000000
vt 0.570196 0.509801 0.000000
vt 0.570148 0.509754 0.000000
vt 0.558845 0.509754 0.000000
vt 0.570291 0.509894 0.000000
vt 0.570285 0.509803 0.000000
vt 0.570243 0.509848 0.000000
vt 0.570338 0.510438 0.000000
vt 0.570338 0.509941 0.000000
vt 0.558845 0.510438 0.000000
vt 0.570243 0.510957 0.000000
vt 0.570291 0.510916 0.000000
vt 0.570196 0.510998 0.000000
vt 0.558845 0.511040 0.000000
vt 0.570148 0.511040 0.000000
vt 0.498469 0.441156 0.000000
vt 0.499001 0.441156 0.000000
vt 0.499001 0.429852 0.000000
vt 0.498469 0.429852 0.000000
vt 0.499654 0.441156 0.000000
vt 0.499654 0.429852 0.000000
vt 0.500348 0.441156 0.000000
vt 0.500348 0.429852 0.000000
vt 0.501001 0.441156 0.000000
vt 0.501001 0.429852 0.000000
vt 0.501533 0.441156 0.000000
vt 0.501533 0.429852 0.000000
vt 0.441155 0.511040 0.000000
vt 0.441155 0.510438 0.000000
vt 0.429852 0.510438 0.000000
vt 0.429852 0.511040 0.000000
vt 0.441155 0.509754 0.000000
vt 0.429852 0.509754 0.000000
vt 0.441155 0.509070 0.000000
vt 0.429852 0.509070 0.000000
vt 0.441155 0.508469 0.000000
vt 0.429852 0.508468 0.000000
vt 0.498467 0.441156 0.000000
vt 0.498999 0.441156 0.000000
vt 0.498999 0.429852 0.000000
vt 0.498467 0.429852 0.000000
vt 0.499652 0.441156 0.000000
vt 0.499652 0.429852 0.000000
vt 0.500346 0.441156 0.000000
vt 0.500346 0.429852 0.000000
vt 0.500999 0.441156 0.000000
vt 0.500999 0.429852 0.000000
vt 0.501531 0.441156 0.000000
vt 0.501531 0.429852 0.000000
vt 0.570291 0.508592 0.000000
vt 0.570243 0.508551 0.000000
vt 0.558845 0.508469 0.000000
vt 0.570338 0.509070 0.000000
vt 0.558845 0.509070 0.000000
vt 0.570243 0.509660 0.000000
vt 0.570291 0.509614 0.000000
vt 0.498034 0.509941 0.000000
vt 0.498122 0.510438 0.000000
vt 0.498374 0.510875 0.000000
vt 0.498149 0.509823 0.000000
vt 0.498034 0.509567 0.000000
vt 0.498374 0.508633 0.000000
vt 0.498122 0.509070 0.000000
vt 0.570242 0.509754 0.000000
vt 0.570196 0.509707 0.000000
vt 0.558768 0.510435 0.000000
vt 0.558768 0.511033 0.000000
vt 0.499006 0.429775 0.000000
vt 0.498523 0.429782 0.000000
vt 0.499006 0.441232 0.000000
vt 0.499656 0.441232 0.000000
vt 0.500347 0.441232 0.000000
vt 0.500996 0.441232 0.000000
vt 0.501526 0.441232 0.000000
vt 0.429775 0.510435 0.000000
vt 0.429775 0.511033 0.000000
vt 0.441232 0.511033 0.000000
vt 0.441232 0.510435 0.000000
vt 0.429775 0.509073 0.000000
vt 0.429775 0.509754 0.000000
vt 0.499653 0.441232 0.000000
vt 0.500344 0.441232 0.000000
vt 0.500994 0.441232 0.000000
vt 0.501477 0.429782 0.000000
vt 0.501523 0.441232 0.000000
vt 0.498542 0.508606 0.000000
vt 0.498149 0.509685 0.000000
vt 0.500216 0.509754 0.000000
vt 0.498618 0.508498 0.000000
vt 0.570285 0.509705 0.000000
vt 0.498092 0.509618 0.000000
vt 0.498064 0.509694 0.000000
vt 0.501951 0.509754 0.000000
vt 0.501883 0.509754 0.000000
vt 0.501770 0.510399 0.000000
vt 0.499059 0.511386 0.000000
vt 0.498618 0.511010 0.000000
vt 0.498582 0.511072 0.000000
vt 0.499025 0.511444 0.000000
vt 0.499656 0.429775 0.000000
vt 0.499662 0.511676 0.000000
vt 0.500977 0.511444 0.000000
vt 0.500943 0.511386 0.000000
vt 0.500328 0.511610 0.000000
vt 0.499057 0.511386 0.000000
vt 0.499023 0.511444 0.000000
vt 0.499660 0.511676 0.000000
vt 0.501496 0.511009 0.000000
vt 0.498555 0.510965 0.000000
vt 0.501835 0.510422 0.000000
vt 0.501772 0.510399 0.000000
vt 0.501445 0.510965 0.000000
vt 0.501953 0.509754 0.000000
vt 0.501885 0.509754 0.000000
vt 0.501835 0.509086 0.000000
vt 0.501772 0.509110 0.000000
vt 0.429775 0.508475 0.000000
vt 0.501496 0.508500 0.000000
vt 0.499057 0.508122 0.000000
vt 0.499023 0.508064 0.000000
vt 0.498474 0.441232 0.000000
vt 0.498504 0.508500 0.000000
vt 0.499672 0.507898 0.000000
vt 0.498582 0.508436 0.000000
vt 0.499059 0.508122 0.000000
vt 0.500994 0.429775 0.000000
vt 0.558768 0.509073 0.000000
vt 0.501833 0.509087 0.000000
vt 0.498453 0.510881 0.000000
vt 0.498542 0.510902 0.000000
vt 0.501535 0.429766 0.000000
vt 0.501477 0.429705 0.000000
vt 0.498121 0.509754 0.000000
vt 0.498092 0.509890 0.000000
vt 0.498445 0.429721 0.000000
vt 0.498481 0.429698 0.000000
vt 0.498475 0.429670 0.000000
vt 0.498523 0.511023 0.000000
vt 0.501525 0.429670 0.000000
vt 0.501519 0.429698 0.000000
vt 0.501555 0.429721 0.000000
vt 0.558702 0.511009 0.000000
vt 0.498582 0.429709 0.000000
vt 0.498477 0.441232 0.000000
vt 0.498506 0.441298 0.000000
vt 0.499025 0.441298 0.000000
vt 0.499662 0.441298 0.000000
vt 0.500347 0.429775 0.000000
vt 0.500340 0.429709 0.000000
vt 0.499662 0.429709 0.000000
vt 0.500340 0.441298 0.000000
vt 0.500996 0.429775 0.000000
vt 0.500977 0.429709 0.000000
vt 0.501526 0.429775 0.000000
vt 0.501496 0.429709 0.000000
vt 0.441298 0.510422 0.000000
vt 0.441298 0.509754 0.000000
vt 0.441232 0.509754 0.000000
vt 0.441298 0.509087 0.000000
vt 0.441232 0.509073 0.000000
vt 0.441298 0.508500 0.000000
vt 0.441232 0.508475 0.000000
vt 0.499004 0.429775 0.000000
vt 0.499023 0.429709 0.000000
vt 0.498504 0.429709 0.000000
vt 0.498474 0.429775 0.000000
vt 0.499653 0.429775 0.000000
vt 0.499660 0.429709 0.000000
vt 0.500344 0.429775 0.000000
vt 0.500338 0.429709 0.000000
vt 0.500338 0.441298 0.000000
vt 0.500975 0.429709 0.000000
vt 0.500975 0.441298 0.000000
vt 0.501494 0.441298 0.000000
vt 0.558768 0.508475 0.000000
vt 0.558702 0.508500 0.000000
vt 0.558702 0.509087 0.000000
vt 0.498453 0.508627 0.000000
vt 0.499999 0.509754 0.000000
vt 0.501442 0.510965 0.000000
vt 0.499674 0.511610 0.000000
vt 0.500941 0.511386 0.000000
vt 0.500326 0.511610 0.000000
vt 0.499672 0.511610 0.000000
vt 0.498228 0.510399 0.000000
vt 0.498228 0.509110 0.000000
vt 0.498115 0.509754 0.000000
vt 0.501445 0.508543 0.000000
vt 0.500943 0.508122 0.000000
vt 0.498555 0.508543 0.000000
vt 0.500328 0.507898 0.000000
vt 0.499674 0.507898 0.000000
vt 0.500326 0.507898 0.000000
vt 0.500941 0.508122 0.000000
vt 0.501442 0.508543 0.000000
vt 0.501770 0.509110 0.000000
# 413 texture coordinates

g ?????????_4
usemtl metal_bright_shiny
f 2503/1837/2503 2504/1836/2503 2486/1835/2503 2485/1834/2503
f 2504/1836/2504 2505/1839/2504 2487/1838/2504 2486/1835/2504
f 2505/1843/2505 2506/1842/2505 2488/1841/2505 2487/1840/2505
f 2506/1842/2506 2507/1845/2506 2489/1844/2506 2488/1841/2506
f 2507/1845/2507 2508/1847/2507 2490/1846/2507 2489/1844/2507
f 2508/1847/2490 2509/1849/2490 2491/1848/2490 2490/1846/2490
f 2509/1849/2508 2510/1851/2508 2492/1850/2508 2491/1848/2508
f 2510/1855/2509 2511/1854/2509 2493/1853/2509 2492/1852/2509
f 2511/1854/2493 2512/1857/2493 2494/1856/2493 2493/1853/2493
f 2512/1857/2510 2513/1859/2510 2495/1858/2510 2494/1856/2510
f 2513/1859/2511 2514/1861/2511 2496/1860/2511 2495/1858/2511
f 2514/1865/2512 2515/1864/2512 2497/1863/2512 2496/1862/2512
f 2515/1864/2513 2516/1867/2513 2498/1866/2513 2497/1863/2513
f 2516/1867/2514 2517/1869/2514 2499/1868/2514 2498/1866/2514
f 2517/1869/2515 2518/1871/2515 2500/1870/2515 2499/1868/2515
f 2518/1871/2516 2519/1873/2516 2501/1872/2516 2500/1870/2516
f 2519/1877/2517 2520/1876/2517 2502/1875/2517 2501/1874/2517
f 2520/1876/2502 2503/1837/2502 2485/1834/2502 2502/1875/2502
f 2500/1815/2 2501/1878/2 2502/1800/2 2485/1799/2
f 2498/1811/2 2499/1808/2 2500/1815/2 2485/1799/2
f 2496/1879/2 2497/1813/2 2498/1811/2 2485/1799/2
f 2494/1880/2 2495/1805/2 2496/1879/2 2485/1799/2
f 2492/1881/2 2493/1806/2 2494/1880/2 2485/1799/2
f 2490/1804/2 2491/1807/2 2492/1881/2 2485/1799/2
f 2488/1802/2 2489/1801/2 2490/1804/2 2485/1799/2
f 2486/1798/2 2487/1882/2 2488/1802/2 2485/1799/2
f 2506/1884/1 2505/1818/1 2504/1817/1 2503/1883/1
f 2517/1885/1 2503/1883/1 2519/1820/1 2518/1822/1
f 2515/1887/1 2503/1883/1 2517/1885/1 2516/1886/1
f 2513/1888/1 2503/1883/1 2515/1887/1 2514/1824/1
f 2511/1889/1 2503/1883/1 2513/1888/1 2512/1828/1
f 2509/1890/1 2503/1883/1 2511/1889/1 2510/1830/1
f 2507/1832/1 2503/1883/1 2509/1890/1 2508/1891/1
f 2506/1884/1 2503/1883/1 2507/1832/1
f 2520/1833/1 2519/1820/1 2503/1883/1
f 2539/1895/2518 2540/1894/2518 2522/1893/2518 2521/1892/2518
f 2540/1894/2519 2541/1897/2519 2523/1896/2519 2522/1893/2519
f 2541/1897/2520 2542/1899/2520 2524/1898/2520 2523/1896/2520
f 2542/1903/2521 2543/1902/2521 2525/1901/2521 2524/1900/2521
f 2543/1902/2522 2544/1905/2522 2526/1904/2522 2525/1901/2522
f 2544/1905/2523 2545/1907/2523 2527/1906/2523 2526/1904/2523
f 2545/1911/2524 2546/1910/2524 2528/1909/2524 2527/1908/2524
f 2546/1910/2525 2547/1913/2525 2529/1912/2525 2528/1909/2525
f 2547/1913/2526 2548/1915/2526 2530/1914/2526 2529/1912/2526
f 2548/1915/2527 2549/1917/2527 2531/1916/2527 2530/1914/2527
f 2549/1917/2528 2550/1919/2528 2532/1918/2528 2531/1916/2528
f 2550/1919/2529 2551/1921/2529 2533/1920/2529 2532/1918/2529
f 2551/1925/2530 2552/1924/2530 2534/1923/2530 2533/1922/2530
f 2552/1924/2531 2553/1927/2531 2535/1926/2531 2534/1923/2531
f 2553/1927/2532 2554/1929/2532 2536/1928/2532 2535/1926/2532
f 2554/1933/2533 2555/1932/2533 2537/1931/2533 2536/1930/2533
f 2555/1932/2534 2556/1935/2534 2538/1934/2534 2537/1931/2534
f 2556/1935/2535 2539/1895/2535 2521/1892/2535 2538/1934/2535
f 2536/1939/2538 2537/1938/2537 2538/1937/2537 2521/1936/2536
f 2534/1941/2540 2535/1940/2539 2536/1939/2538 2521/1936/2536
f 2532/1943/2542 2533/1942/2541 2534/1941/2540 2521/1936/2536
f 2530/1945/2544 2531/1944/2543 2532/1943/2542 2521/1936/2536
f 2528/1947/2546 2529/1946/2545 2530/1945/2544 2521/1936/2536
f 2526/1949/2548 2527/1948/2547 2528/1947/2546 2521/1936/2536
f 2524/1951/2550 2525/1950/2549 2526/1949/2548 2521/1936/2536
f 2522/1953/2551 2523/1952/2551 2524/1951/2550 2521/1936/2536
f 2542/1957/2554 2541/1956/2553 2540/1955/2553 2539/1954/2552
f 2553/1960/2557 2539/1954/2552 2555/1959/2556 2554/1958/2555
f 2551/1962/2559 2539/1954/2552 2553/1960/2557 2552/1961/2558
f 2549/1964/2561 2539/1954/2552 2551/1962/2559 2550/1963/2560
f 2547/1966/2563 2539/1954/2552 2549/1964/2561 2548/1965/2562
f 2545/1968/2565 2539/1954/2552 2547/1966/2563 2546/1967/2564
f 2543/1970/2567 2539/1954/2552 2545/1968/2565 2544/1969/2566
f 2542/1957/2554 2539/1954/2552 2543/1970/2567
f 2556/1971/2568 2555/1959/2556 2539/1954/2552
f 2575/1975/2569 2576/1974/2569 2558/1973/2569 2557/1972/2569
f 2576/1974/2570 2577/1977/2570 2559/1976/2570 2558/1973/2570
f 2577/1977/2571 2578/1979/2571 2560/1978/2571 2559/1976/2571
f 2578/1983/2572 2579/1982/2572 2561/1981/2572 2560/1980/2572
f 2579/1982/2573 2580/1985/2573 2562/1984/2573 2561/1981/2573
f 2580/1985/2574 2581/1987/2574 2563/1986/2574 2562/1984/2574
f 2581/1991/2575 2582/1990/2575 2564/1989/2575 2563/1988/2575
f 2582/1990/2576 2583/1993/2576 2565/1992/2576 2564/1989/2576
f 2583/1993/2577 2584/1995/2577 2566/1994/2577 2565/1992/2577
f 2584/1995/2578 2585/1997/2578 2567/1996/2578 2566/1994/2578
f 2585/1997/2579 2586/1999/2579 2568/1998/2579 2567/1996/2579
f 2586/1999/2580 2587/2001/2580 2569/2000/2580 2568/1998/2580
f 2587/2005/2581 2588/2004/2581 2570/2003/2581 2569/2002/2581
f 2588/2004/2582 2589/2007/2582 2571/2006/2582 2570/2003/2582
f 2589/2007/2583 2590/2009/2583 2572/2008/2583 2571/2006/2583
f 2590/2013/2584 2591/2012/2584 2573/2011/2584 2572/2010/2584
f 2591/2012/2585 2592/2015/2585 2574/2014/2585 2573/2011/2585
f 2592/2015/2586 2575/1975/2586 2557/1972/2586 2574/2014/2586
f 2572/2019/2589 2573/2018/2588 2574/2017/2588 2557/2016/2587
f 2570/2021/2591 2571/2020/2590 2572/2019/2589 2557/2016/2587
f 2568/2023/2593 2569/2022/2592 2570/2021/2591 2557/2016/2587
f 2566/2025/2595 2567/2024/2594 2568/2023/2593 2557/2016/2587
f 2564/2027/2597 2565/2026/2596 2566/2025/2595 2557/2016/2587
f 2562/2029/2599 2563/2028/2598 2564/2027/2597 2557/2016/2587
f 2560/2031/2601 2561/2030/2600 2562/2029/2599 2557/2016/2587
f 2558/2033/2602 2559/2032/2602 2560/2031/2601 2557/2016/2587
f 2578/2037/2605 2577/2036/2604 2576/2035/2604 2575/2034/2603
f 2589/2040/2608 2575/2034/2603 2591/2039/2607 2590/2038/2606
f 2587/2042/2610 2575/2034/2603 2589/2040/2608 2588/2041/2609
f 2585/2044/2612 2575/2034/2603 2587/2042/2610 2586/2043/2611
f 2583/2046/2614 2575/2034/2603 2585/2044/2612 2584/2045/2613
f 2581/2048/2616 2575/2034/2603 2583/2046/2614 2582/2047/2615
f 2579/2050/2618 2575/2034/2603 2581/2048/2616 2580/2049/2617
f 2578/2037/2605 2575/2034/2603 2579/2050/2618
f 2592/2051/2619 2591/2039/2607 2575/2034/2603
f 2646/2054/2620 2603/2053/2620 2619/2052/2620
f 2646/2054/2621 2619/2057/2621 2622/2056/2621 2639/2055/2621
f 2593/2060/2622 2646/2054/2622 2639/2059/2622 2604/2058/2622
f 2604/2058/2623 2640/2062/2623 2643/2061/2623
f 2593/2060/2624 2604/2058/2624 2643/2061/2624 2642/2063/2624
f 2593/2060/2625 2642/2065/2625 2594/2064/2625
f 2642/2069/2626 2605/2068/2626 2595/2067/2626 2594/2066/2626
f 2605/2068/2627 2606/2071/2627 2596/2070/2627 2595/2067/2627
f 2606/2071/2628 2676/2073/2628 2597/2072/2628 2596/2070/2628
f 2676/2073/2629 2607/2075/2629 2670/2074/2629 2597/2072/2629
f 2607/2075/2630 2677/2077/2630 2598/2076/2630 2670/2074/2630
f 2677/2081/2631 2608/2080/2631 2671/2079/2631 2598/2078/2631
f 2608/2080/2632 2678/2083/2632 2672/2082/2632 2671/2079/2632
f 2678/2083/2633 2609/2085/2633 2673/2084/2633 2672/2082/2633
f 2609/2085/2634 2679/2087/2634 2674/2086/2634 2673/2084/2634
f 2679/2091/2635 2610/2090/2635 2675/2089/2635 2674/2088/2635
f 2610/2090/2636 2611/2093/2636 2599/2092/2636 2675/2089/2636
f 2611/2093/2637 2612/2095/2637 2600/2094/2637 2599/2092/2637
f 2612/2095/2638 2613/2097/2638 2601/2096/2638 2600/2094/2638
f 2613/2097/2639 2641/2099/2639 2602/2098/2639 2601/2096/2639
f 2614/2103/2641 2602/2102/2641 2641/2101/2640 2621/2100/2640
f 2602/2102/2641 2614/2103/2641 2616/2104/2642
f 2603/2053/2644 2614/2103/2644 2635/2106/2643 2618/2105/2643
f 2646/2054/2645 2616/2104/2645 2614/2103/2644 2603/2053/2644
f 2636/2110/2646 2643/2109/2647 2604/2108/2647 2639/2107/2646
f 2614/2113/2648 2621/2112/2648 2635/2111/2648
f 2603/2053/2650 2618/2115/2649 2622/2114/2649
f 2622/2114/2651 2619/2052/2651 2603/2053/2651
f 2646/2054/2652 2593/2060/2652 2623/2116/2652
f 2594/2117/2653 2623/2116/2653 2593/2060/2653
f 2642/2119/2654 2631/2118/2654 2605/2068/2654
f 2594/2066/2655 2595/2067/2655 2624/2120/2655
f 2606/2071/2656 2605/2068/2656 2631/2118/2656
f 2596/2121/2657 2624/2120/2657 2595/2067/2657
f 2596/2070/2658 2597/2072/2658 2626/2122/2658
f 2670/2123/2659 2626/2122/2659 2597/2072/2659
f 2670/2074/2660 2598/2076/2660 2627/2124/2660
f 2677/2126/2661 2633/2125/2661 2608/2080/2661
f 2671/2128/2662 2627/2127/2662 2598/2078/2662
f 2678/2083/2663 2608/2080/2663 2633/2125/2663
f 2678/2130/2664 2634/2129/2664 2609/2085/2664
f 2679/2087/2665 2609/2085/2665 2634/2129/2665
f 2675/2089/2666 2599/2092/2666 2628/2131/2666
f 2600/2132/2667 2628/2131/2667 2599/2092/2667
f 2600/2094/2668 2601/2096/2668 2629/2133/2668
f 2637/2134/2669 2641/2099/2669 2613/2097/2669
f 2602/2135/2670 2629/2133/2670 2601/2096/2670
f 2645/2139/2671 2617/2138/2671 2638/2137/2671 2621/2136/2671
f 2622/2140/2649 2618/2105/2649 2635/2106/2672
f 2622/2142/2673 2635/2141/2673 2638/2137/2673
f 2623/2145/2674 2669/2144/2674 2646/2143/2674
f 2620/2148/2675 2644/2147/2675 2656/2146/2675
f 2656/2146/2676 2631/2149/2676 2620/2148/2676
f 2657/2151/2677 2606/2150/2677 2631/2149/2677 2656/2146/2677
f 2658/2154/2678 2659/2153/2678 2632/2152/2678
f 2626/2157/2679 2670/2156/2679 2648/2155/2679
f 2660/2158/2680 2632/2152/2680 2659/2153/2680
f 2627/2159/2681 2648/2155/2681 2670/2156/2681
f 2677/2126/2682 2660/2162/2682 2661/2161/2682 2633/2160/2682
f 2633/2160/2683 2661/2161/2683 2662/2164/2683 2678/2163/2683
f 2678/2163/2684 2662/2164/2684 2663/2166/2684 2634/2165/2684
f 2664/2168/2685 2679/2167/2685 2634/2165/2685 2663/2166/2685
f 2652/2172/2686 2674/2171/2686 2675/2170/2686 2653/2169/2686
f 2628/2173/2687 2653/2169/2687 2675/2170/2687
f 2613/2176/2688 2668/2175/2688 2645/2139/2688 2637/2174/2688
f 2630/2178/2689 2616/2177/2689 2646/2143/2689 2669/2144/2689
f 2636/2110/2690 2617/2138/2690 2644/2180/2690 2643/2179/2690
f 2645/2182/2691 2641/2181/2691 2637/2134/2691
f 2638/2137/2692 2617/2138/2692 2636/2110/2692
f 2636/2110/2646 2639/2184/2646 2622/2183/2693 2638/2137/2693
f 2644/2187/2694 2642/2186/2694 2643/2185/2694
f 2644/2147/2695 2620/2148/2695 2642/2188/2695
f 2641/2191/2696 2645/2190/2696 2621/2189/2696
f 2623/2116/2697 2594/2117/2697 2647/2192/2697
f 2631/2118/2698 2642/2119/2698 2620/2193/2698
f 2624/2196/2699 2647/2195/2699 2594/2194/2699
f 2624/2120/2700 2596/2121/2700 2625/2197/2700
f 2606/2150/2701 2657/2200/2701 2658/2199/2701 2676/2198/2701
f 2626/2201/2702 2625/2197/2702 2596/2121/2702
f 2658/2199/2703 2632/2203/2703 2607/2202/2703
f 2607/2202/2704 2676/2198/2704 2658/2199/2704
f 2632/2203/2705 2660/2205/2705 2677/2204/2705
f 2677/2204/2706 2607/2202/2706 2632/2203/2706
f 2627/2127/2707 2671/2128/2707 2649/2206/2707
f 2672/2208/2708 2650/2207/2708 2649/2206/2708 2671/2128/2708
f 2673/2210/2709 2651/2209/2709 2650/2207/2709 2672/2208/2709
f 2674/2212/2710 2652/2211/2710 2651/2209/2710 2673/2210/2710
f 2679/2216/2711 2664/2215/2711 2665/2214/2711 2610/2213/2711
f 2610/2213/2712 2665/2214/2712 2666/2218/2712 2611/2217/2712
f 2611/2217/2713 2666/2218/2713 2667/2220/2713 2612/2219/2713
f 2628/2131/2714 2600/2132/2714 2654/2221/2714
f 2612/2219/2715 2667/2220/2715 2668/2222/2715 2613/2176/2715
f 2629/2223/2716 2654/2221/2716 2600/2132/2716
f 2629/2133/2717 2602/2135/2717 2655/2224/2717
f 2616/2177/2718 2630/2227/2718 2655/2226/2718 2602/2225/2718
f 2638/2137/2719 2635/2141/2719 2621/2228/2719
f 2623/2145/2720 2615/2229/2720 2669/2144/2720
f 2647/2230/2721 2615/2229/2721 2623/2145/2721
f 2644/2147/2722 2617/2138/2724 2657/2231/2723 2656/2146/2722
f 2624/2232/2725 2615/2229/2725 2647/2230/2725
f 2625/2233/2726 2615/2229/2726 2624/2232/2726
f 2657/2231/2723 2617/2138/2724 2659/2153/2728 2658/2154/2727
f 2626/2234/2729 2615/2229/2729 2625/2233/2729
f 2648/2155/2730 2615/2229/2730 2626/2234/2730
f 2659/2153/2728 2617/2138/2724 2661/2161/2732 2660/2162/2731
f 2627/2159/2733 2615/2229/2733 2648/2155/2733
f 2649/2235/2734 2615/2229/2734 2627/2159/2734
f 2661/2161/2732 2617/2138/2724 2663/2166/2736 2662/2164/2735
f 2650/2237/2737 2651/2236/2738 2615/2229/2738 2649/2235/2737
f 2663/2166/2736 2617/2138/2724 2665/2239/2740 2664/2238/2739
f 2652/2240/2741 2653/2169/2741 2615/2229/2738 2651/2236/2738
f 2665/2239/2740 2617/2138/2724 2667/2242/2743 2666/2241/2742
f 2628/2173/2744 2615/2229/2744 2653/2169/2744
f 2654/2243/2745 2615/2229/2745 2628/2173/2745
f 2667/2242/2743 2617/2138/2724 2645/2139/2746 2668/2175/2746
f 2629/2244/2747 2615/2229/2747 2654/2243/2747
f 2655/2245/2748 2615/2229/2748 2629/2244/2748
f 2630/2246/2749 2669/2144/2749 2615/2229/2749 2655/2245/2749

v -15.902190 30.274002 -11.841614
v -15.895038 30.271627 -11.798875
v -15.874444 30.264790 -11.761291
v -15.842893 30.254316 -11.733395
v -15.804190 30.241465 -11.718552
v -15.763003 30.227787 -11.718552
v -15.724300 30.214935 -11.733395
v -15.692748 30.204462 -11.761291
v -15.672155 30.197622 -11.798875
v -15.665003 30.195250 -11.841614
v -15.672155 30.197622 -11.884353
v -15.692748 30.204462 -11.921937
v -15.724300 30.214935 -11.949832
v -15.763003 30.227787 -11.964675
v -15.804190 30.241465 -11.964675
v -15.842893 30.254316 -11.949832
v -15.874444 30.264790 -11.921936
v -15.895038 30.271627 -11.884353
v -16.242590 29.248821 -11.841614
v -16.235403 29.246550 -11.798875
v -16.214710 29.240011 -11.761291
v -16.183007 29.229996 -11.733395
v -16.144116 29.217709 -11.718552
v -16.102730 29.204632 -11.718552
v -16.063840 29.192343 -11.733395
v -16.032136 29.182327 -11.761291
v -16.011443 29.175789 -11.798875
v -16.004257 29.173519 -11.841614
v -16.011443 29.175789 -11.884353
v -16.032136 29.182327 -11.921937
v -16.063840 29.192343 -11.949832
v -16.102730 29.204632 -11.964675
v -16.144116 29.217709 -11.964675
v -16.183007 29.229996 -11.949832
v -16.214710 29.240011 -11.921936
v -16.235403 29.246550 -11.884353
v -16.547712 28.231745 -11.841614
v -16.540461 28.229689 -11.798875
v -16.519583 28.223768 -11.761291
v -16.487596 28.214697 -11.733395
v -16.448357 28.203568 -11.718552
v -16.406601 28.191727 -11.718552
v -16.367363 28.180599 -11.733395
v -16.335376 28.171528 -11.761291
v -16.314497 28.165607 -11.798875
v -16.307246 28.163549 -11.841614
v -16.314497 28.165607 -11.884353
v -16.335376 28.171528 -11.921937
v -16.367363 28.180599 -11.949832
v -16.406601 28.191727 -11.964675
v -16.448358 28.203568 -11.964675
v -16.487596 28.214697 -11.949832
v -16.519583 28.223768 -11.921936
v -16.540461 28.229689 -11.884353
v -16.816991 27.224438 -11.841614
v -16.809680 27.222605 -11.798875
v -16.788629 27.217329 -11.761291
v -16.756377 27.209248 -11.733395
v -16.716815 27.199333 -11.718552
v -16.674713 27.188784 -11.718552
v -16.635150 27.178869 -11.733395
v -16.602899 27.170788 -11.761291
v -16.581848 27.165512 -11.798875
v -16.574537 27.163679 -11.841614
v -16.581848 27.165512 -11.884353
v -16.602899 27.170788 -11.921937
v -16.635150 27.178869 -11.949832
v -16.674713 27.188784 -11.964675
v -16.716815 27.199333 -11.964675
v -16.756377 27.209248 -11.949832
v -16.788629 27.217329 -11.921936
v -16.809680 27.222605 -11.884353
v -17.050413 26.226912 -11.841614
v -17.043047 26.225315 -11.798875
v -17.021839 26.220713 -11.761291
v -16.989345 26.213665 -11.733395
v -16.949486 26.205017 -11.718552
v -16.907069 26.195816 -11.718552
v -16.867209 26.187170 -11.733395
v -16.834716 26.180120 -11.761291
v -16.813507 26.175520 -11.798875
v -16.806142 26.173922 -11.841614
v -16.813507 26.175520 -11.884353
v -16.834716 26.180120 -11.921937
v -16.867209 26.187170 -11.949832
v -16.907069 26.195816 -11.964675
v -16.949486 26.205017 -11.964675
v -16.989345 26.213665 -11.949832
v -17.021839 26.220713 -11.921936
v -17.043047 26.225315 -11.884353
v -17.247964 25.239151 -11.841614
v -17.240550 25.237797 -11.798875
v -17.219201 25.233900 -11.761291
v -17.186492 25.227926 -11.733395
v -17.146369 25.220602 -11.718552
v -17.103670 25.212805 -11.718552
v -17.063547 25.205479 -11.733395
v -17.030838 25.199507 -11.761291
v -17.009489 25.195608 -11.798875
v -17.002074 25.194254 -11.841614
v -17.009489 25.195608 -11.884353
v -17.030838 25.199507 -11.921937
v -17.063547 25.205479 -11.949832
v -17.103670 25.212805 -11.964675
v -17.146369 25.220602 -11.964675
v -17.186492 25.227926 -11.949832
v -17.219201 25.233900 -11.921936
v -17.240550 25.237797 -11.884353
v -17.409630 24.261168 -11.841614
v -17.402174 24.260069 -11.798875
v -17.380704 24.256901 -11.761291
v -17.347810 24.252048 -11.733395
v -17.307460 24.246094 -11.718552
v -17.264520 24.239759 -11.718552
v -17.224170 24.233805 -11.733395
v -17.191276 24.228952 -11.761291
v -17.169806 24.225784 -11.798875
v -17.162350 24.224684 -11.841614
v -17.169806 24.225784 -11.884353
v -17.191276 24.228952 -11.921937
v -17.224170 24.233805 -11.949832
v -17.264520 24.239759 -11.964675
v -17.307460 24.246094 -11.964675
v -17.347810 24.252048 -11.949832
v -17.380704 24.256901 -11.921936
v -17.402174 24.260069 -11.884353
v -17.535396 23.292973 -11.841614
v -17.527905 23.292135 -11.798875
v -17.506337 23.289724 -11.761291
v -17.473293 23.286030 -11.733395
v -17.432758 23.281500 -11.718552
v -17.389621 23.276678 -11.718552
v -17.349086 23.272146 -11.733395
v -17.316042 23.268454 -11.761291
v -17.294474 23.266043 -11.798875
v -17.286983 23.265203 -11.841614
v -17.294474 23.266043 -11.884353
v -17.316042 23.268454 -11.921937
v -17.349086 23.272146 -11.949832
v -17.389621 23.276678 -11.964675
v -17.432758 23.281500 -11.964675
v -17.473293 23.286030 -11.949832
v -17.506337 23.289724 -11.921936
v -17.527905 23.292135 -11.884353
v -17.625246 22.334566 -11.841614
v -17.617730 22.334000 -11.798875
v -17.596089 22.332373 -11.761291
v -17.562932 22.329876 -11.733395
v -17.522259 22.326815 -11.718552
v -17.478976 22.323555 -11.718552
v -17.438304 22.320494 -11.733395
v -17.405147 22.317999 -11.761291
v -17.383506 22.316370 -11.798875
v -17.375989 22.315804 -11.841614
v -17.383506 22.316370 -11.884353
v -17.405147 22.317999 -11.921937
v -17.438304 22.320494 -11.949832
v -17.478976 22.323555 -11.964675
v -17.522259 22.326815 -11.964675
v -17.562932 22.329876 -11.949832
v -17.596089 22.332373 -11.921936
v -17.617730 22.334000 -11.884353
v -17.679241 21.384665 -11.841614
v -17.671704 21.384457 -11.798875
v -17.650004 21.383858 -11.761291
v -17.616758 21.382942 -11.733395
v -17.575975 21.381819 -11.718552
v -17.532575 21.380621 -11.718552
v -17.491792 21.379498 -11.733395
v -17.458546 21.378582 -11.761291
v -17.436845 21.377983 -11.798875
v -17.429309 21.377775 -11.841614
v -17.436845 21.377983 -11.884353
v -17.458546 21.378582 -11.921937
v -17.491792 21.379498 -11.949832
v -17.532575 21.380621 -11.964675
v -17.575975 21.381819 -11.964675
v -17.616758 21.382942 -11.949832
v -17.650004 21.383858 -11.921936
v -17.671704 21.384457 -11.884353
v -17.677682 20.448706 -11.841614
v -17.670146 20.448988 -11.798875
v -17.648448 20.449797 -11.761291
v -17.615206 20.451040 -11.733395
v -17.574427 20.452564 -11.718552
v -17.531032 20.454184 -11.718552
v -17.490253 20.455709 -11.733395
v -17.457010 20.456951 -11.761291
v -17.435313 20.457762 -11.798875
v -17.427777 20.458042 -11.841614
v -17.435313 20.457762 -11.884353
v -17.457010 20.456951 -11.921937
v -17.490253 20.455709 -11.949832
v -17.531032 20.454184 -11.964675
v -17.574427 20.452564 -11.964675
v -17.615206 20.451040 -11.949832
v -17.648449 20.449797 -11.921936
v -17.670146 20.448988 -11.884353
v -17.610633 19.532073 -11.841614
v -17.603133 19.532836 -11.798875
v -17.581537 19.535034 -11.761291
v -17.548449 19.538404 -11.733395
v -17.507862 19.542537 -11.718552
v -17.464669 19.546935 -11.718552
v -17.424082 19.551068 -11.733395
v -17.390994 19.554438 -11.761291
v -17.369398 19.556636 -11.798875
v -17.361898 19.557399 -11.841614
v -17.369398 19.556636 -11.884353
v -17.390994 19.554438 -11.921937
v -17.424082 19.551068 -11.949832
v -17.464669 19.546935 -11.964675
v -17.507862 19.542537 -11.964675
v -17.548449 19.538404 -11.949832
v -17.581537 19.535034 -11.921936
v -17.603133 19.532836 -11.884353
v -17.493032 18.631943 -11.841614
v -17.485579 18.633072 -11.798875
v -17.464121 18.636324 -11.761291
v -17.431244 18.641307 -11.733395
v -17.390915 18.647420 -11.718552
v -17.347998 18.653923 -11.718552
v -17.307669 18.660036 -11.733395
v -17.274793 18.665019 -11.761291
v -17.253334 18.668271 -11.798875
v -17.245882 18.669400 -11.841614
v -17.253334 18.668271 -11.884353
v -17.274793 18.665018 -11.921937
v -17.307669 18.660036 -11.949832
v -17.347998 18.653923 -11.964675
v -17.390915 18.647420 -11.964675
v -17.431244 18.641307 -11.949832
v -17.464121 18.636324 -11.921936
v -17.485579 18.633072 -11.884353
v -17.339758 17.743797 -11.841614
v -17.332347 17.745170 -11.798875
v -17.311009 17.749120 -11.761291
v -17.278317 17.755173 -11.733395
v -17.238215 17.762598 -11.718552
v -17.195539 17.770499 -11.718552
v -17.155437 17.777924 -11.733395
v -17.122745 17.783977 -11.761291
v -17.101407 17.787928 -11.798875
v -17.093996 17.789299 -11.841614
v -17.101407 17.787928 -11.884353
v -17.122745 17.783977 -11.921937
v -17.155437 17.777924 -11.949832
v -17.195539 17.770499 -11.964675
v -17.238215 17.762598 -11.964675
v -17.278317 17.755173 -11.949832
v -17.311009 17.749120 -11.921936
v -17.332347 17.745170 -11.884353
v -17.165596 16.863027 -11.841614
v -17.158209 16.864516 -11.798875
v -17.136937 16.868804 -11.761291
v -17.104348 16.875373 -11.733395
v -17.064371 16.883432 -11.718552
v -17.021828 16.892008 -11.718552
v -16.981851 16.900067 -11.733395
v -16.949261 16.906636 -11.761291
v -16.927990 16.910924 -11.798875
v -16.920603 16.912414 -11.841614
v -16.927990 16.910924 -11.884353
v -16.949261 16.906636 -11.921937
v -16.981851 16.900067 -11.949832
v -17.021828 16.892008 -11.964675
v -17.064371 16.883432 -11.964675
v -17.104348 16.875373 -11.949832
v -17.136937 16.868804 -11.921936
v -17.158209 16.864516 -11.884353
v -16.985221 15.984996 -11.841614
v -16.977832 15.986477 -11.798875
v -16.956556 15.990742 -11.761291
v -16.923959 15.997276 -11.733395
v -16.883973 16.005291 -11.718552
v -16.841421 16.013821 -11.718552
v -16.801435 16.021835 -11.733395
v -16.768838 16.028370 -11.761291
v -16.747562 16.032635 -11.798875
v -16.740173 16.034116 -11.841614
v -16.747562 16.032635 -11.884353
v -16.768838 16.028370 -11.921937
v -16.801435 16.021835 -11.949832
v -16.841421 16.013821 -11.964675
v -16.883973 16.005291 -11.964675
v -16.923959 15.997276 -11.949832
v -16.956556 15.990742 -11.921936
v -16.977832 15.986477 -11.884353
v -16.813199 15.105055 -11.841614
v -16.805784 15.106403 -11.798875
v -16.784433 15.110286 -11.761291
v -16.751722 15.116235 -11.733395
v -16.711595 15.123533 -11.718552
v -16.668894 15.131298 -11.718552
v -16.628768 15.138597 -11.733395
v -16.596056 15.144546 -11.761291
v -16.574706 15.148428 -11.798875
v -16.567291 15.149776 -11.841614
v -16.574706 15.148428 -11.884353
v -16.596056 15.144546 -11.921937
v -16.628768 15.138597 -11.949832
v -16.668894 15.131298 -11.964675
v -16.711595 15.123533 -11.964675
v -16.751722 15.116235 -11.949832
v -16.784433 15.110286 -11.921936
v -16.805784 15.106403 -11.884353
v -16.663983 14.218550 -11.841614
v -16.656525 14.219642 -11.798875
v -16.635050 14.222788 -11.761291
v -16.602149 14.227608 -11.733395
v -16.561789 14.233520 -11.718552
v -16.518840 14.239811 -11.718552
v -16.478480 14.245723 -11.733395
v -16.445579 14.250544 -11.761291
v -16.424104 14.253689 -11.798875
v -16.416646 14.254782 -11.841614
v -16.424104 14.253689 -11.884353
v -16.445579 14.250544 -11.921937
v -16.478480 14.245723 -11.949832
v -16.518840 14.239811 -11.964675
v -16.561789 14.233520 -11.964675
v -16.602149 14.227608 -11.949832
v -16.635050 14.222788 -11.921936
v -16.656525 14.219642 -11.884353
v -16.551569 13.317918 -11.841614
v -16.544086 13.318807 -11.798875
v -16.522538 13.321368 -11.761291
v -16.489525 13.325292 -11.733395
v -16.449028 13.330105 -11.718552
v -16.405933 13.335227 -11.718552
v -16.365436 13.340041 -11.733395
v -16.332423 13.343965 -11.761291
v -16.310875 13.346526 -11.798875
v -16.303392 13.347415 -11.841614
v -16.310875 13.346526 -11.884353
v -16.332423 13.343965 -11.921937
v -16.365436 13.340041 -11.949832
v -16.405933 13.335227 -11.964675
v -16.449028 13.330105 -11.964675
v -16.489525 13.325292 -11.949832
v -16.522538 13.321368 -11.921936
v -16.544086 13.318807 -11.884353
v -16.449276 12.412076 -11.841614
v -16.441796 12.412996 -11.798875
v -16.420258 12.415648 -11.761291
v -16.387261 12.419709 -11.733395
v -16.346783 12.424691 -11.718552
v -16.303708 12.429994 -11.718552
v -16.263230 12.434976 -11.733395
v -16.230233 12.439037 -11.761291
v -16.208695 12.441689 -11.798875
v -16.201215 12.442609 -11.841614
v -16.208695 12.441689 -11.884353
v -16.230233 12.439037 -11.921937
v -16.263230 12.434976 -11.949832
v -16.303708 12.429994 -11.964675
v -16.346783 12.424691 -11.964675
v -16.387261 12.419709 -11.949832
v -16.420258 12.415648 -11.921936
v -16.441796 12.412996 -11.884353
v -16.329606 11.514441 -11.841614
v -16.322139 11.515457 -11.798875
v -16.300638 11.518384 -11.761291
v -16.267697 11.522867 -11.733395
v -16.227288 11.528366 -11.718552
v -16.184286 11.534218 -11.718552
v -16.143878 11.539717 -11.733395
v -16.110936 11.544200 -11.761291
v -16.089435 11.547127 -11.798875
v -16.081968 11.548143 -11.841614
v -16.089435 11.547127 -11.884353
v -16.110936 11.544200 -11.921937
v -16.143878 11.539717 -11.949832
v -16.184286 11.534218 -11.964675
v -16.227288 11.528366 -11.964675
v -16.267697 11.522867 -11.949832
v -16.300638 11.518384 -11.921936
v -16.322139 11.515457 -11.884353
v -16.205544 10.621274 -11.841614
v -16.198075 10.622276 -11.798875
v -16.176568 10.625162 -11.761291
v -16.143618 10.629582 -11.733395
v -16.103199 10.635005 -11.718552
v -16.060185 10.640776 -11.718552
v -16.019766 10.646199 -11.733395
v -15.986816 10.650620 -11.761291
v -15.965310 10.653506 -11.798875
v -15.957841 10.654508 -11.841614
v -15.965310 10.653506 -11.884353
v -15.986816 10.650620 -11.921937
v -16.019766 10.646199 -11.949832
v -16.060186 10.640776 -11.964675
v -16.103199 10.635005 -11.964675
v -16.143618 10.629582 -11.949832
v -16.176568 10.625162 -11.921936
v -16.198075 10.622276 -11.884353
v -16.089663 9.725953 -11.841614
v -16.082178 9.726831 -11.798875
v -16.060625 9.729360 -11.761291
v -16.027605 9.733235 -11.733395
v -15.987099 9.737989 -11.718552
v -15.943993 9.743047 -11.718552
v -15.903488 9.747800 -11.733395
v -15.870467 9.751676 -11.761291
v -15.848914 9.754205 -11.798875
v -15.841429 9.755083 -11.841614
v -15.848914 9.754205 -11.884353
v -15.870467 9.751676 -11.921937
v -15.903488 9.747800 -11.949832
v -15.943993 9.743047 -11.964675
v -15.987099 9.737989 -11.964675
v -16.027605 9.733235 -11.949832
v -16.060625 9.729360 -11.921936
v -16.082178 9.726831 -11.884353
v -15.994454 8.821786 -11.841614
v -15.986944 8.822435 -11.798875
v -15.965322 8.824303 -11.761291
v -15.932195 8.827165 -11.733395
v -15.891558 8.830675 -11.718552
v -15.848313 8.834411 -11.718552
v -15.807676 8.837922 -11.733395
v -15.774549 8.840784 -11.761291
v -15.752927 8.842652 -11.798875
v -15.745417 8.843301 -11.841614
v -15.752927 8.842652 -11.884353
v -15.774549 8.840784 -11.921937
v -15.807676 8.837922 -11.949832
v -15.848313 8.834411 -11.964675
v -15.891558 8.830675 -11.964675
v -15.932195 8.827165 -11.949832
v -15.965322 8.824303 -11.921936
v -15.986944 8.822435 -11.884353
v -15.932332 7.902029 -11.841614
v -15.924800 7.902349 -11.798875
v -15.903114 7.903273 -11.761291
v -15.869889 7.904687 -11.733395
v -15.829133 7.906423 -11.718552
v -15.785760 7.908270 -11.718552
v -15.745004 7.910006 -11.733395
v -15.711779 7.911420 -11.761291
v -15.690092 7.912344 -11.798875
v -15.682561 7.912664 -11.841614
v -15.690092 7.912344 -11.884353
v -15.711779 7.911420 -11.921937
v -15.745004 7.910006 -11.949832
v -15.785760 7.908270 -11.964675
v -15.829133 7.906423 -11.964675
v -15.869889 7.904687 -11.949832
v -15.903114 7.903273 -11.921936
v -15.924800 7.902349 -11.884353
v -15.915672 6.959844 -11.841614
v -15.908133 6.959751 -11.798875
v -15.886426 6.959483 -11.761291
v -15.853169 6.959073 -11.733395
v -15.812372 6.958570 -11.718552
v -15.768958 6.958034 -11.718552
v -15.728162 6.957531 -11.733395
v -15.694904 6.957121 -11.761291
v -15.673197 6.956853 -11.798875
v -15.665658 6.956760 -11.841614
v -15.673197 6.956853 -11.884353
v -15.694904 6.957121 -11.921937
v -15.728162 6.957531 -11.949832
v -15.768958 6.958034 -11.964675
v -15.812372 6.958570 -11.964675
v -15.853169 6.959073 -11.949832
v -15.886426 6.959483 -11.921936
v -15.908133 6.959751 -11.884353
v -15.956846 5.988308 -11.841614
v -15.949328 5.987734 -11.798875
v -15.927679 5.986080 -11.761291
v -15.894512 5.983547 -11.733395
v -15.853826 5.980439 -11.718552
v -15.810529 5.977133 -11.718552
v -15.769843 5.974025 -11.733395
v -15.736676 5.971492 -11.761291
v -15.715027 5.969838 -11.798875
v -15.707509 5.969264 -11.841614
v -15.715027 5.969838 -11.884353
v -15.736676 5.971492 -11.921937
v -15.769843 5.974025 -11.949832
v -15.810529 5.977133 -11.964675
v -15.853826 5.980439 -11.964675
v -15.894512 5.983547 -11.949832
v -15.927679 5.986080 -11.921936
v -15.949328 5.987734 -11.884353
v -16.068042 4.982521 -11.841614
v -16.060596 4.981294 -11.798875
v -16.039155 4.977761 -11.761291
v -16.006306 4.972347 -11.733395
v -15.966011 4.965707 -11.718552
v -15.923130 4.958640 -11.718552
v -15.882834 4.952000 -11.733395
v -15.849985 4.946586 -11.761291
v -15.828545 4.943053 -11.798875
v -15.821099 4.941826 -11.841614
v -15.828545 4.943053 -11.884353
v -15.849985 4.946586 -11.921937
v -15.882834 4.952000 -11.949832
v -15.923130 4.958640 -11.964675
v -15.966011 4.965707 -11.964675
v -16.006306 4.972347 -11.949832
v -16.039155 4.977761 -11.921936
v -16.060596 4.981294 -11.884353
v -16.298377 3.935546 -11.841614
v -16.291102 3.933540 -11.798875
v -16.270154 3.927763 -11.761291
v -16.238061 3.918914 -11.733395
v -16.198693 3.908058 -11.718552
v -16.156799 3.896506 -11.718552
v -16.117431 3.885650 -11.733395
v -16.085338 3.876801 -11.761291
v -16.064391 3.871025 -11.798875
v -16.057116 3.869019 -11.841614
v -16.064391 3.871025 -11.884353
v -16.085338 3.876801 -11.921937
v -16.117431 3.885650 -11.949832
v -16.156799 3.896506 -11.964675
v -16.198694 3.908058 -11.964675
v -16.238061 3.918914 -11.949832
v -16.270154 3.927763 -11.921936
v -16.291102 3.933540 -11.884353
v -16.661413 2.845777 -11.841614
v -16.654337 2.843176 -11.798875
v -16.633960 2.835686 -11.761291
v -16.602742 2.824211 -11.733395
v -16.564447 2.810135 -11.718552
v -16.523694 2.795155 -11.718552
v -16.485399 2.781078 -11.733395
v -16.454181 2.769603 -11.761291
v -16.433805 2.762113 -11.798875
v -16.426728 2.759512 -11.841614
v -16.433805 2.762113 -11.884353
v -16.454181 2.769603 -11.921937
v -16.485400 2.781078 -11.949832
v -16.523694 2.795155 -11.964675
v -16.564447 2.810135 -11.964675
v -16.602742 2.824211 -11.949832
v -16.633960 2.835686 -11.921936
v -16.654337 2.843176 -11.884353
v -17.115113 1.719441 -11.841614
v -17.108160 1.716533 -11.798875
v -17.088140 1.708158 -11.761291
v -17.057468 1.695326 -11.733395
v -17.019843 1.679586 -11.718552
v -16.979804 1.662835 -11.718552
v -16.942179 1.647095 -11.733395
v -16.911507 1.634263 -11.761291
v -16.891487 1.625888 -11.798875
v -16.884535 1.622979 -11.841614
v -16.891487 1.625888 -11.884353
v -16.911507 1.634263 -11.921937
v -16.942179 1.647095 -11.949832
v -16.979804 1.662835 -11.964675
v -17.019843 1.679586 -11.964675
v -17.057468 1.695326 -11.949832
v -17.088140 1.708158 -11.921936
v -17.108160 1.716533 -11.884353
v -17.615999 0.565482 -11.841614
v -17.609081 0.562494 -11.798875
v -17.589161 0.553889 -11.761291
v -17.558641 0.540705 -11.733395
v -17.521204 0.524534 -11.718552
v -17.481364 0.507324 -11.718552
v -17.443926 0.491152 -11.733395
v -17.413407 0.477969 -11.761291
v -17.393487 0.469364 -11.798875
v -17.386569 0.466376 -11.841614
v -17.393487 0.469364 -11.884353
v -17.413407 0.477969 -11.921937
v -17.443926 0.491152 -11.949832
v -17.481364 0.507324 -11.964675
v -17.521204 0.524534 -11.964675
v -17.558641 0.540705 -11.949832
v -17.589161 0.553889 -11.921936
v -17.609081 0.562494 -11.884353
v -18.120342 -0.607782 -11.841614
v -18.113370 -0.610645 -11.798875
v -18.093295 -0.618888 -11.761291
v -18.062537 -0.631517 -11.733395
v -18.024807 -0.647008 -11.718552
v -17.984656 -0.663494 -11.718552
v -17.946926 -0.678986 -11.733395
v -17.916168 -0.691615 -11.761291
v -17.896093 -0.699858 -11.798875
v -17.889121 -0.702720 -11.841614
v -17.896093 -0.699858 -11.884353
v -17.916169 -0.691615 -11.921937
v -17.946926 -0.678986 -11.949832
v -17.984656 -0.663494 -11.964675
v -18.024807 -0.647008 -11.964675
v -18.062537 -0.631517 -11.949832
v -18.093295 -0.618888 -11.921936
v -18.113370 -0.610645 -11.884353
v -18.584269 -1.792562 -11.841614
v -18.577164 -1.795084 -11.798875
v -18.556704 -1.802346 -11.761291
v -18.525358 -1.813472 -11.733395
v -18.486906 -1.827119 -11.718552
v -18.445986 -1.841643 -11.718552
v -18.407534 -1.855291 -11.733395
v -18.376188 -1.866416 -11.761291
v -18.355728 -1.873678 -11.798875
v -18.348623 -1.876200 -11.841614
v -18.355728 -1.873678 -11.884353
v -18.376188 -1.866416 -11.921937
v -18.407534 -1.855291 -11.949832
v -18.445986 -1.841643 -11.964675
v -18.486906 -1.827119 -11.964675
v -18.525358 -1.813472 -11.949832
v -18.556704 -1.802346 -11.921936
v -18.577164 -1.795084 -11.884353
v -18.963672 -2.981536 -11.841614
v -18.956377 -2.983464 -11.798875
v -18.935372 -2.989017 -11.761291
v -18.903189 -2.997523 -11.733395
v -18.863712 -3.007957 -11.718552
v -18.821702 -3.019062 -11.718552
v -18.782224 -3.029496 -11.733395
v -18.750042 -3.038002 -11.761291
v -18.729037 -3.043555 -11.798875
v -18.721742 -3.045483 -11.841614
v -18.729037 -3.043555 -11.884353
v -18.750042 -3.038002 -11.921937
v -18.782224 -3.029496 -11.949832
v -18.821702 -3.019062 -11.964675
v -18.863712 -3.007957 -11.964675
v -18.903189 -2.997523 -11.949832
v -18.935372 -2.989017 -11.921936
v -18.956377 -2.983464 -11.884353
v -19.213920 -4.167700 -11.841614
v -19.206434 -4.168725 -11.798875
v -19.184880 -4.171675 -11.761291
v -19.151857 -4.176195 -11.733395
v -19.111348 -4.181740 -11.718552
v -19.068239 -4.187641 -11.718552
v -19.027730 -4.193185 -11.733395
v -18.994707 -4.197705 -11.761291
v -18.973153 -4.200655 -11.798875
v -18.965667 -4.201680 -11.841614
v -18.973153 -4.200655 -11.884353
v -18.994707 -4.197705 -11.921937
v -19.027730 -4.193185 -11.949832
v -19.068239 -4.187641 -11.964675
v -19.111348 -4.181740 -11.964675
v -19.151857 -4.176195 -11.949832
v -19.184880 -4.171675 -11.921936
v -19.206434 -4.168725 -11.884353
v -19.289414 -5.343261 -11.841614
v -19.281850 -5.343062 -11.798875
v -19.260070 -5.342491 -11.761291
v -19.226700 -5.341617 -11.733395
v -19.185766 -5.340543 -11.718552
v -19.142205 -5.339401 -11.718552
v -19.101271 -5.338328 -11.733395
v -19.067902 -5.337453 -11.761291
v -19.046121 -5.336883 -11.798875
v -19.038557 -5.336684 -11.841614
v -19.046121 -5.336883 -11.884353
v -19.067902 -5.337453 -11.921937
v -19.101271 -5.338328 -11.949832
v -19.142205 -5.339401 -11.964675
v -19.185766 -5.340543 -11.964675
v -19.226700 -5.341617 -11.949832
v -19.260070 -5.342491 -11.921936
v -19.281850 -5.343062 -11.884353
v -19.151220 -6.523421 -11.841614
v -19.143800 -6.521990 -11.798875
v -19.122436 -6.517865 -11.761291
v -19.089703 -6.511546 -11.733395
v -19.049551 -6.503796 -11.718552
v -19.006823 -6.495547 -11.718552
v -18.966671 -6.487796 -11.733395
v -18.933939 -6.481478 -11.761291
v -18.912574 -6.477353 -11.798875
v -18.905154 -6.475921 -11.841614
v -18.912574 -6.477353 -11.884353
v -18.933939 -6.481478 -11.921937
v -18.966671 -6.487796 -11.949832
v -19.006823 -6.495547 -11.964675
v -19.049551 -6.503796 -11.964675
v -19.089703 -6.511546 -11.949832
v -19.122436 -6.517865 -11.921936
v -19.143800 -6.521990 -11.884353
v -18.826538 -7.720631 -11.841614
v -18.819363 -7.718295 -11.798875
v -18.798705 -7.711567 -11.761291
v -18.767054 -7.701261 -11.733395
v -18.728229 -7.688618 -11.718552
v -18.686912 -7.675164 -11.718552
v -18.648086 -7.662521 -11.733395
v -18.616436 -7.652215 -11.761291
v -18.595777 -7.645488 -11.798875
v -18.588602 -7.643151 -11.841614
v -18.595777 -7.645488 -11.884353
v -18.616436 -7.652215 -11.921937
v -18.648086 -7.662521 -11.949832
v -18.686912 -7.675164 -11.964675
v -18.728229 -7.688618 -11.964675
v -18.767054 -7.701261 -11.949832
v -18.798705 -7.711567 -11.921936
v -18.819363 -7.718295 -11.884353
v -18.367195 -8.923511 -11.841614
v -18.360237 -8.920608 -11.798875
v -18.340202 -8.912248 -11.761291
v -18.309506 -8.899441 -11.733395
v -18.271852 -8.883731 -11.718552
v -18.231781 -8.867014 -11.718552
v -18.194127 -8.851304 -11.733395
v -18.163431 -8.838497 -11.761291
v -18.143396 -8.830138 -11.798875
v -18.136438 -8.827235 -11.841614
v -18.143396 -8.830138 -11.884353
v -18.163431 -8.838497 -11.921937
v -18.194127 -8.851304 -11.949832
v -18.231781 -8.867014 -11.964675
v -18.271852 -8.883731 -11.964675
v -18.309506 -8.899441 -11.949832
v -18.340202 -8.912248 -11.921936
v -18.360237 -8.920608 -11.884353
v -17.823686 -10.122073 -11.841614
v -17.816867 -10.118863 -11.798875
v -17.797231 -10.109622 -11.761291
v -17.767148 -10.095466 -11.733395
v -17.730246 -10.078097 -11.718552
v -17.690975 -10.059616 -11.718552
v -17.654072 -10.042249 -11.733395
v -17.623989 -10.028091 -11.761291
v -17.604354 -10.018851 -11.798875
v -17.597534 -10.015640 -11.841614
v -17.604354 -10.018851 -11.884353
v -17.623989 -10.028091 -11.921937
v -17.654072 -10.042249 -11.949832
v -17.690975 -10.059616 -11.964675
v -17.730246 -10.078097 -11.964675
v -17.767148 -10.095466 -11.949832
v -17.797231 -10.109622 -11.921936
v -17.816867 -10.118863 -11.884353
v -17.245987 -11.305766 -11.841614
v -17.239211 -11.302469 -11.798875
v -17.219701 -11.292972 -11.761291
v -17.189810 -11.278421 -11.733395
v -17.153142 -11.260571 -11.718552
v -17.114122 -11.241577 -11.718552
v -17.077454 -11.223727 -11.733395
v -17.047563 -11.209177 -11.761291
v -17.028052 -11.199679 -11.798875
v -17.021277 -11.196383 -11.841614
v -17.028052 -11.199679 -11.884353
v -17.047563 -11.209177 -11.921937
v -17.077454 -11.223727 -11.949832
v -17.114122 -11.241577 -11.964675
v -17.153142 -11.260571 -11.964675
v -17.189810 -11.278421 -11.949832
v -17.219701 -11.292972 -11.921936
v -17.239211 -11.302469 -11.884353
v -16.683916 -12.463417 -11.841614
v -16.677081 -12.460241 -11.798875
v -16.657397 -12.451101 -11.761291
v -16.627241 -12.437096 -11.733395
v -16.590248 -12.419918 -11.718552
v -16.550881 -12.401634 -11.718552
v -16.513889 -12.384457 -11.733395
v -16.483732 -12.370451 -11.761291
v -16.464049 -12.361311 -11.798875
v -16.457213 -12.358135 -11.841614
v -16.464049 -12.361311 -11.884353
v -16.483732 -12.370451 -11.921937
v -16.513889 -12.384457 -11.949832
v -16.550882 -12.401634 -11.964675
v -16.590248 -12.419918 -11.964675
v -16.627241 -12.437096 -11.949832
v -16.657397 -12.451101 -11.921936
v -16.677081 -12.460241 -11.884353
v -16.187202 -13.583109 -11.841614
v -16.180200 -13.580311 -11.798875
v -16.160037 -13.572248 -11.761291
v -16.129147 -13.559898 -11.733395
v -16.091254 -13.544750 -11.718552
v -16.050929 -13.528627 -11.718552
v -16.013036 -13.513479 -11.733395
v -15.982145 -13.501127 -11.761291
v -15.961983 -13.493067 -11.798875
v -15.954981 -13.490269 -11.841614
v -15.961983 -13.493067 -11.884353
v -15.982145 -13.501127 -11.921937
v -16.013036 -13.513479 -11.949832
v -16.050929 -13.528627 -11.964675
v -16.091254 -13.544750 -11.964675
v -16.129147 -13.559898 -11.949832
v -16.160037 -13.572248 -11.921936
v -16.180200 -13.580311 -11.884353
v -15.805276 -14.652021 -11.841614
v -15.798016 -14.649942 -11.798875
v -15.777112 -14.643957 -11.761291
v -15.745085 -14.634789 -11.733395
v -15.705798 -14.623541 -11.718552
v -15.663989 -14.611572 -11.718552
v -15.624702 -14.600325 -11.733395
v -15.592675 -14.591156 -11.761291
v -15.571771 -14.585173 -11.798875
v -15.564511 -14.583094 -11.841614
v -15.571771 -14.585173 -11.884353
v -15.592675 -14.591156 -11.921937
v -15.624702 -14.600325 -11.949832
v -15.663989 -14.611572 -11.964675
v -15.705798 -14.623541 -11.964675
v -15.745085 -14.634789 -11.949832
v -15.777112 -14.643957 -11.921936
v -15.798016 -14.649942 -11.884353
v -15.585336 -15.661442 -11.841614
v -15.577877 -15.660276 -11.798875
v -15.556400 -15.656919 -11.761291
v -15.523495 -15.651779 -11.733395
v -15.483131 -15.645475 -11.718552
v -15.440177 -15.638763 -11.718552
v -15.399813 -15.632460 -11.733395
v -15.366908 -15.627317 -11.761291
v -15.345431 -15.623962 -11.798875
v -15.337972 -15.622797 -11.841614
v -15.345431 -15.623962 -11.884353
v -15.366908 -15.627317 -11.921937
v -15.399813 -15.632460 -11.949832
v -15.440177 -15.638763 -11.964675
v -15.483131 -15.645475 -11.964675
v -15.523495 -15.651779 -11.949832
v -15.556400 -15.656919 -11.921936
v -15.577877 -15.660276 -11.884353
v -15.493022 -16.625822 -11.841614
v -15.485498 -16.625341 -11.798875
v -15.463831 -16.623964 -11.761291
v -15.430637 -16.621853 -11.733395
v -15.389917 -16.619261 -11.718552
v -15.346585 -16.616507 -11.718552
v -15.305865 -16.613914 -11.733395
v -15.272670 -16.611803 -11.761291
v -15.251004 -16.610426 -11.798875
v -15.243479 -16.609945 -11.841614
v -15.251004 -16.610426 -11.884353
v -15.272671 -16.611803 -11.921937
v -15.305865 -16.613914 -11.949832
v -15.346585 -16.616507 -11.964675
v -15.389917 -16.619261 -11.964675
v -15.430637 -16.621853 -11.949832
v -15.463831 -16.623964 -11.921936
v -15.485498 -16.625341 -11.884353
v -15.463475 -17.559513 -11.841614
v -15.455934 -17.559534 -11.798875
v -15.434223 -17.559595 -11.761291
v -15.400958 -17.559687 -11.733395
v -15.360153 -17.559799 -11.718552
v -15.316730 -17.559921 -11.718552
v -15.275925 -17.560034 -11.733395
v -15.242660 -17.560125 -11.761291
v -15.220948 -17.560186 -11.798875
v -15.213408 -17.560209 -11.841614
v -15.220948 -17.560186 -11.884353
v -15.242660 -17.560125 -11.921937
v -15.275925 -17.560034 -11.949832
v -15.316730 -17.559921 -11.964675
v -15.360153 -17.559799 -11.964675
v -15.400958 -17.559687 -11.949832
v -15.434223 -17.559595 -11.921936
v -15.455934 -17.559534 -11.884353
v -15.496928 -18.458803 -11.841614
v -15.489407 -18.459360 -11.798875
v -15.467753 -18.460966 -11.761291
v -15.434577 -18.463428 -11.733395
v -15.393880 -18.466446 -11.718552
v -15.350571 -18.469660 -11.718552
v -15.309874 -18.472677 -11.733395
v -15.276698 -18.475140 -11.761291
v -15.255044 -18.476746 -11.798875
v -15.247523 -18.477303 -11.841614
v -15.255044 -18.476746 -11.884353
v -15.276698 -18.475140 -11.921937
v -15.309874 -18.472677 -11.949832
v -15.350571 -18.469660 -11.964675
v -15.393880 -18.466446 -11.964675
v -15.434577 -18.463428 -11.949832
v -15.467753 -18.460966 -11.921936
v -15.489407 -18.459360 -11.884353
v -15.593253 -19.323772 -11.841614
v -15.585796 -19.324900 -11.798875
v -15.564324 -19.328146 -11.761291
v -15.531428 -19.333120 -11.733395
v -15.491074 -19.339220 -11.718552
v -15.448131 -19.345715 -11.718552
v -15.407777 -19.351814 -11.733395
v -15.374881 -19.356789 -11.761291
v -15.353409 -19.360035 -11.798875
v -15.345952 -19.361162 -11.841614
v -15.353409 -19.360035 -11.884353
v -15.374881 -19.356789 -11.921937
v -15.407777 -19.351814 -11.949832
v -15.448131 -19.345715 -11.964675
v -15.491074 -19.339220 -11.964675
v -15.531428 -19.333120 -11.949832
v -15.564324 -19.328146 -11.921936
v -15.585796 -19.324900 -11.884353
v -15.752336 -20.154541 -11.841614
v -15.744993 -20.156263 -11.798875
v -15.723849 -20.161222 -11.761291
v -15.691455 -20.168818 -11.733395
v -15.651717 -20.178137 -11.718552
v -15.609429 -20.188051 -11.718552
v -15.569692 -20.197371 -11.733395
v -15.537298 -20.204966 -11.761291
v -15.516154 -20.209923 -11.798875
v -15.508811 -20.211645 -11.841614
v -15.516154 -20.209923 -11.884353
v -15.537298 -20.204966 -11.921937
v -15.569692 -20.197371 -11.949832
v -15.609429 -20.188051 -11.964675
v -15.651717 -20.178137 -11.964675
v -15.691455 -20.168818 -11.949832
v -15.723849 -20.161222 -11.921936
v -15.744993 -20.156263 -11.884353
v -15.974091 -20.951288 -11.841614
v -15.966917 -20.953619 -11.798875
v -15.946261 -20.960331 -11.761291
v -15.914614 -20.970612 -11.733395
v -15.875794 -20.983225 -11.718552
v -15.834482 -20.996647 -11.718552
v -15.795661 -21.009260 -11.733395
v -15.764014 -21.019541 -11.761291
v -15.743358 -21.026251 -11.798875
v -15.736184 -21.028584 -11.841614
v -15.743358 -21.026251 -11.884353
v -15.764014 -21.019541 -11.921937
v -15.795661 -21.009260 -11.949832
v -15.834482 -20.996647 -11.964675
v -15.875794 -20.983225 -11.964675
v -15.914614 -20.970612 -11.949832
v -15.946261 -20.960331 -11.921936
v -15.966917 -20.953619 -11.884353
v -16.258478 -21.714231 -11.841614
v -16.251532 -21.717173 -11.798875
v -16.231530 -21.725639 -11.761291
v -16.200887 -21.738613 -11.733395
v -16.163297 -21.754526 -11.718552
v -16.123294 -21.771460 -11.718552
v -16.085704 -21.787374 -11.733395
v -16.055060 -21.800346 -11.761291
v -16.035059 -21.808813 -11.798875
v -16.028112 -21.811754 -11.841614
v -16.035059 -21.808813 -11.884353
v -16.055060 -21.800346 -11.921937
v -16.085704 -21.787374 -11.949832
v -16.123294 -21.771460 -11.964675
v -16.163297 -21.754526 -11.964675
v -16.200887 -21.738613 -11.949832
v -16.231530 -21.725639 -11.921936
v -16.251532 -21.717173 -11.884353
v -16.605520 -22.443609 -11.841614
v -16.598858 -22.447147 -11.798875
v -16.579674 -22.457335 -11.761291
v -16.550283 -22.472937 -11.733395
v -16.514230 -22.492081 -11.718552
v -16.475863 -22.512455 -11.718552
v -16.439809 -22.531599 -11.733395
v -16.410418 -22.547201 -11.761291
v -16.391235 -22.557388 -11.798875
v -16.384572 -22.560926 -11.841614
v -16.391235 -22.557388 -11.884353
v -16.410418 -22.547201 -11.921937
v -16.439809 -22.531599 -11.949832
v -16.475863 -22.512455 -11.964675
v -16.514230 -22.492081 -11.964675
v -16.550283 -22.472937 -11.949832
v -16.579674 -22.457335 -11.921936
v -16.598858 -22.447147 -11.884353
v -17.018074 -23.144361 -11.841614
v -17.011580 -23.148184 -11.798875
v -16.992881 -23.159193 -11.761291
v -16.964232 -23.176060 -11.733395
v -16.929090 -23.196751 -11.718552
v -16.891692 -23.218765 -11.718552
v -16.856549 -23.239456 -11.733395
v -16.827900 -23.256323 -11.761291
v -16.809201 -23.267332 -11.798875
v -16.802707 -23.271154 -11.841614
v -16.809201 -23.267332 -11.884353
v -16.827900 -23.256323 -11.921937
v -16.856549 -23.239456 -11.949832
v -16.891692 -23.218765 -11.964675
v -16.929090 -23.196751 -11.964675
v -16.964233 -23.176060 -11.949832
v -16.992881 -23.159193 -11.921936
v -17.011580 -23.148184 -11.884353
# 990 vertices

vn -0.934633 0.310335 0.173649
vn -0.821900 0.272903 0.500005
vn -0.610045 0.202558 0.766039
vn -0.324592 0.107777 0.939694
vn 0.324596 -0.107779 0.939692
vn 0.610045 -0.202559 0.766039
vn 0.821897 -0.272902 0.500010
vn 0.934635 -0.310336 0.173636
vn 0.934633 -0.310335 -0.173646
vn 0.821906 -0.272905 -0.499993
vn 0.610032 -0.202555 -0.766050
vn 0.324596 -0.107779 -0.939692
vn -0.324598 0.107779 -0.939691
vn -0.610045 0.202558 -0.766039
vn -0.821900 0.272903 -0.500005
vn -0.934633 0.310335 -0.173649
vn -0.943273 0.282981 0.173662
vn -0.829502 0.248850 0.500000
vn -0.615687 0.184706 0.766038
vn -0.327586 0.098276 0.939696
vn 0.327599 -0.098279 0.939691
vn 0.615677 -0.184702 0.766046
vn 0.829502 -0.248849 0.500000
vn 0.943276 -0.282982 0.173642
vn 0.943276 -0.282982 -0.173641
vn 0.829508 -0.248851 -0.499990
vn 0.615665 -0.184699 -0.766057
vn 0.327599 -0.098279 -0.939691
vn -0.327592 0.098277 -0.939694
vn -0.615687 0.184706 -0.766038
vn -0.829502 0.248850 -0.500000
vn -0.943273 0.282981 -0.173662
vn -0.951397 0.254334 0.173659
vn -0.836643 0.223656 0.500007
vn -0.620992 0.166007 0.766035
vn -0.330404 0.088325 0.939698
vn 0.330419 -0.088329 0.939692
vn 0.620982 -0.166005 0.766044
vn 0.836643 -0.223657 0.500007
vn 0.951400 -0.254333 0.173644
vn 0.951400 -0.254333 -0.173644
vn 0.836648 -0.223658 -0.499997
vn 0.620970 -0.166001 -0.766055
vn 0.330419 -0.088329 -0.939692
vn -0.330404 0.088325 -0.939698
vn -0.620992 0.166007 -0.766035
vn -0.836643 0.223656 -0.500007
vn -0.951397 0.254334 -0.173658
vn -0.958904 0.224384 0.173652
vn -0.843242 0.197319 0.500007
vn -0.625886 0.146458 0.766039
vn -0.333014 0.077926 0.939696
vn 0.333023 -0.077927 0.939693
vn 0.625894 -0.146460 0.766033
vn 0.843235 -0.197318 0.500020
vn 0.958903 -0.224384 0.173657
vn 0.958903 -0.224384 -0.173657
vn 0.843241 -0.197319 -0.500010
vn 0.625871 -0.146455 -0.766052
vn 0.333030 -0.077929 -0.939691
vn -0.333015 0.077926 -0.939696
vn -0.625886 0.146458 -0.766039
vn -0.843242 0.197319 -0.500008
vn -0.958904 0.224384 -0.173652
vn -0.965681 0.193135 0.173665
vn -0.849210 0.169841 0.499997
vn -0.630305 0.126060 0.766045
vn -0.335377 0.067075 0.939693
vn 0.335377 -0.067075 0.939693
vn 0.630315 -0.126063 0.766036
vn 0.849201 -0.169839 0.500013
vn 0.965683 -0.193137 0.173649
vn 0.965683 -0.193137 -0.173648
vn 0.849206 -0.169840 -0.500004
vn 0.630292 -0.126057 -0.766056
vn 0.335384 -0.067076 -0.939691
vn -0.335377 0.067075 -0.939693
vn -0.630305 0.126060 -0.766045
vn -0.849210 0.169841 -0.499997
vn -0.965681 0.193135 -0.173665
vn -0.971621 0.160614 0.173653
vn -0.854433 0.141243 0.499995
vn -0.634179 0.104834 0.766046
vn -0.337442 0.055782 0.939692
vn 0.337441 -0.055781 0.939693
vn 0.634181 -0.104834 0.766045
vn 0.854422 -0.141241 0.500014
vn 0.971624 -0.160614 0.173636
vn 0.971624 -0.160614 -0.173636
vn 0.854427 -0.141241 -0.500005
vn 0.634168 -0.104832 -0.766056
vn 0.337441 -0.055781 -0.939693
vn -0.337442 0.055782 -0.939692
vn -0.634179 0.104834 -0.766046
vn -0.854432 0.141243 -0.499995
vn -0.971621 0.160614 -0.173654
vn -0.976602 0.126858 0.173656
vn -0.858820 0.111558 0.499984
vn -0.637430 0.082800 0.766046
vn -0.339170 0.044057 0.939693
vn 0.339169 -0.044057 0.939693
vn 0.637432 -0.082800 0.766045
vn 0.858801 -0.111556 0.500016
vn 0.976604 -0.126858 0.173640
vn 0.976604 -0.126858 -0.173640
vn 0.858806 -0.111556 -0.500007
vn 0.637419 -0.082798 -0.766056
vn 0.339169 -0.044057 -0.939693
vn -0.339170 0.044057 -0.939693
vn -0.637430 0.082800 -0.766046
vn -0.858820 0.111558 -0.499984
vn -0.976602 0.126858 -0.173656
vn -0.980507 0.091923 0.173654
vn -0.862245 0.080835 0.499998
vn -0.639987 0.059998 0.766040
vn -0.340521 0.031924 0.939695
vn 0.340520 -0.031924 0.939695
vn 0.639989 -0.059999 0.766038
vn 0.862235 -0.080834 0.500016
vn 0.980511 -0.091923 0.173634
vn 0.980511 -0.091923 -0.173634
vn 0.862241 -0.080835 -0.500007
vn 0.639976 -0.059998 -0.766049
vn 0.340520 -0.031924 -0.939695
vn -0.340521 0.031924 -0.939695
vn -0.639987 0.059998 -0.766040
vn -0.862245 0.080835 -0.499998
vn -0.980507 0.091923 -0.173654
vn -0.983223 0.055889 0.173632
vn -0.864622 0.049148 0.500013
vn -0.641758 0.036479 0.766039
vn -0.341462 0.019410 0.939695
vn 0.341462 -0.019410 0.939695
vn 0.641758 -0.036479 0.766039
vn 0.864622 -0.049147 0.500014
vn 0.983223 -0.055889 0.173632
vn 0.983223 -0.055889 -0.173632
vn 0.864627 -0.049148 -0.500005
vn 0.641746 -0.036479 -0.766050
vn 0.341462 -0.019410 -0.939695
vn -0.341462 0.019410 -0.939695
vn -0.641758 0.036479 -0.766039
vn -0.864622 0.049148 -0.500013
vn -0.983223 0.055889 -0.173632
vn -0.984810 -0.001641 0.173626
vn -0.866021 -0.001443 0.500006
vn -0.642784 -0.001071 0.766047
vn -0.342016 -0.000570 0.939694
vn 0.342016 0.000570 0.939694
vn 0.642784 0.001071 0.766047
vn 0.866021 0.001443 0.500006
vn 0.984807 0.001642 0.173647
vn 0.984807 0.001642 -0.173647
vn 0.866026 0.001443 -0.499996
vn 0.642771 0.001071 -0.766058
vn 0.342016 0.000570 -0.939694
vn -0.342016 -0.000570 -0.939694
vn -0.642784 -0.001071 -0.766047
vn -0.866021 -0.001443 -0.500006
vn -0.984810 -0.001641 -0.173626
vn -0.982184 -0.071843 0.173646
vn -0.863721 -0.063179 0.499995
vn -0.641066 -0.046892 0.766052
vn -0.341109 -0.024951 0.939693
vn 0.341101 0.024951 0.939695
vn 0.641078 0.046893 0.766042
vn 0.863710 0.063177 0.500014
vn 0.982184 0.071843 0.173644
vn 0.982184 0.071843 -0.173644
vn 0.863715 0.063178 -0.500004
vn 0.641065 0.046892 -0.766052
vn 0.341101 0.024951 -0.939695
vn -0.341109 -0.024951 -0.939693
vn -0.641066 -0.046892 -0.766052
vn -0.863721 -0.063179 -0.499995
vn -0.982184 -0.071843 -0.173646
vn -0.976504 -0.127580 0.173677
vn -0.858736 -0.112194 0.499985
vn -0.637360 -0.083271 0.766053
vn -0.339140 -0.044308 0.939692
vn 0.339133 0.044308 0.939694
vn 0.637383 0.083274 0.766034
vn 0.858716 0.112190 0.500020
vn 0.976511 0.127580 0.173634
vn 0.976511 0.127580 -0.173635
vn 0.858720 0.112191 -0.500013
vn 0.637372 0.083272 -0.766044
vn 0.339133 0.044308 -0.939694
vn -0.339140 -0.044308 -0.939692
vn -0.637360 -0.083271 -0.766053
vn -0.858736 -0.112194 -0.499985
vn -0.976504 -0.127580 -0.173677
vn -0.970460 -0.167479 0.173659
vn -0.853405 -0.147279 0.500009
vn -0.633422 -0.109315 0.766047
vn -0.337037 -0.058165 0.939693
vn -0.336285 -0.062256 0.939700
vn 0.337039 0.058165 0.939692
vn 0.336286 0.062256 0.939700
vn 0.633430 0.109315 0.766039
vn 0.853396 0.147277 0.500025
vn 0.970465 0.167481 0.173634
vn 0.970464 0.167481 -0.173634
vn 0.853400 0.147278 -0.500018
vn 0.633420 0.109314 -0.766048
vn 0.337039 0.058165 -0.939692
vn 0.336286 0.062256 -0.939700
vn -0.337037 -0.058165 -0.939693
vn -0.336285 -0.062256 -0.939700
vn -0.633422 -0.109315 -0.766047
vn -0.853405 -0.147279 -0.500008
vn -0.970460 -0.167479 -0.173659
vn -0.966102 -0.191036 0.173642
vn -0.965389 -0.194605 0.173645
vn -0.849569 -0.167992 0.500011
vn -0.848943 -0.171131 0.500010
vn -0.630573 -0.124688 0.766049
vn -0.630106 -0.127017 0.766050
vn -0.335278 -0.067586 0.939692
vn 0.335277 0.067586 0.939692
vn 0.630571 0.124688 0.766050
vn 0.630105 0.127018 0.766051
vn 0.849569 0.167992 0.500011
vn 0.848943 0.171131 0.500010
vn 0.966103 0.191035 0.173638
vn 0.965390 0.194604 0.173644
vn 0.966103 0.191035 -0.173638
vn 0.965390 0.194604 -0.173644
vn 0.849574 0.167993 -0.500001
vn 0.848949 0.171132 -0.500000
vn 0.630558 0.124686 -0.766061
vn 0.630092 0.127015 -0.766062
vn 0.335277 0.067586 -0.939692
vn -0.335278 -0.067586 -0.939692
vn -0.630573 -0.124688 -0.766049
vn -0.630106 -0.127017 -0.766050
vn -0.849569 -0.167992 -0.500011
vn -0.848943 -0.171131 -0.500010
vn -0.966102 -0.191036 -0.173642
vn -0.965389 -0.194605 -0.173645
vn -0.965600 -0.193562 0.173642
vn -0.849127 -0.170214 0.500010
vn -0.630246 -0.126337 0.766048
vn -0.335346 -0.067223 0.939694
vn 0.335346 0.067223 0.939694
vn 0.630246 0.126337 0.766048
vn 0.849127 0.170214 0.500010
vn 0.965599 0.193561 0.173644
vn 0.965599 0.193561 -0.173644
vn 0.849133 0.170215 -0.500001
vn 0.630233 0.126335 -0.766059
vn 0.335346 0.067223 -0.939694
vn -0.335346 -0.067223 -0.939694
vn -0.630246 -0.126337 -0.766048
vn -0.849127 -0.170214 -0.500010
vn -0.965600 -0.193562 -0.173642
vn -0.966514 -0.188948 0.173634
vn -0.849931 -0.166156 0.500009
vn -0.630850 -0.123327 0.766041
vn -0.336471 -0.061196 0.939703
vn 0.336471 0.061195 0.939703
vn 0.630850 0.123328 0.766041
vn 0.849931 0.166157 0.500009
vn 0.966514 0.188947 0.173636
vn 0.966514 0.188947 -0.173636
vn 0.849937 0.166158 -0.499999
vn 0.630837 0.123325 -0.766052
vn 0.336471 0.061195 -0.939703
vn -0.336471 -0.061196 -0.939703
vn -0.630850 -0.123327 -0.766041
vn -0.849931 -0.166156 -0.500009
vn -0.966514 -0.188948 -0.173634
vn -0.971150 -0.163463 0.173630
vn -0.854008 -0.143747 0.500007
vn -0.633871 -0.106693 0.766044
vn -0.337272 -0.056770 0.939694
vn 0.337272 0.056769 0.939694
vn 0.633881 0.106694 0.766036
vn 0.854010 0.143745 0.500005
vn 0.971146 0.163463 0.173652
vn 0.971146 0.163463 -0.173652
vn 0.854015 0.143746 -0.499996
vn 0.633868 0.106692 -0.766047
vn 0.337272 0.056769 -0.939694
vn -0.337272 -0.056770 -0.939694
vn -0.633871 -0.106693 -0.766044
vn -0.854008 -0.143747 -0.500007
vn -0.971150 -0.163463 -0.173630
vn -0.977228 -0.121974 0.173632
vn -0.859346 -0.107260 0.500019
vn -0.637842 -0.079613 0.766042
vn -0.638294 -0.075872 0.766045
vn -0.339385 -0.042361 0.939693
vn -0.339622 -0.040370 0.939695
vn 0.339384 0.042360 0.939694
vn 0.339625 0.040370 0.939694
vn 0.637841 0.079613 0.766042
vn 0.638283 0.075871 0.766054
vn 0.859356 0.107263 0.500002
vn 0.977224 0.121973 0.173654
vn 0.977224 0.121973 -0.173654
vn 0.859362 0.107264 -0.499992
vn 0.637828 0.079612 -0.766053
vn 0.638270 0.075869 -0.766065
vn 0.339384 0.042360 -0.939694
vn 0.339625 0.040370 -0.939694
vn -0.339385 -0.042361 -0.939693
vn -0.339622 -0.040370 -0.939695
vn -0.637842 -0.079613 -0.766042
vn -0.638294 -0.075872 -0.766045
vn -0.859346 -0.107260 -0.500019
vn -0.977228 -0.121974 -0.173632
vn -0.978589 -0.110509 0.173644
vn -0.860544 -0.097179 0.500020
vn -0.638736 -0.072130 0.766037
vn -0.339439 -0.041788 0.939699
vn 0.339446 0.041789 0.939697
vn 0.638715 0.072128 0.766055
vn 0.860554 0.097179 0.500004
vn 0.978592 0.110509 0.173623
vn 0.978592 0.110509 -0.173623
vn 0.860559 0.097180 -0.499994
vn 0.638702 0.072126 -0.766066
vn 0.339446 0.041789 -0.939697
vn -0.339443 -0.041788 -0.939698
vn -0.638736 -0.072130 -0.766037
vn -0.860544 -0.097179 -0.500020
vn -0.978589 -0.110509 -0.173644
vn -0.976170 -0.130139 0.173655
vn -0.975810 -0.132816 0.173652
vn -0.858423 -0.114441 0.500013
vn -0.858104 -0.116795 0.500017
vn -0.637152 -0.084943 0.766043
vn -0.636916 -0.086690 0.766044
vn -0.338892 -0.046126 0.939694
vn 0.338892 0.046126 0.939694
vn 0.637152 0.084943 0.766043
vn 0.636921 0.086690 0.766039
vn 0.858424 0.114441 0.500012
vn 0.858107 0.116795 0.500012
vn 0.976173 0.130140 0.173635
vn 0.975812 0.132816 0.173642
vn 0.976173 0.130140 -0.173635
vn 0.975812 0.132816 -0.173642
vn 0.858429 0.114442 -0.500002
vn 0.858112 0.116796 -0.500002
vn 0.637139 0.084941 -0.766054
vn 0.636909 0.086689 -0.766050
vn 0.338892 0.046126 -0.939694
vn -0.338899 -0.046127 -0.939691
vn -0.637152 -0.084943 -0.766043
vn -0.636916 -0.086690 -0.766044
vn -0.858423 -0.114441 -0.500013
vn -0.858104 -0.116795 -0.500017
vn -0.976170 -0.130139 -0.173655
vn -0.975810 -0.132816 -0.173652
vn -0.976063 -0.130952 0.173646
vn -0.858324 -0.115155 0.500020
vn -0.637082 -0.085472 0.766043
vn -0.338979 -0.045478 0.939694
vn 0.338972 0.045477 0.939697
vn 0.637087 0.085473 0.766038
vn 0.858328 0.115156 0.500012
vn 0.976062 0.130951 0.173650
vn 0.976062 0.130951 -0.173650
vn 0.858334 0.115156 -0.500003
vn 0.637074 0.085471 -0.766049
vn 0.338972 0.045477 -0.939697
vn -0.338982 -0.045479 -0.939693
vn -0.637082 -0.085472 -0.766043
vn -0.858324 -0.115155 -0.500020
vn -0.976063 -0.130952 -0.173646
vn -0.976663 -0.126409 0.173640
vn -0.858853 -0.111160 0.500014
vn -0.637480 -0.082508 0.766037
vn -0.339665 -0.039859 0.939702
vn 0.339662 0.039859 0.939703
vn 0.637480 0.082508 0.766037
vn 0.858857 0.111161 0.500007
vn 0.976661 0.126409 0.173649
vn 0.976661 0.126409 -0.173649
vn 0.858863 0.111162 -0.499997
vn 0.637467 0.082507 -0.766048
vn 0.339662 0.039859 -0.939703
vn -0.339665 -0.039859 -0.939702
vn -0.637480 -0.082508 -0.766037
vn -0.858853 -0.111160 -0.500014
vn -0.976663 -0.126409 -0.173640
vn -0.979394 -0.103131 0.173639
vn -0.861262 -0.090691 0.500002
vn -0.639256 -0.067314 0.766042
vn -0.340135 -0.035817 0.939694
vn 0.340136 0.035817 0.939694
vn 0.639262 0.067315 0.766037
vn 0.861257 0.090691 0.500011
vn 0.979393 0.103131 0.173648
vn 0.979393 0.103131 -0.173648
vn 0.861263 0.090692 -0.500002
vn 0.639249 0.067313 -0.766048
vn 0.340136 0.035817 -0.939694
vn -0.340135 -0.035817 -0.939694
vn -0.639256 -0.067314 -0.766042
vn -0.861263 -0.090691 -0.500002
vn -0.979394 -0.103131 -0.173639
vn -0.982570 -0.066364 0.173643
vn -0.864055 -0.058359 0.500003
vn -0.641326 -0.043316 0.766045
vn -0.341242 -0.023048 0.939693
vn 0.341242 0.023048 0.939693
vn 0.641331 0.043316 0.766040
vn 0.864050 0.058359 0.500012
vn 0.982570 0.066364 0.173642
vn 0.982570 0.066364 -0.173642
vn 0.864056 0.058360 -0.500002
vn 0.641319 0.043316 -0.766051
vn 0.341242 0.023048 -0.939693
vn -0.341242 -0.023048 -0.939693
vn -0.641326 -0.043316 -0.766045
vn -0.864055 -0.058359 -0.500003
vn -0.982570 -0.066364 -0.173643
vn -0.984655 -0.017411 0.173643
vn -0.865883 -0.015311 0.500012
vn -0.642689 -0.011364 0.766043
vn -0.341967 -0.006047 0.939693
vn 0.341967 0.006047 0.939693
vn 0.642688 0.011364 0.766043
vn 0.865883 0.015311 0.500012
vn 0.984655 0.017411 0.173644
vn 0.984655 0.017411 -0.173644
vn 0.865889 0.015311 -0.500002
vn 0.642676 0.011364 -0.766054
vn 0.341967 0.006047 -0.939693
vn -0.341967 -0.006047 -0.939693
vn -0.642689 -0.011364 -0.766043
vn -0.865883 -0.015311 -0.500012
vn -0.984655 -0.017411 -0.173643
vn -0.983924 0.041699 0.173651
vn -0.865244 0.036669 0.500008
vn -0.642215 0.027217 0.766041
vn -0.341713 0.014482 0.939693
vn 0.341709 -0.014482 0.939694
vn 0.642215 -0.027217 0.766041
vn 0.865244 -0.036670 0.500008
vn 0.983924 -0.041700 0.173651
vn 0.983924 -0.041700 -0.173651
vn 0.865250 -0.036670 -0.499998
vn 0.642202 -0.027217 -0.766052
vn 0.341709 -0.014482 -0.939694
vn -0.341713 0.014482 -0.939693
vn -0.642215 0.027217 -0.766041
vn -0.865244 0.036669 -0.500008
vn -0.983924 0.041699 -0.173651
vn -0.978843 0.108218 0.173651
vn -0.860779 0.095165 0.500004
vn -0.638893 0.070634 0.766047
vn -0.339951 0.037583 0.939692
vn 0.339944 -0.037583 0.939695
vn 0.638898 -0.070634 0.766042
vn 0.860779 -0.095164 0.500004
vn 0.978843 -0.108217 0.173652
vn 0.978843 -0.108217 -0.173652
vn 0.860784 -0.095164 -0.499994
vn 0.638885 -0.070633 -0.766053
vn 0.339944 -0.037583 -0.939695
vn -0.339951 0.037583 -0.939692
vn -0.638893 0.070634 -0.766047
vn -0.860779 0.095165 -0.500004
vn -0.978843 0.108218 -0.173651
vn -0.961808 0.211597 0.173645
vn -0.845800 0.186075 0.499998
vn -0.627769 0.138109 0.766049
vn -0.334034 0.073488 0.939692
vn 0.334031 -0.073487 0.939693
vn 0.627775 -0.138111 0.766044
vn 0.845791 -0.186074 0.500014
vn 0.961808 -0.211597 0.173646
vn 0.961808 -0.211597 -0.173646
vn 0.845796 -0.186075 -0.500005
vn 0.627763 -0.138108 -0.766055
vn 0.334031 -0.073487 -0.939693
vn -0.334034 0.073488 -0.939692
vn -0.627769 0.138109 -0.766049
vn -0.845800 0.186075 -0.499998
vn -0.961808 0.211597 -0.173645
vn -0.934328 0.311255 0.173642
vn -0.821634 0.273713 0.499999
vn -0.609835 0.203155 0.766048
vn -0.324492 0.108098 0.939691
vn 0.324486 -0.108097 0.939694
vn 0.609844 -0.203158 0.766040
vn 0.821625 -0.273710 0.500014
vn 0.934325 -0.311254 0.173661
vn 0.934325 -0.311254 -0.173661
vn 0.821631 -0.273712 -0.500005
vn 0.609832 -0.203154 -0.766051
vn 0.324486 -0.108097 -0.939694
vn -0.324492 0.108098 -0.939691
vn -0.609835 0.203155 -0.766048
vn -0.821634 0.273713 -0.499999
vn -0.934328 0.311255 -0.173642
vn -0.913485 0.367961 0.173640
vn -0.803302 0.323578 0.500003
vn -0.596229 0.240167 0.766048
vn -0.317253 0.127793 0.939691
vn -0.315500 0.131988 0.939702
vn 0.317247 -0.127790 0.939694
vn 0.315497 -0.131987 0.939703
vn 0.596238 -0.240170 0.766040
vn 0.803302 -0.323577 0.500003
vn 0.913481 -0.367959 0.173659
vn 0.913482 -0.367959 -0.173659
vn 0.803307 -0.323579 -0.499994
vn 0.596227 -0.240166 -0.766051
vn 0.317247 -0.127790 -0.939694
vn 0.315497 -0.131987 -0.939703
vn -0.317253 0.127793 -0.939691
vn -0.315500 0.131988 -0.939702
vn -0.596229 0.240167 -0.766048
vn -0.803302 0.323578 -0.500003
vn -0.913485 0.367961 -0.173640
vn -0.903378 0.392119 0.173640
vn -0.904070 0.390522 0.173638
vn -0.794412 0.344822 0.500007
vn -0.795017 0.343415 0.500014
vn -0.589638 0.255937 0.766044
vn -0.590089 0.254894 0.766045
vn -0.313980 0.135626 0.939693
vn 0.313979 -0.135626 0.939693
vn 0.589638 -0.255937 0.766044
vn 0.590089 -0.254895 0.766044
vn 0.794421 -0.344826 0.499991
vn 0.795030 -0.343421 0.499990
vn 0.903374 -0.392118 0.173661
vn 0.904065 -0.390520 0.173669
vn 0.903374 -0.392118 -0.173662
vn 0.904065 -0.390520 -0.173669
vn 0.794426 -0.344828 -0.499981
vn 0.795035 -0.343423 -0.499980
vn 0.589626 -0.255932 -0.766055
vn 0.590077 -0.254889 -0.766055
vn 0.313979 -0.135626 -0.939693
vn -0.313980 0.135626 -0.939693
vn -0.589638 0.255937 -0.766044
vn -0.590089 0.254894 -0.766045
vn -0.794412 0.344822 -0.500007
vn -0.795017 0.343415 -0.500014
vn -0.903378 0.392119 -0.173640
vn -0.904070 0.390522 -0.173638
vn -0.904759 0.388923 0.173636
vn -0.795620 0.342008 0.500020
vn -0.590539 0.253851 0.766044
vn -0.314220 0.135071 0.939692
vn 0.314219 -0.135071 0.939693
vn 0.590539 -0.253851 0.766044
vn 0.795637 -0.342015 0.499987
vn 0.904753 -0.388920 0.173676
vn 0.904753 -0.388920 -0.173676
vn 0.795642 -0.342018 -0.499978
vn 0.590527 -0.253846 -0.766055
vn 0.314219 -0.135071 -0.939693
vn -0.314220 0.135071 -0.939692
vn -0.590539 0.253851 -0.766044
vn -0.795620 0.342008 -0.500020
vn -0.904759 0.388923 -0.173635
vn -0.917015 0.359077 0.173630
vn -0.806396 0.315762 0.500019
vn -0.598541 0.234373 0.766040
vn -0.318475 0.124706 0.939693
vn 0.318474 -0.124705 0.939693
vn 0.598542 -0.234372 0.766039
vn 0.806406 -0.315766 0.500002
vn 0.917011 -0.359076 0.173650
vn 0.917011 -0.359076 -0.173650
vn 0.806411 -0.315768 -0.499993
vn 0.598530 -0.234368 -0.766050
vn 0.318474 -0.124705 -0.939693
vn -0.318475 0.124706 -0.939693
vn -0.598541 0.234373 -0.766040
vn -0.806396 0.315762 -0.500019
vn -0.917015 0.359077 -0.173630
vn -0.938200 0.299381 0.173644
vn -0.825032 0.263269 0.500012
vn -0.612370 0.195407 0.766041
vn -0.325834 0.103974 0.939692
vn 0.325833 -0.103974 0.939693
vn 0.612370 -0.195408 0.766041
vn 0.825032 -0.263268 0.500012
vn 0.938200 -0.299380 0.173644
vn 0.938200 -0.299380 -0.173644
vn 0.825037 -0.263270 -0.500002
vn 0.612358 -0.195404 -0.766052
vn 0.325833 -0.103974 -0.939692
vn -0.325834 0.103974 -0.939692
vn -0.612370 0.195407 -0.766041
vn -0.825032 0.263269 -0.500012
vn -0.938200 0.299381 -0.173644
vn -0.963595 0.203292 0.173659
vn -0.847365 0.178770 0.500014
vn -0.628949 0.132691 0.766039
vn -0.334650 0.070602 0.939694
vn 0.334657 -0.070603 0.939691
vn 0.628938 -0.132689 0.766048
vn 0.847365 -0.178770 0.500014
vn 0.963598 -0.203293 0.173639
vn 0.963598 -0.203293 -0.173639
vn 0.847370 -0.178771 -0.500005
vn 0.628926 -0.132686 -0.766059
vn 0.334657 -0.070603 -0.939691
vn -0.334650 0.070602 -0.939694
vn -0.628949 0.132691 -0.766039
vn -0.847365 0.178770 -0.500014
vn -0.963595 0.203292 -0.173659
vn -0.982785 0.063114 0.173636
vn -0.864232 0.055501 0.500024
vn -0.641478 0.041195 0.766035
vn -0.341312 0.021919 0.939694
vn 0.341319 -0.021919 0.939692
vn 0.641467 -0.041195 0.766044
vn 0.864241 -0.055502 0.500008
vn 0.982785 -0.063115 0.173636
vn 0.982785 -0.063115 -0.173636
vn 0.864246 -0.055502 -0.499998
vn 0.641454 -0.041194 -0.766055
vn 0.341319 -0.021919 -0.939692
vn -0.341312 0.021919 -0.939695
vn -0.641478 0.041195 -0.766035
vn -0.864232 0.055501 -0.500024
vn -0.982785 0.063114 -0.173637
vn -0.978128 -0.114536 0.173626
vn -0.860139 -0.100720 0.500017
vn -0.638421 -0.074758 0.766049
vn -0.339700 -0.039778 0.939692
vn 0.339700 0.039778 0.939692
vn 0.638431 0.074759 0.766040
vn 0.860149 0.100722 0.500000
vn 0.978124 0.114536 0.173649
vn 0.978124 0.114536 -0.173649
vn 0.860154 0.100722 -0.499990
vn 0.638418 0.074757 -0.766050
vn 0.339700 0.039778 -0.939692
vn -0.339700 -0.039778 -0.939692
vn -0.638421 -0.074758 -0.766049
vn -0.860139 -0.100720 -0.500017
vn -0.978128 -0.114536 -0.173626
vn -0.950474 -0.257768 0.173650
vn -0.835829 -0.226677 0.500007
vn -0.620371 -0.168244 0.766051
vn -0.330101 -0.089523 0.939691
vn 0.330094 0.089521 0.939694
vn 0.620383 0.168247 0.766041
vn 0.835831 0.226677 0.500005
vn 0.950473 0.257768 0.173655
vn 0.950473 0.257768 -0.173655
vn 0.835836 0.226678 -0.499995
vn 0.620370 0.168244 -0.766051
vn 0.330094 0.089521 -0.939694
vn -0.330101 -0.089523 -0.939691
vn -0.620371 -0.168244 -0.766051
vn -0.835829 -0.226677 -0.500007
vn -0.950474 -0.257768 -0.173650
vn -0.920009 -0.351323 0.173651
vn -0.809039 -0.308947 0.500007
vn -0.600491 -0.229309 0.766047
vn -0.319522 -0.122016 0.939690
vn 0.319510 0.122011 0.939695
vn 0.600501 0.229313 0.766038
vn 0.809042 0.308948 0.500001
vn 0.920009 0.351322 0.173655
vn 0.920009 0.351322 -0.173655
vn 0.809048 0.308950 -0.499992
vn 0.600488 0.229308 -0.766049
vn 0.319510 0.122011 -0.939695
vn -0.319522 -0.122016 -0.939690
vn -0.600492 -0.229309 -0.766046
vn -0.809039 -0.308947 -0.500007
vn -0.920009 -0.351323 -0.173652
vn -0.896901 -0.406715 0.173644
vn -0.788715 -0.357656 0.500011
vn -0.585412 -0.265465 0.766042
vn -0.311488 -0.141250 0.939693
vn 0.311484 0.141248 0.939695
vn 0.585419 0.265468 0.766036
vn 0.788718 0.357658 0.500004
vn 0.896900 0.406716 0.173648
vn 0.896900 0.406716 -0.173648
vn 0.788723 0.357660 -0.499995
vn 0.585408 0.265463 -0.766047
vn 0.311484 0.141248 -0.939695
vn -0.311488 -0.141250 -0.939693
vn -0.585413 -0.265465 -0.766042
vn -0.788715 -0.357656 -0.500011
vn -0.896901 -0.406715 -0.173644
vn -0.885032 -0.431938 0.173629
vn -0.885471 -0.431036 0.173633
vn -0.778275 -0.379835 0.500013
vn -0.778663 -0.379043 0.500010
vn -0.577669 -0.281930 0.766038
vn -0.577954 -0.281341 0.766039
vn -0.307363 -0.150007 0.939695
vn -0.307518 -0.149696 0.939694
vn 0.307358 0.150005 0.939696
vn 0.307513 0.149693 0.939696
vn 0.577675 0.281933 0.766032
vn 0.577958 0.281342 0.766036
vn 0.778277 0.379836 0.500009
vn 0.778664 0.379044 0.500008
vn 0.885029 0.431936 0.173652
vn 0.885468 0.431034 0.173654
vn 0.885029 0.431936 -0.173653
vn 0.885468 0.431034 -0.173654
vn 0.778282 0.379838 -0.500000
vn 0.778669 0.379046 -0.499999
vn 0.577663 0.281927 -0.766043
vn 0.577946 0.281337 -0.766047
vn 0.307358 0.150005 -0.939696
vn 0.307513 0.149693 -0.939696
vn -0.307363 -0.150008 -0.939695
vn -0.307518 -0.149696 -0.939694
vn -0.577668 -0.281930 -0.766039
vn -0.577954 -0.281341 -0.766039
vn -0.778275 -0.379835 -0.500013
vn -0.778663 -0.379043 -0.500010
vn -0.885032 -0.431938 -0.173629
vn -0.885471 -0.431036 -0.173633
vn -0.885909 -0.430134 0.173636
vn -0.779050 -0.378251 0.500007
vn -0.578240 -0.280752 0.766040
vn -0.307673 -0.149384 0.939692
vn 0.307667 0.149381 0.939695
vn 0.578240 0.280751 0.766040
vn 0.779050 0.378251 0.500007
vn 0.885906 0.430133 0.173656
vn 0.885906 0.430133 -0.173655
vn 0.779055 0.378253 -0.499997
vn 0.578229 0.280746 -0.766051
vn 0.307667 0.149381 -0.939695
vn -0.307673 -0.149384 -0.939692
vn -0.578240 -0.280752 -0.766040
vn -0.779050 -0.378251 -0.500007
vn -0.885909 -0.430134 -0.173636
vn -0.900206 -0.399346 0.173642
vn -0.791621 -0.351175 0.500013
vn -0.587570 -0.260656 0.766042
vn -0.312639 -0.138692 0.939692
vn 0.312645 0.138694 0.939690
vn 0.587557 0.260650 0.766054
vn 0.791624 0.351178 0.500006
vn 0.900206 0.399346 0.173642
vn 0.900206 0.399346 -0.173642
vn 0.791629 0.351180 -0.499996
vn 0.587545 0.260645 -0.766065
vn 0.312645 0.138694 -0.939690
vn -0.312639 -0.138692 -0.939692
vn -0.587570 -0.260656 -0.766042
vn -0.791621 -0.351175 -0.500013
vn -0.900206 -0.399346 -0.173642
vn -0.927388 -0.331359 0.173643
vn -0.815522 -0.291390 0.500015
vn -0.605307 -0.216278 0.766046
vn -0.322079 -0.115080 0.939692
vn 0.322086 0.115082 0.939690
vn 0.605304 0.216277 0.766049
vn 0.815529 0.291391 0.500004
vn 0.927390 0.331359 0.173633
vn 0.927390 0.331359 -0.173633
vn 0.815534 0.291392 -0.499995
vn 0.605291 0.216273 -0.766060
vn 0.322085 0.115082 -0.939690
vn -0.322079 -0.115080 -0.939692
vn -0.605307 -0.216279 -0.766046
vn -0.815522 -0.291390 -0.500015
vn -0.927388 -0.331359 -0.173643
vn -0.962231 -0.209659 0.173651
vn -0.846167 -0.184369 0.500009
vn -0.628050 -0.136844 0.766046
vn -0.334183 -0.072814 0.939691
vn 0.334180 0.072814 0.939693
vn 0.628053 0.136845 0.766044
vn 0.846171 0.184370 0.500003
vn 0.962233 0.209659 0.173641
vn 0.962233 0.209659 -0.173640
vn 0.846176 0.184371 -0.499993
vn 0.628035 0.136841 -0.766059
vn 0.334183 0.072814 -0.939691
vn -0.334183 -0.072814 -0.939691
vn -0.628050 -0.136844 -0.766046
vn -0.846167 -0.184369 -0.500009
vn -0.962231 -0.209659 -0.173651
vn -0.980327 -0.093840 0.173646
vn -0.862082 -0.082522 0.500005
vn -0.639862 -0.061250 0.766046
vn -0.340466 -0.032590 0.939692
vn 0.340462 0.032590 0.939693
vn 0.639866 0.061250 0.766042
vn 0.862083 0.082521 0.500003
vn 0.980327 0.093840 0.173646
vn 0.980327 0.093840 -0.173646
vn 0.862089 0.082521 -0.499994
vn 0.639848 0.061248 -0.766057
vn 0.340466 0.032591 -0.939692
vn -0.340466 -0.032590 -0.939692
vn -0.639862 -0.061250 -0.766045
vn -0.862082 -0.082522 -0.500005
vn -0.980327 -0.093840 -0.173646
vn -0.984315 -0.031149 0.173650
vn -0.865586 -0.027392 0.500011
vn -0.642471 -0.020331 0.766041
vn -0.341849 -0.010818 0.939693
vn 0.341849 0.010818 0.939693
vn 0.642471 0.020331 0.766041
vn 0.865586 0.027392 0.500011
vn 0.984315 0.031150 0.173649
vn 0.984315 0.031150 -0.173649
vn 0.865591 0.027392 -0.500001
vn 0.642458 0.020331 -0.766051
vn 0.341849 0.010818 -0.939693
vn -0.341849 -0.010818 -0.939693
vn -0.642471 -0.020331 -0.766041
vn -0.865586 -0.027392 -0.500011
vn -0.984315 -0.031149 -0.173650
vn -0.984128 0.036608 0.173642
vn -0.865418 0.032193 0.500016
vn -0.642346 0.023895 0.766042
vn -0.341786 0.012714 0.939692
vn 0.341786 -0.012714 0.939692
vn 0.642346 -0.023895 0.766042
vn 0.865418 -0.032193 0.500016
vn 0.984128 -0.036609 0.173643
vn 0.984128 -0.036609 -0.173643
vn 0.865423 -0.032193 -0.500007
vn 0.642334 -0.023894 -0.766053
vn 0.341786 -0.012714 -0.939692
vn -0.341782 0.012714 -0.939693
vn -0.642352 0.023895 -0.766037
vn -0.865418 0.032193 -0.500016
vn -0.984128 0.036608 -0.173642
vn -0.978760 0.108998 0.173635
vn -0.860697 0.095850 0.500014
vn -0.638836 0.071143 0.766046
vn -0.339924 0.037855 0.939691
vn 0.339921 -0.037854 0.939692
vn 0.638842 -0.071143 0.766042
vn 0.860697 -0.095850 0.500014
vn 0.978760 -0.108997 0.173635
vn 0.978760 -0.108997 -0.173635
vn 0.860702 -0.095850 -0.500005
vn 0.638829 -0.071141 -0.766053
vn 0.339921 -0.037854 -0.939692
vn -0.339921 0.037854 -0.939692
vn -0.638841 0.071143 -0.766042
vn -0.860697 0.095850 -0.500014
vn -0.978760 0.108998 -0.173635
vn -0.967234 0.185215 0.173647
vn -0.850566 0.162874 0.500010
vn -0.631317 0.120890 0.766045
vn -0.335918 0.064325 0.939692
vn 0.335915 -0.064324 0.939693
vn 0.631322 -0.120891 0.766040
vn 0.850568 -0.162875 0.500006
vn 0.967234 -0.185215 0.173646
vn 0.967234 -0.185215 -0.173647
vn 0.850573 -0.162876 -0.499997
vn 0.631309 -0.120889 -0.766051
vn 0.335915 -0.064324 -0.939693
vn -0.335918 0.064325 -0.939692
vn -0.631317 0.120890 -0.766045
vn -0.850566 0.162874 -0.500010
vn -0.967234 0.185215 -0.173646
vn -0.948746 0.264059 0.173648
vn -0.834305 0.232207 0.500015
vn -0.619256 0.172354 0.766040
vn -0.329494 0.091706 0.939694
vn 0.329494 -0.091706 0.939693
vn 0.619255 -0.172354 0.766040
vn 0.834314 -0.232211 0.499998
vn 0.948743 -0.264059 0.173664
vn 0.948743 -0.264059 -0.173664
vn 0.834319 -0.232213 -0.499989
vn 0.619243 -0.172351 -0.766050
vn 0.329494 -0.091706 -0.939694
vn -0.329494 0.091706 -0.939694
vn -0.619250 0.172353 -0.766044
vn -0.834309 0.232209 -0.500007
vn -0.948746 0.264059 -0.173648
vn -0.922785 0.343968 0.173650
vn -0.811481 0.302481 0.500004
vn -0.602300 0.224508 0.766049
vn -0.320480 0.119459 0.939693
vn 0.320471 -0.119456 0.939696
vn 0.602313 -0.224512 0.766038
vn 0.811488 -0.302482 0.499991
vn 0.922782 -0.343968 0.173667
vn 0.922782 -0.343968 -0.173667
vn 0.811494 -0.302484 -0.499981
vn 0.602301 -0.224508 -0.766048
vn 0.320471 -0.119456 -0.939696
vn -0.320480 0.119459 -0.939693
vn -0.602295 0.224506 -0.766053
vn -0.811485 0.302482 -0.499996
vn -0.922785 0.343968 -0.173650
vn -0.889276 0.423123 0.173655
vn -0.782015 0.372086 0.500005
vn -0.580437 0.276175 0.766042
vn -0.308837 0.146947 0.939695
vn 0.308835 -0.146945 0.939696
vn 0.580441 -0.276178 0.766038
vn 0.782022 -0.372091 0.499991
vn 0.889276 -0.423123 0.173655
vn 0.889276 -0.423123 -0.173655
vn 0.782027 -0.372093 -0.499981
vn 0.580429 -0.276172 -0.766049
vn 0.308835 -0.146945 -0.939696
vn -0.308843 0.146950 -0.939692
vn -0.580437 0.276175 -0.766042
vn -0.782015 0.372086 -0.500005
vn -0.889276 0.423123 -0.173655
vn -0.848656 0.499629 0.173649
vn -0.746291 0.439366 0.500007
vn -0.553934 0.326119 0.766031
vn -0.294727 0.173515 0.939696
vn 0.294732 -0.173518 0.939694
vn 0.553926 -0.326114 0.766039
vn 0.746292 -0.439365 0.500007
vn 0.848658 -0.499632 0.173631
vn 0.848658 -0.499632 -0.173631
vn 0.746297 -0.439368 -0.499997
vn 0.553915 -0.326108 -0.766050
vn 0.294732 -0.173519 -0.939694
vn -0.294732 0.173518 -0.939694
vn -0.553934 0.326119 -0.766031
vn -0.746292 0.439366 -0.500007
vn -0.848656 0.499629 -0.173650
vn 0.315125 0.949050 -0.000028
vn 0.315117 0.949053 0.000002
vn 0.315112 0.949054 0.000001
vn 0.315188 0.949029 -0.000052
vn 0.315228 0.949016 -0.000003
vn 0.315163 0.949038 0.000035
vn 0.315145 0.949044 0.000073
vn 0.315117 0.949053 -0.000002
vn 0.315163 0.949038 0.000035
vn 0.315170 0.949035 -0.000116
vn 0.315217 0.949020 0.000101
vn 0.315217 0.949020 0.000222
vn 0.315331 0.948982 0.000080
vn 0.315367 0.948970 -0.000094
vn 0.315170 0.949035 -0.000116
vn -0.507368 -0.861730 -0.000021
vn -0.507452 -0.861680 0.000048
vn -0.507402 -0.861709 0.000027
vn -0.507332 -0.861751 -0.000049
vn -0.507332 -0.861751 -0.000049
vn -0.507339 -0.861746 -0.000029
vn -0.507324 -0.861755 -0.000068
vn -0.507296 -0.861772 -0.000141
vn -0.507363 -0.861732 -0.000017
vn -0.507384 -0.861720 -0.000025
vn -0.507324 -0.861755 -0.000067
vn -0.507352 -0.861739 0.000006
vn -0.507356 -0.861737 -0.000011
vn -0.507348 -0.861741 -0.000004
vn -0.507405 -0.861708 -0.000033
# 962 normals

vt 0.131155 0.510181 0.000000
vt 0.141406 0.510181 0.000000
vt 0.141383 0.509754 0.000000
vt 0.131131 0.509754 0.000000
vt 0.131223 0.510557 0.000000
vt 0.141471 0.510557 0.000000
vt 0.509067 0.868672 0.000000
vt 0.505665 0.858429 0.000000
vt 0.505348 0.858529 0.000000
vt 0.508751 0.868777 0.000000
vt 0.509454 0.868544 0.000000
vt 0.506054 0.858306 0.000000
vt 0.509866 0.868407 0.000000
vt 0.506468 0.858175 0.000000
vt 0.510253 0.868278 0.000000
vt 0.506857 0.858052 0.000000
vt 0.510568 0.868174 0.000000
vt 0.507174 0.857952 0.000000
vt 0.868105 0.510181 0.000000
vt 0.857887 0.510181 0.000000
vt 0.857952 0.510557 0.000000
vt 0.868174 0.510557 0.000000
vt 0.868082 0.509754 0.000000
vt 0.857864 0.509754 0.000000
vt 0.868105 0.509327 0.000000
vt 0.857887 0.509327 0.000000
vt 0.868174 0.508951 0.000000
vt 0.857952 0.508951 0.000000
vt 0.489747 0.868278 0.000000
vt 0.493143 0.858052 0.000000
vt 0.492826 0.857952 0.000000
vt 0.489432 0.868174 0.000000
vt 0.490134 0.868407 0.000000
vt 0.493532 0.858175 0.000000
vt 0.490546 0.868544 0.000000
vt 0.493946 0.858306 0.000000
vt 0.490933 0.868672 0.000000
vt 0.494335 0.858429 0.000000
vt 0.491249 0.868777 0.000000
vt 0.494652 0.858529 0.000000
vt 0.131155 0.509327 0.000000
vt 0.141406 0.509327 0.000000
vt 0.141471 0.508951 0.000000
vt 0.131223 0.508951 0.000000
vt 0.151574 0.510181 0.000000
vt 0.151554 0.509754 0.000000
vt 0.151633 0.510557 0.000000
vt 0.502620 0.848276 0.000000
vt 0.502300 0.848367 0.000000
vt 0.503012 0.848165 0.000000
vt 0.503430 0.848046 0.000000
vt 0.503822 0.847935 0.000000
vt 0.504142 0.847844 0.000000
vt 0.847785 0.510181 0.000000
vt 0.847844 0.510557 0.000000
vt 0.847764 0.509754 0.000000
vt 0.847785 0.509327 0.000000
vt 0.847844 0.508951 0.000000
vt 0.496178 0.847935 0.000000
vt 0.495858 0.847844 0.000000
vt 0.496570 0.848046 0.000000
vt 0.496988 0.848165 0.000000
vt 0.497380 0.848276 0.000000
vt 0.497700 0.848367 0.000000
vt 0.151574 0.509327 0.000000
vt 0.151633 0.508951 0.000000
vt 0.161645 0.510181 0.000000
vt 0.161627 0.509754 0.000000
vt 0.161698 0.510557 0.000000
vt 0.499932 0.838221 0.000000
vt 0.499609 0.838302 0.000000
vt 0.500327 0.838122 0.000000
vt 0.500748 0.838017 0.000000
vt 0.501144 0.837918 0.000000
vt 0.501467 0.837837 0.000000
vt 0.837784 0.510181 0.000000
vt 0.837837 0.510557 0.000000
vt 0.837766 0.509754 0.000000
vt 0.837784 0.509327 0.000000
vt 0.837837 0.508951 0.000000
vt 0.498856 0.837918 0.000000
vt 0.498533 0.837837 0.000000
vt 0.499252 0.838017 0.000000
vt 0.499673 0.838122 0.000000
vt 0.500068 0.838221 0.000000
vt 0.500391 0.838302 0.000000
vt 0.161645 0.509327 0.000000
vt 0.161698 0.508951 0.000000
vt 0.171618 0.510181 0.000000
vt 0.171602 0.509754 0.000000
vt 0.171664 0.510557 0.000000
vt 0.497602 0.828266 0.000000
vt 0.497277 0.828336 0.000000
vt 0.498001 0.828179 0.000000
vt 0.498425 0.828087 0.000000
vt 0.498823 0.828001 0.000000
vt 0.499148 0.827930 0.000000
vt 0.827884 0.510181 0.000000
vt 0.827930 0.510557 0.000000
vt 0.827868 0.509754 0.000000
vt 0.827884 0.509327 0.000000
vt 0.827930 0.508951 0.000000
vt 0.501177 0.828001 0.000000
vt 0.500852 0.827930 0.000000
vt 0.501575 0.828087 0.000000
vt 0.501999 0.828179 0.000000
vt 0.502398 0.828266 0.000000
vt 0.502723 0.828336 0.000000
vt 0.171618 0.509327 0.000000
vt 0.171664 0.508951 0.000000
vt 0.181493 0.510181 0.000000
vt 0.181480 0.509754 0.000000
vt 0.181532 0.510557 0.000000
vt 0.495631 0.818408 0.000000
vt 0.495304 0.818468 0.000000
vt 0.496032 0.818335 0.000000
vt 0.496459 0.818257 0.000000
vt 0.496860 0.818184 0.000000
vt 0.497187 0.818124 0.000000
vt 0.818085 0.510181 0.000000
vt 0.818124 0.510557 0.000000
vt 0.818072 0.509754 0.000000
vt 0.818085 0.509327 0.000000
vt 0.818124 0.508951 0.000000
vt 0.503140 0.818184 0.000000
vt 0.502813 0.818124 0.000000
vt 0.503541 0.818257 0.000000
vt 0.503968 0.818335 0.000000
vt 0.504369 0.818408 0.000000
vt 0.504696 0.818468 0.000000
vt 0.181493 0.509327 0.000000
vt 0.181532 0.508951 0.000000
vt 0.191270 0.510181 0.000000
vt 0.191259 0.509754 0.000000
vt 0.191302 0.510557 0.000000
vt 0.494017 0.808649 0.000000
vt 0.493688 0.808698 0.000000
vt 0.494421 0.808590 0.000000
vt 0.494850 0.808527 0.000000
vt 0.495254 0.808467 0.000000
vt 0.495583 0.808419 0.000000
vt 0.808387 0.510181 0.000000
vt 0.808419 0.510557 0.000000
vt 0.808376 0.509754 0.000000
vt 0.808387 0.509327 0.000000
vt 0.808419 0.508951 0.000000
vt 0.504746 0.808467 0.000000
vt 0.504417 0.808419 0.000000
vt 0.505150 0.808527 0.000000
vt 0.505579 0.808590 0.000000
vt 0.505983 0.808649 0.000000
vt 0.506312 0.808698 0.000000
vt 0.191270 0.509327 0.000000
vt 0.191302 0.508951 0.000000
vt 0.200950 0.510181 0.000000
vt 0.200941 0.509754 0.000000
vt 0.200974 0.510557 0.000000
vt 0.492763 0.798989 0.000000
vt 0.492432 0.799026 0.000000
vt 0.493168 0.798944 0.000000
vt 0.493599 0.798896 0.000000
vt 0.494005 0.798850 0.000000
vt 0.494335 0.798814 0.000000
vt 0.798789 0.510181 0.000000
vt 0.798814 0.510557 0.000000
vt 0.798781 0.509754 0.000000
vt 0.798789 0.509327 0.000000
vt 0.798814 0.508951 0.000000
vt 0.505995 0.798850 0.000000
vt 0.505665 0.798814 0.000000
vt 0.506401 0.798896 0.000000
vt 0.506832 0.798944 0.000000
vt 0.507237 0.798989 0.000000
vt 0.507568 0.799026 0.000000
vt 0.200950 0.509327 0.000000
vt 0.200974 0.508951 0.000000
vt 0.210531 0.510181 0.000000
vt 0.210525 0.509754 0.000000
vt 0.210547 0.510557 0.000000
vt 0.491866 0.789428 0.000000
vt 0.491535 0.789453 0.000000
vt 0.492273 0.789397 0.000000
vt 0.492706 0.789365 0.000000
vt 0.493112 0.789334 0.000000
vt 0.493444 0.789309 0.000000
vt 0.789293 0.510181 0.000000
vt 0.789309 0.510557 0.000000
vt 0.789287 0.509754 0.000000
vt 0.789293 0.509327 0.000000
vt 0.789309 0.508951 0.000000
vt 0.506888 0.789334 0.000000
vt 0.506556 0.789309 0.000000
vt 0.507294 0.789365 0.000000
vt 0.507727 0.789397 0.000000
vt 0.508134 0.789428 0.000000
vt 0.508465 0.789453 0.000000
vt 0.210531 0.509327 0.000000
vt 0.210547 0.508951 0.000000
vt 0.220026 0.510181 0.000000
vt 0.220024 0.509754 0.000000
vt 0.220032 0.510557 0.000000
vt 0.491328 0.779958 0.000000
vt 0.490995 0.779968 0.000000
vt 0.491736 0.779947 0.000000
vt 0.492170 0.779935 0.000000
vt 0.492578 0.779924 0.000000
vt 0.492910 0.779915 0.000000
vt 0.779909 0.510181 0.000000
vt 0.779915 0.510557 0.000000
vt 0.779907 0.509754 0.000000
vt 0.779909 0.509327 0.000000
vt 0.779915 0.508951 0.000000
vt 0.507422 0.779924 0.000000
vt 0.507090 0.779915 0.000000
vt 0.507830 0.779935 0.000000
vt 0.508264 0.779947 0.000000
vt 0.508672 0.779958 0.000000
vt 0.509005 0.779968 0.000000
vt 0.220026 0.509327 0.000000
vt 0.220032 0.508951 0.000000
vt 0.229381 0.510181 0.000000
vt 0.229384 0.509754 0.000000
vt 0.229373 0.510557 0.000000
vt 0.491343 0.770639 0.000000
vt 0.491011 0.770627 0.000000
vt 0.491751 0.770655 0.000000
vt 0.492185 0.770671 0.000000
vt 0.492593 0.770686 0.000000
vt 0.492925 0.770698 0.000000
vt 0.770707 0.510181 0.000000
vt 0.770698 0.510557 0.000000
vt 0.770709 0.509754 0.000000
vt 0.770707 0.509327 0.000000
vt 0.770698 0.508951 0.000000
vt 0.507407 0.770686 0.000000
vt 0.507075 0.770698 0.000000
vt 0.507815 0.770671 0.000000
vt 0.508249 0.770655 0.000000
vt 0.508657 0.770639 0.000000
vt 0.508989 0.770627 0.000000
vt 0.229381 0.509327 0.000000
vt 0.229373 0.508951 0.000000
vt 0.238543 0.510181 0.000000
vt 0.238550 0.509754 0.000000
vt 0.238521 0.510557 0.000000
vt 0.492011 0.761513 0.000000
vt 0.491680 0.761479 0.000000
vt 0.492417 0.761554 0.000000
vt 0.492849 0.761598 0.000000
vt 0.493255 0.761640 0.000000
vt 0.493586 0.761673 0.000000
vt 0.761695 0.510181 0.000000
vt 0.761673 0.510557 0.000000
vt 0.761703 0.509754 0.000000
vt 0.761695 0.509327 0.000000
vt 0.761673 0.508951 0.000000
vt 0.506745 0.761640 0.000000
vt 0.506414 0.761673 0.000000
vt 0.507151 0.761598 0.000000
vt 0.507583 0.761554 0.000000
vt 0.507989 0.761513 0.000000
vt 0.508320 0.761479 0.000000
vt 0.238543 0.509327 0.000000
vt 0.238521 0.508951 0.000000
vt 0.247540 0.510181 0.000000
vt 0.247552 0.509754 0.000000
vt 0.247508 0.510557 0.000000
vt 0.493183 0.752542 0.000000
vt 0.492854 0.752492 0.000000
vt 0.493586 0.752603 0.000000
vt 0.494016 0.752668 0.000000
vt 0.494419 0.752729 0.000000
vt 0.494748 0.752779 0.000000
vt 0.752812 0.510181 0.000000
vt 0.752779 0.510557 0.000000
vt 0.752823 0.509754 0.000000
vt 0.752812 0.509327 0.000000
vt 0.752779 0.508951 0.000000
vt 0.505581 0.752729 0.000000
vt 0.505252 0.752779 0.000000
vt 0.505984 0.752668 0.000000
vt 0.506414 0.752603 0.000000
vt 0.506817 0.752542 0.000000
vt 0.507146 0.752492 0.000000
vt 0.247540 0.509327 0.000000
vt 0.247508 0.508951 0.000000
vt 0.256419 0.510181 0.000000
vt 0.256433 0.509754 0.000000
vt 0.256380 0.510557 0.000000
vt 0.494712 0.743681 0.000000
vt 0.494385 0.743620 0.000000
vt 0.495113 0.743755 0.000000
vt 0.495540 0.743834 0.000000
vt 0.495941 0.743908 0.000000
vt 0.496268 0.743969 0.000000
vt 0.744008 0.510181 0.000000
vt 0.743969 0.510557 0.000000
vt 0.744022 0.509754 0.000000
vt 0.744008 0.509327 0.000000
vt 0.743969 0.508951 0.000000
vt 0.504059 0.743908 0.000000
vt 0.503732 0.743969 0.000000
vt 0.504460 0.743834 0.000000
vt 0.504887 0.743755 0.000000
vt 0.505288 0.743681 0.000000
vt 0.505615 0.743620 0.000000
vt 0.256419 0.509327 0.000000
vt 0.256380 0.508951 0.000000
vt 0.265226 0.510181 0.000000
vt 0.265241 0.509754 0.000000
vt 0.265183 0.510557 0.000000
vt 0.496452 0.734883 0.000000
vt 0.496126 0.734817 0.000000
vt 0.496852 0.734963 0.000000
vt 0.497277 0.735049 0.000000
vt 0.497677 0.735130 0.000000
vt 0.498003 0.735195 0.000000
vt 0.735238 0.510181 0.000000
vt 0.735195 0.510557 0.000000
vt 0.735253 0.509754 0.000000
vt 0.735238 0.509327 0.000000
vt 0.735195 0.508951 0.000000
vt 0.502323 0.735130 0.000000
vt 0.501997 0.735195 0.000000
vt 0.502723 0.735049 0.000000
vt 0.503148 0.734963 0.000000
vt 0.503548 0.734883 0.000000
vt 0.503874 0.734817 0.000000
vt 0.265226 0.509327 0.000000
vt 0.265183 0.508951 0.000000
vt 0.274006 0.510181 0.000000
vt 0.274021 0.509754 0.000000
vt 0.273964 0.510557 0.000000
vt 0.498256 0.726102 0.000000
vt 0.497930 0.726036 0.000000
vt 0.498656 0.726182 0.000000
vt 0.499081 0.726267 0.000000
vt 0.499481 0.726347 0.000000
vt 0.499807 0.726413 0.000000
vt 0.726455 0.510181 0.000000
vt 0.726413 0.510557 0.000000
vt 0.726470 0.509754 0.000000
vt 0.726455 0.509327 0.000000
vt 0.726413 0.508951 0.000000
vt 0.500519 0.726347 0.000000
vt 0.500193 0.726413 0.000000
vt 0.500919 0.726267 0.000000
vt 0.501344 0.726182 0.000000
vt 0.501744 0.726102 0.000000
vt 0.502070 0.726036 0.000000
vt 0.274006 0.509327 0.000000
vt 0.273964 0.508951 0.000000
vt 0.282807 0.510181 0.000000
vt 0.282820 0.509754 0.000000
vt 0.282768 0.510557 0.000000
vt 0.499978 0.717291 0.000000
vt 0.499651 0.717232 0.000000
vt 0.500380 0.717364 0.000000
vt 0.500807 0.717442 0.000000
vt 0.501208 0.717515 0.000000
vt 0.501535 0.717574 0.000000
vt 0.717613 0.510181 0.000000
vt 0.717574 0.510557 0.000000
vt 0.717627 0.509754 0.000000
vt 0.717613 0.509327 0.000000
vt 0.717574 0.508951 0.000000
vt 0.498792 0.717515 0.000000
vt 0.498465 0.717574 0.000000
vt 0.499193 0.717442 0.000000
vt 0.499620 0.717364 0.000000
vt 0.500022 0.717291 0.000000
vt 0.500349 0.717232 0.000000
vt 0.282807 0.509327 0.000000
vt 0.282768 0.508951 0.000000
vt 0.291675 0.510181 0.000000
vt 0.291686 0.509754 0.000000
vt 0.291643 0.510557 0.000000
vt 0.501474 0.708405 0.000000
vt 0.501145 0.708357 0.000000
vt 0.501878 0.708464 0.000000
vt 0.502307 0.708527 0.000000
vt 0.502711 0.708586 0.000000
vt 0.503040 0.708634 0.000000
vt 0.708666 0.510181 0.000000
vt 0.708634 0.510557 0.000000
vt 0.708677 0.509754 0.000000
vt 0.708666 0.509327 0.000000
vt 0.708634 0.508951 0.000000
vt 0.497289 0.708586 0.000000
vt 0.496960 0.708634 0.000000
vt 0.497693 0.708527 0.000000
vt 0.498122 0.708464 0.000000
vt 0.498526 0.708405 0.000000
vt 0.498855 0.708357 0.000000
vt 0.291675 0.509327 0.000000
vt 0.291643 0.508951 0.000000
vt 0.300683 0.510181 0.000000
vt 0.300692 0.509754 0.000000
vt 0.300657 0.510557 0.000000
vt 0.502600 0.699382 0.000000
vt 0.502270 0.699343 0.000000
vt 0.503005 0.699430 0.000000
vt 0.503436 0.699481 0.000000
vt 0.503841 0.699529 0.000000
vt 0.504171 0.699569 0.000000
vt 0.699594 0.510181 0.000000
vt 0.699569 0.510557 0.000000
vt 0.699603 0.509754 0.000000
vt 0.699594 0.509327 0.000000
vt 0.699569 0.508951 0.000000
vt 0.496159 0.699529 0.000000
vt 0.495829 0.699569 0.000000
vt 0.496564 0.699481 0.000000
vt 0.496995 0.699430 0.000000
vt 0.497400 0.699382 0.000000
vt 0.497730 0.699343 0.000000
vt 0.300683 0.509327 0.000000
vt 0.300657 0.508951 0.000000
vt 0.309741 0.510181 0.000000
vt 0.309750 0.509754 0.000000
vt 0.309715 0.510557 0.000000
vt 0.503623 0.690326 0.000000
vt 0.503293 0.690285 0.000000
vt 0.504028 0.690376 0.000000
vt 0.504458 0.690429 0.000000
vt 0.504863 0.690479 0.000000
vt 0.505193 0.690519 0.000000
vt 0.690546 0.510181 0.000000
vt 0.690519 0.510557 0.000000
vt 0.690555 0.509754 0.000000
vt 0.690546 0.509327 0.000000
vt 0.690519 0.508951 0.000000
vt 0.495137 0.690479 0.000000
vt 0.494807 0.690519 0.000000
vt 0.495542 0.690429 0.000000
vt 0.495972 0.690376 0.000000
vt 0.496377 0.690326 0.000000
vt 0.496707 0.690285 0.000000
vt 0.309741 0.509327 0.000000
vt 0.309715 0.508951 0.000000
vt 0.318716 0.510181 0.000000
vt 0.318727 0.509754 0.000000
vt 0.318687 0.510557 0.000000
vt 0.504818 0.681358 0.000000
vt 0.504489 0.681313 0.000000
vt 0.505223 0.681413 0.000000
vt 0.505653 0.681471 0.000000
vt 0.506057 0.681526 0.000000
vt 0.506386 0.681571 0.000000
vt 0.681600 0.510181 0.000000
vt 0.681571 0.510557 0.000000
vt 0.681610 0.509754 0.000000
vt 0.681600 0.509327 0.000000
vt 0.681571 0.508951 0.000000
vt 0.493943 0.681526 0.000000
vt 0.493614 0.681571 0.000000
vt 0.494347 0.681471 0.000000
vt 0.494777 0.681413 0.000000
vt 0.495182 0.681358 0.000000
vt 0.495511 0.681313 0.000000
vt 0.318716 0.509327 0.000000
vt 0.318687 0.508951 0.000000
vt 0.327648 0.510181 0.000000
vt 0.327658 0.509754 0.000000
vt 0.327619 0.510557 0.000000
vt 0.506059 0.672425 0.000000
vt 0.505730 0.672381 0.000000
vt 0.506463 0.672479 0.000000
vt 0.506894 0.672537 0.000000
vt 0.507298 0.672591 0.000000
vt 0.507627 0.672635 0.000000
vt 0.672664 0.510181 0.000000
vt 0.672635 0.510557 0.000000
vt 0.672674 0.509754 0.000000
vt 0.672664 0.509327 0.000000
vt 0.672635 0.508951 0.000000
vt 0.492702 0.672591 0.000000
vt 0.492373 0.672635 0.000000
vt 0.493106 0.672537 0.000000
vt 0.493537 0.672479 0.000000
vt 0.493941 0.672425 0.000000
vt 0.494270 0.672381 0.000000
vt 0.327648 0.509327 0.000000
vt 0.327619 0.508951 0.000000
vt 0.336603 0.510181 0.000000
vt 0.336612 0.509754 0.000000
vt 0.336577 0.510557 0.000000
vt 0.507219 0.663461 0.000000
vt 0.506889 0.663423 0.000000
vt 0.507625 0.663509 0.000000
vt 0.508056 0.663559 0.000000
vt 0.508461 0.663607 0.000000
vt 0.508791 0.663646 0.000000
vt 0.663671 0.510181 0.000000
vt 0.663646 0.510557 0.000000
vt 0.663680 0.509754 0.000000
vt 0.663671 0.509327 0.000000
vt 0.663646 0.508951 0.000000
vt 0.491539 0.663607 0.000000
vt 0.491209 0.663646 0.000000
vt 0.491944 0.663559 0.000000
vt 0.492375 0.663509 0.000000
vt 0.492781 0.663461 0.000000
vt 0.493111 0.663423 0.000000
vt 0.336603 0.509327 0.000000
vt 0.336577 0.508951 0.000000
vt 0.345647 0.510181 0.000000
vt 0.345653 0.509754 0.000000
vt 0.345628 0.510557 0.000000
vt 0.508174 0.654401 0.000000
vt 0.507842 0.654372 0.000000
vt 0.508580 0.654436 0.000000
vt 0.509012 0.654473 0.000000
vt 0.509419 0.654508 0.000000
vt 0.509750 0.654537 0.000000
vt 0.654555 0.510181 0.000000
vt 0.654537 0.510557 0.000000
vt 0.654562 0.509754 0.000000
vt 0.654555 0.509327 0.000000
vt 0.654537 0.508951 0.000000
vt 0.490581 0.654508 0.000000
vt 0.490250 0.654537 0.000000
vt 0.490988 0.654473 0.000000
vt 0.491420 0.654436 0.000000
vt 0.491826 0.654401 0.000000
vt 0.492158 0.654372 0.000000
vt 0.345647 0.509327 0.000000
vt 0.345628 0.508951 0.000000
vt 0.354848 0.510181 0.000000
vt 0.354851 0.509754 0.000000
vt 0.354838 0.510557 0.000000
vt 0.508797 0.645176 0.000000
vt 0.508464 0.645162 0.000000
vt 0.509204 0.645193 0.000000
vt 0.509638 0.645212 0.000000
vt 0.510045 0.645229 0.000000
vt 0.510378 0.645243 0.000000
vt 0.645252 0.510181 0.000000
vt 0.645243 0.510557 0.000000
vt 0.645256 0.509754 0.000000
vt 0.645252 0.509327 0.000000
vt 0.645243 0.508951 0.000000
vt 0.489955 0.645229 0.000000
vt 0.489622 0.645243 0.000000
vt 0.490362 0.645212 0.000000
vt 0.490796 0.645193 0.000000
vt 0.491203 0.645176 0.000000
vt 0.491536 0.645162 0.000000
vt 0.354848 0.509327 0.000000
vt 0.354838 0.508951 0.000000
vt 0.364273 0.510181 0.000000
vt 0.364273 0.509754 0.000000
vt 0.364276 0.510557 0.000000
vt 0.508964 0.635720 0.000000
vt 0.508631 0.635724 0.000000
vt 0.509372 0.635715 0.000000
vt 0.509806 0.635709 0.000000
vt 0.510214 0.635704 0.000000
vt 0.510546 0.635700 0.000000
vt 0.635697 0.510181 0.000000
vt 0.635700 0.510557 0.000000
vt 0.635697 0.509754 0.000000
vt 0.635697 0.509327 0.000000
vt 0.635700 0.508951 0.000000
vt 0.489786 0.635704 0.000000
vt 0.489454 0.635700 0.000000
vt 0.490194 0.635709 0.000000
vt 0.490628 0.635715 0.000000
vt 0.491036 0.635720 0.000000
vt 0.491369 0.635724 0.000000
vt 0.364273 0.509327 0.000000
vt 0.364276 0.508951 0.000000
vt 0.373994 0.510181 0.000000
vt 0.373988 0.509754 0.000000
vt 0.374010 0.510557 0.000000
vt 0.508550 0.625964 0.000000
vt 0.508219 0.625990 0.000000
vt 0.508957 0.625933 0.000000
vt 0.509390 0.625900 0.000000
vt 0.509797 0.625869 0.000000
vt 0.510129 0.625844 0.000000
vt 0.625827 0.510181 0.000000
vt 0.625844 0.510557 0.000000
vt 0.625822 0.509754 0.000000
vt 0.625827 0.509327 0.000000
vt 0.625844 0.508951 0.000000
vt 0.490203 0.625869 0.000000
vt 0.489871 0.625844 0.000000
vt 0.490610 0.625900 0.000000
vt 0.491043 0.625933 0.000000
vt 0.491450 0.625964 0.000000
vt 0.491781 0.625990 0.000000
vt 0.373994 0.509327 0.000000
vt 0.374010 0.508951 0.000000
vt 0.384058 0.510181 0.000000
vt 0.384046 0.509754 0.000000
vt 0.384093 0.510557 0.000000
vt 0.507432 0.615852 0.000000
vt 0.507104 0.615907 0.000000
vt 0.507835 0.615786 0.000000
vt 0.508264 0.615715 0.000000
vt 0.508667 0.615649 0.000000
vt 0.508996 0.615595 0.000000
vt 0.615560 0.510181 0.000000
vt 0.615595 0.510557 0.000000
vt 0.615547 0.509754 0.000000
vt 0.615560 0.509327 0.000000
vt 0.615595 0.508951 0.000000
vt 0.491333 0.615649 0.000000
vt 0.491004 0.615595 0.000000
vt 0.491736 0.615715 0.000000
vt 0.492165 0.615786 0.000000
vt 0.492568 0.615852 0.000000
vt 0.492896 0.615907 0.000000
vt 0.384058 0.509327 0.000000
vt 0.384093 0.508951 0.000000
vt 0.394536 0.510181 0.000000
vt 0.394516 0.509754 0.000000
vt 0.394593 0.510557 0.000000
vt 0.505115 0.605318 0.000000
vt 0.504794 0.605407 0.000000
vt 0.505509 0.605210 0.000000
vt 0.505928 0.605094 0.000000
vt 0.506321 0.604985 0.000000
vt 0.506642 0.604897 0.000000
vt 0.604839 0.510181 0.000000
vt 0.604897 0.510557 0.000000
vt 0.604819 0.509754 0.000000
vt 0.604839 0.509327 0.000000
vt 0.604897 0.508951 0.000000
vt 0.493679 0.604985 0.000000
vt 0.493358 0.604897 0.000000
vt 0.494072 0.605094 0.000000
vt 0.494491 0.605210 0.000000
vt 0.494885 0.605318 0.000000
vt 0.495206 0.605407 0.000000
vt 0.394536 0.509327 0.000000
vt 0.394593 0.508951 0.000000
vt 0.405439 0.510181 0.000000
vt 0.405413 0.509754 0.000000
vt 0.405514 0.510557 0.000000
vt 0.501468 0.594371 0.000000
vt 0.501156 0.594486 0.000000
vt 0.501851 0.594230 0.000000
vt 0.502259 0.594081 0.000000
vt 0.502641 0.593940 0.000000
vt 0.502954 0.593825 0.000000
vt 0.593750 0.510181 0.000000
vt 0.593825 0.510557 0.000000
vt 0.593724 0.509754 0.000000
vt 0.593750 0.509327 0.000000
vt 0.593825 0.508951 0.000000
vt 0.497359 0.593940 0.000000
vt 0.497046 0.593825 0.000000
vt 0.497741 0.594081 0.000000
vt 0.498149 0.594230 0.000000
vt 0.498532 0.594371 0.000000
vt 0.498844 0.594486 0.000000
vt 0.405439 0.509327 0.000000
vt 0.405514 0.508951 0.000000
vt 0.416706 0.510181 0.000000
vt 0.416677 0.509754 0.000000
vt 0.416789 0.510557 0.000000
vt 0.496921 0.583082 0.000000
vt 0.496614 0.583211 0.000000
vt 0.497297 0.582925 0.000000
vt 0.497697 0.582757 0.000000
vt 0.498074 0.582600 0.000000
vt 0.498380 0.582472 0.000000
vt 0.582388 0.510181 0.000000
vt 0.582472 0.510557 0.000000
vt 0.582359 0.509754 0.000000
vt 0.582388 0.509327 0.000000
vt 0.582472 0.508951 0.000000
vt 0.501926 0.582600 0.000000
vt 0.501620 0.582472 0.000000
vt 0.502303 0.582757 0.000000
vt 0.502703 0.582925 0.000000
vt 0.503079 0.583082 0.000000
vt 0.503386 0.583211 0.000000
vt 0.416706 0.509327 0.000000
vt 0.416789 0.508951 0.000000
vt 0.428246 0.510181 0.000000
vt 0.428216 0.509754 0.000000
vt 0.428332 0.510557 0.000000
vt 0.491909 0.571536 0.000000
vt 0.491604 0.571668 0.000000
vt 0.492283 0.571374 0.000000
vt 0.492682 0.571202 0.000000
vt 0.493056 0.571041 0.000000
vt 0.493361 0.570909 0.000000
vt 0.570823 0.510181 0.000000
vt 0.570909 0.510557 0.000000
vt 0.570793 0.509754 0.000000
vt 0.570823 0.509327 0.000000
vt 0.570909 0.508951 0.000000
vt 0.506944 0.571041 0.000000
vt 0.506639 0.570909 0.000000
vt 0.507318 0.571202 0.000000
vt 0.507717 0.571374 0.000000
vt 0.508091 0.571536 0.000000
vt 0.508396 0.571668 0.000000
vt 0.428246 0.509327 0.000000
vt 0.428332 0.508951 0.000000
vt 0.439977 0.510181 0.000000
vt 0.439949 0.509754 0.000000
vt 0.440060 0.510557 0.000000
vt 0.486870 0.559814 0.000000
vt 0.486563 0.559940 0.000000
vt 0.487247 0.559659 0.000000
vt 0.487649 0.559494 0.000000
vt 0.488026 0.559339 0.000000
vt 0.488334 0.559213 0.000000
vt 0.559130 0.510181 0.000000
vt 0.559213 0.510557 0.000000
vt 0.559102 0.509754 0.000000
vt 0.559130 0.509327 0.000000
vt 0.559213 0.508951 0.000000
vt 0.511974 0.559339 0.000000
vt 0.511666 0.559213 0.000000
vt 0.512351 0.559494 0.000000
vt 0.512753 0.559659 0.000000
vt 0.513130 0.559814 0.000000
vt 0.513438 0.559940 0.000000
vt 0.439977 0.509327 0.000000
vt 0.440060 0.508951 0.000000
vt 0.451822 0.510181 0.000000
vt 0.451797 0.509754 0.000000
vt 0.451894 0.510557 0.000000
vt 0.482242 0.547994 0.000000
vt 0.481928 0.548106 0.000000
vt 0.482626 0.547858 0.000000
vt 0.483036 0.547713 0.000000
vt 0.483420 0.547576 0.000000
vt 0.483734 0.547465 0.000000
vt 0.547392 0.510181 0.000000
vt 0.547465 0.510557 0.000000
vt 0.547367 0.509754 0.000000
vt 0.547392 0.509327 0.000000
vt 0.547465 0.508951 0.000000
vt 0.516580 0.547576 0.000000
vt 0.516266 0.547465 0.000000
vt 0.516964 0.547713 0.000000
vt 0.517374 0.547858 0.000000
vt 0.517758 0.547994 0.000000
vt 0.518072 0.548106 0.000000
vt 0.451822 0.509327 0.000000
vt 0.451894 0.508951 0.000000
vt 0.463706 0.510181 0.000000
vt 0.463686 0.509754 0.000000
vt 0.463761 0.510557 0.000000
vt 0.478464 0.536154 0.000000
vt 0.478142 0.536239 0.000000
vt 0.478858 0.536049 0.000000
vt 0.479278 0.535938 0.000000
vt 0.479673 0.535834 0.000000
vt 0.479995 0.535749 0.000000
vt 0.535693 0.510181 0.000000
vt 0.535749 0.510557 0.000000
vt 0.535674 0.509754 0.000000
vt 0.535693 0.509327 0.000000
vt 0.535749 0.508951 0.000000
vt 0.520327 0.535834 0.000000
vt 0.520005 0.535749 0.000000
vt 0.520722 0.535938 0.000000
vt 0.521142 0.536049 0.000000
vt 0.521536 0.536154 0.000000
vt 0.521858 0.536239 0.000000
vt 0.463706 0.509327 0.000000
vt 0.463761 0.508951 0.000000
vt 0.475558 0.510181 0.000000
vt 0.475548 0.509754 0.000000
vt 0.475588 0.510557 0.000000
vt 0.475977 0.524367 0.000000
vt 0.475647 0.524412 0.000000
vt 0.476382 0.524312 0.000000
vt 0.476813 0.524253 0.000000
vt 0.477218 0.524197 0.000000
vt 0.477548 0.524152 0.000000
vt 0.524122 0.510181 0.000000
vt 0.524152 0.510557 0.000000
vt 0.524112 0.509754 0.000000
vt 0.524122 0.509327 0.000000
vt 0.524152 0.508951 0.000000
vt 0.522782 0.524197 0.000000
vt 0.522452 0.524152 0.000000
vt 0.523187 0.524253 0.000000
vt 0.523618 0.524312 0.000000
vt 0.524023 0.524367 0.000000
vt 0.524353 0.524412 0.000000
vt 0.475558 0.509327 0.000000
vt 0.475588 0.508951 0.000000
vt 0.487302 0.510181 0.000000
vt 0.487304 0.509754 0.000000
vt 0.487296 0.510557 0.000000
vt 0.475228 0.512713 0.000000
vt 0.474895 0.512704 0.000000
vt 0.475638 0.512724 0.000000
vt 0.476073 0.512735 0.000000
vt 0.476483 0.512746 0.000000
vt 0.476816 0.512754 0.000000
vt 0.512760 0.510181 0.000000
vt 0.512754 0.510557 0.000000
vt 0.512762 0.509754 0.000000
vt 0.512760 0.509327 0.000000
vt 0.512754 0.508951 0.000000
vt 0.523517 0.512746 0.000000
vt 0.523184 0.512754 0.000000
vt 0.523927 0.512735 0.000000
vt 0.524362 0.512724 0.000000
vt 0.524772 0.512713 0.000000
vt 0.525105 0.512704 0.000000
vt 0.487302 0.509327 0.000000
vt 0.487296 0.508951 0.000000
vt 0.499091 0.510181 0.000000
vt 0.499105 0.509754 0.000000
vt 0.499050 0.510557 0.000000
vt 0.476598 0.501014 0.000000
vt 0.476271 0.500950 0.000000
vt 0.477000 0.501091 0.000000
vt 0.477427 0.501173 0.000000
vt 0.477829 0.501251 0.000000
vt 0.478156 0.501314 0.000000
vt 0.501355 0.510181 0.000000
vt 0.501314 0.510557 0.000000
vt 0.501370 0.509754 0.000000
vt 0.501355 0.509327 0.000000
vt 0.501314 0.508951 0.000000
vt 0.522171 0.501251 0.000000
vt 0.521844 0.501314 0.000000
vt 0.522573 0.501173 0.000000
vt 0.523000 0.501091 0.000000
vt 0.523402 0.501014 0.000000
vt 0.523729 0.500950 0.000000
vt 0.499091 0.509327 0.000000
vt 0.499050 0.508951 0.000000
vt 0.511054 0.510181 0.000000
vt 0.511077 0.509754 0.000000
vt 0.510987 0.510557 0.000000
vt 0.479825 0.489116 0.000000
vt 0.479508 0.489013 0.000000
vt 0.480213 0.489243 0.000000
vt 0.480626 0.489377 0.000000
vt 0.481015 0.489504 0.000000
vt 0.481331 0.489607 0.000000
vt 0.489674 0.510181 0.000000
vt 0.489607 0.510557 0.000000
vt 0.489697 0.509754 0.000000
vt 0.489674 0.509327 0.000000
vt 0.489607 0.508951 0.000000
vt 0.518985 0.489504 0.000000
vt 0.518669 0.489607 0.000000
vt 0.519374 0.489377 0.000000
vt 0.519787 0.489243 0.000000
vt 0.520175 0.489116 0.000000
vt 0.520492 0.489013 0.000000
vt 0.511054 0.509327 0.000000
vt 0.510987 0.508951 0.000000
vt 0.523077 0.510181 0.000000
vt 0.523106 0.509754 0.000000
vt 0.522993 0.510557 0.000000
vt 0.484400 0.477135 0.000000
vt 0.484093 0.477007 0.000000
vt 0.484777 0.477292 0.000000
vt 0.485178 0.477459 0.000000
vt 0.485554 0.477616 0.000000
vt 0.485861 0.477744 0.000000
vt 0.477828 0.510181 0.000000
vt 0.477744 0.510557 0.000000
vt 0.477857 0.509754 0.000000
vt 0.477828 0.509327 0.000000
vt 0.477744 0.508951 0.000000
vt 0.514446 0.477616 0.000000
vt 0.514139 0.477744 0.000000
vt 0.514822 0.477459 0.000000
vt 0.515223 0.477292 0.000000
vt 0.515600 0.477135 0.000000
vt 0.515907 0.477007 0.000000
vt 0.523077 0.509327 0.000000
vt 0.522993 0.508951 0.000000
vt 0.535060 0.510181 0.000000
vt 0.535092 0.509754 0.000000
vt 0.534967 0.510557 0.000000
vt 0.489824 0.465174 0.000000
vt 0.489523 0.465033 0.000000
vt 0.490193 0.465348 0.000000
vt 0.490586 0.465533 0.000000
vt 0.490955 0.465707 0.000000
vt 0.491256 0.465848 0.000000
vt 0.465940 0.510181 0.000000
vt 0.465848 0.510557 0.000000
vt 0.465973 0.509754 0.000000
vt 0.465940 0.509327 0.000000
vt 0.465848 0.508951 0.000000
vt 0.509045 0.465707 0.000000
vt 0.508744 0.465848 0.000000
vt 0.509414 0.465533 0.000000
vt 0.509807 0.465348 0.000000
vt 0.510176 0.465174 0.000000
vt 0.510477 0.465033 0.000000
vt 0.535060 0.509327 0.000000
vt 0.534967 0.508951 0.000000
vt 0.546896 0.510181 0.000000
vt 0.546929 0.509754 0.000000
vt 0.546801 0.510557 0.000000
vt 0.495597 0.453345 0.000000
vt 0.495298 0.453199 0.000000
vt 0.495964 0.453523 0.000000
vt 0.496354 0.453713 0.000000
vt 0.496721 0.453892 0.000000
vt 0.497020 0.454037 0.000000
vt 0.454132 0.510181 0.000000
vt 0.454037 0.510557 0.000000
vt 0.454165 0.509754 0.000000
vt 0.454132 0.509327 0.000000
vt 0.454037 0.508951 0.000000
vt 0.503279 0.453892 0.000000
vt 0.502980 0.454037 0.000000
vt 0.503646 0.453713 0.000000
vt 0.504036 0.453523 0.000000
vt 0.504403 0.453345 0.000000
vt 0.504702 0.453199 0.000000
vt 0.546896 0.509327 0.000000
vt 0.546801 0.508951 0.000000
vt 0.558473 0.510181 0.000000
vt 0.558505 0.509754 0.000000
vt 0.558382 0.510557 0.000000
vt 0.501223 0.441758 0.000000
vt 0.500921 0.441618 0.000000
vt 0.501593 0.441930 0.000000
vt 0.501987 0.442113 0.000000
vt 0.502357 0.442284 0.000000
vt 0.502658 0.442425 0.000000
vt 0.442516 0.510181 0.000000
vt 0.442424 0.510557 0.000000
vt 0.442548 0.509754 0.000000
vt 0.442516 0.509327 0.000000
vt 0.442424 0.508951 0.000000
vt 0.497643 0.442284 0.000000
vt 0.497342 0.442425 0.000000
vt 0.498013 0.442113 0.000000
vt 0.498407 0.441930 0.000000
vt 0.498777 0.441758 0.000000
vt 0.499079 0.441618 0.000000
vt 0.558473 0.509327 0.000000
vt 0.558382 0.508951 0.000000
vt 0.569674 0.510181 0.000000
vt 0.569702 0.509754 0.000000
vt 0.569593 0.510557 0.000000
vt 0.506204 0.430530 0.000000
vt 0.505895 0.430407 0.000000
vt 0.506583 0.430681 0.000000
vt 0.506986 0.430843 0.000000
vt 0.507365 0.430994 0.000000
vt 0.507674 0.431118 0.000000
vt 0.431198 0.510181 0.000000
vt 0.431118 0.510557 0.000000
vt 0.431226 0.509754 0.000000
vt 0.431198 0.509327 0.000000
vt 0.431118 0.508951 0.000000
vt 0.492635 0.430994 0.000000
vt 0.492326 0.431118 0.000000
vt 0.493014 0.430843 0.000000
vt 0.493417 0.430681 0.000000
vt 0.493796 0.430530 0.000000
vt 0.494105 0.430407 0.000000
vt 0.569674 0.509327 0.000000
vt 0.569593 0.508951 0.000000
vt 0.580370 0.510181 0.000000
vt 0.580391 0.509754 0.000000
vt 0.580311 0.510557 0.000000
vt 0.510045 0.419781 0.000000
vt 0.509724 0.419689 0.000000
vt 0.510437 0.419894 0.000000
vt 0.510856 0.420013 0.000000
vt 0.511248 0.420126 0.000000
vt 0.511569 0.420218 0.000000
vt 0.420277 0.510181 0.000000
vt 0.420217 0.510557 0.000000
vt 0.420298 0.509754 0.000000
vt 0.420277 0.509327 0.000000
vt 0.420217 0.508951 0.000000
vt 0.488752 0.420126 0.000000
vt 0.488431 0.420218 0.000000
vt 0.489144 0.420013 0.000000
vt 0.489563 0.419894 0.000000
vt 0.489955 0.419781 0.000000
vt 0.490276 0.419689 0.000000
vt 0.580370 0.509327 0.000000
vt 0.580311 0.508951 0.000000
vt 0.590474 0.510181 0.000000
vt 0.590485 0.509754 0.000000
vt 0.590440 0.510557 0.000000
vt 0.512260 0.409611 0.000000
vt 0.511931 0.409560 0.000000
vt 0.512664 0.409674 0.000000
vt 0.513094 0.409741 0.000000
vt 0.513497 0.409804 0.000000
vt 0.513826 0.409856 0.000000
vt 0.409889 0.510181 0.000000
vt 0.409856 0.510557 0.000000
vt 0.409901 0.509754 0.000000
vt 0.409889 0.509327 0.000000
vt 0.409856 0.508951 0.000000
vt 0.486503 0.409804 0.000000
vt 0.486174 0.409856 0.000000
vt 0.486906 0.409741 0.000000
vt 0.487336 0.409674 0.000000
vt 0.487740 0.409611 0.000000
vt 0.488069 0.409560 0.000000
vt 0.590474 0.509327 0.000000
vt 0.590440 0.508951 0.000000
vt 0.600124 0.510181 0.000000
vt 0.600129 0.509754 0.000000
vt 0.600111 0.510557 0.000000
vt 0.513189 0.399910 0.000000
vt 0.512857 0.399889 0.000000
vt 0.513596 0.399936 0.000000
vt 0.514030 0.399964 0.000000
vt 0.514437 0.399990 0.000000
vt 0.514769 0.400011 0.000000
vt 0.400025 0.510181 0.000000
vt 0.400011 0.510557 0.000000
vt 0.400030 0.509754 0.000000
vt 0.400025 0.509327 0.000000
vt 0.400011 0.508951 0.000000
vt 0.485563 0.399990 0.000000
vt 0.485231 0.400011 0.000000
vt 0.485970 0.399964 0.000000
vt 0.486404 0.399936 0.000000
vt 0.486811 0.399910 0.000000
vt 0.487143 0.399889 0.000000
vt 0.600124 0.509327 0.000000
vt 0.600111 0.508951 0.000000
vt 0.609466 0.510181 0.000000
vt 0.609466 0.509754 0.000000
vt 0.609467 0.510557 0.000000
vt 0.513486 0.390532 0.000000
vt 0.513153 0.390533 0.000000
vt 0.513894 0.390531 0.000000
vt 0.514328 0.390530 0.000000
vt 0.514736 0.390529 0.000000
vt 0.515069 0.390528 0.000000
vt 0.390527 0.510181 0.000000
vt 0.390528 0.510557 0.000000
vt 0.390527 0.509754 0.000000
vt 0.390527 0.509327 0.000000
vt 0.390528 0.508951 0.000000
vt 0.485264 0.390529 0.000000
vt 0.484931 0.390528 0.000000
vt 0.485672 0.390530 0.000000
vt 0.486106 0.390531 0.000000
vt 0.486514 0.390532 0.000000
vt 0.486847 0.390533 0.000000
vt 0.609466 0.509327 0.000000
vt 0.609467 0.508951 0.000000
vt 0.618465 0.510181 0.000000
vt 0.618459 0.509754 0.000000
vt 0.618481 0.510557 0.000000
vt 0.513150 0.381495 0.000000
vt 0.512818 0.381519 0.000000
vt 0.513557 0.381465 0.000000
vt 0.513990 0.381432 0.000000
vt 0.514397 0.381402 0.000000
vt 0.514728 0.381378 0.000000
vt 0.381362 0.510181 0.000000
vt 0.381378 0.510557 0.000000
vt 0.381356 0.509754 0.000000
vt 0.381362 0.509327 0.000000
vt 0.381378 0.508951 0.000000
vt 0.485603 0.381402 0.000000
vt 0.485272 0.381378 0.000000
vt 0.486010 0.381432 0.000000
vt 0.486443 0.381465 0.000000
vt 0.486850 0.381495 0.000000
vt 0.487182 0.381519 0.000000
vt 0.618465 0.509327 0.000000
vt 0.618481 0.508951 0.000000
vt 0.627120 0.510181 0.000000
vt 0.627109 0.509754 0.000000
vt 0.627152 0.510557 0.000000
vt 0.512181 0.372798 0.000000
vt 0.511852 0.372848 0.000000
vt 0.512585 0.372737 0.000000
vt 0.513014 0.372672 0.000000
vt 0.513418 0.372611 0.000000
vt 0.513747 0.372561 0.000000
vt 0.372529 0.510181 0.000000
vt 0.372561 0.510557 0.000000
vt 0.372517 0.509754 0.000000
vt 0.372529 0.509327 0.000000
vt 0.372561 0.508951 0.000000
vt 0.486582 0.372611 0.000000
vt 0.486253 0.372561 0.000000
vt 0.486986 0.372672 0.000000
vt 0.487415 0.372737 0.000000
vt 0.487819 0.372798 0.000000
vt 0.488148 0.372848 0.000000
vt 0.627120 0.509327 0.000000
vt 0.627152 0.508951 0.000000
vt 0.635434 0.510181 0.000000
vt 0.635416 0.509754 0.000000
vt 0.635483 0.510557 0.000000
vt 0.510581 0.364441 0.000000
vt 0.510257 0.364517 0.000000
vt 0.510978 0.364348 0.000000
vt 0.511401 0.364249 0.000000
vt 0.511799 0.364155 0.000000
vt 0.512122 0.364079 0.000000
vt 0.364030 0.510181 0.000000
vt 0.364079 0.510557 0.000000
vt 0.364013 0.509754 0.000000
vt 0.364030 0.509327 0.000000
vt 0.364079 0.508951 0.000000
vt 0.488201 0.364155 0.000000
vt 0.487878 0.364079 0.000000
vt 0.488599 0.364249 0.000000
vt 0.489022 0.364348 0.000000
vt 0.489419 0.364441 0.000000
vt 0.489743 0.364517 0.000000
vt 0.635434 0.509327 0.000000
vt 0.635483 0.508951 0.000000
vt 0.643407 0.510181 0.000000
vt 0.643384 0.509754 0.000000
vt 0.643474 0.510557 0.000000
vt 0.508349 0.356423 0.000000
vt 0.508033 0.356526 0.000000
vt 0.508737 0.356297 0.000000
vt 0.509151 0.356163 0.000000
vt 0.509539 0.356036 0.000000
vt 0.509855 0.355934 0.000000
vt 0.355866 0.510181 0.000000
vt 0.355934 0.510557 0.000000
vt 0.355843 0.509754 0.000000
vt 0.355866 0.509327 0.000000
vt 0.355934 0.508951 0.000000
vt 0.490461 0.356036 0.000000
vt 0.490145 0.355934 0.000000
vt 0.490849 0.356163 0.000000
vt 0.491263 0.356297 0.000000
vt 0.491651 0.356423 0.000000
vt 0.491967 0.356526 0.000000
vt 0.643407 0.509327 0.000000
vt 0.643474 0.508951 0.000000
vt 0.651043 0.510181 0.000000
vt 0.651013 0.509754 0.000000
vt 0.651127 0.510557 0.000000
vt 0.505487 0.348743 0.000000
vt 0.505180 0.348873 0.000000
vt 0.505862 0.348584 0.000000
vt 0.506262 0.348414 0.000000
vt 0.506638 0.348255 0.000000
vt 0.506945 0.348126 0.000000
vt 0.348041 0.510181 0.000000
vt 0.348126 0.510557 0.000000
vt 0.348011 0.509754 0.000000
vt 0.348041 0.509327 0.000000
vt 0.348126 0.508951 0.000000
vt 0.493362 0.348255 0.000000
vt 0.493055 0.348126 0.000000
vt 0.493738 0.348414 0.000000
vt 0.494138 0.348584 0.000000
vt 0.494513 0.348743 0.000000
vt 0.494820 0.348873 0.000000
vt 0.651043 0.509327 0.000000
vt 0.651127 0.508951 0.000000
vt 0.658342 0.510181 0.000000
vt 0.658307 0.509754 0.000000
vt 0.658444 0.510557 0.000000
vt 0.501993 0.341400 0.000000
vt 0.501699 0.341556 0.000000
vt 0.502353 0.341208 0.000000
vt 0.502737 0.341004 0.000000
vt 0.503097 0.340813 0.000000
vt 0.503391 0.340657 0.000000
vt 0.340555 0.510181 0.000000
vt 0.340657 0.510557 0.000000
vt 0.340520 0.509754 0.000000
vt 0.340555 0.509327 0.000000
vt 0.340657 0.508951 0.000000
vt 0.496903 0.340813 0.000000
vt 0.496609 0.340657 0.000000
vt 0.497263 0.341004 0.000000
vt 0.497647 0.341208 0.000000
vt 0.498007 0.341400 0.000000
vt 0.498301 0.341556 0.000000
vt 0.658342 0.509327 0.000000
vt 0.658444 0.508951 0.000000
vt 0.665353 0.510181 0.000000
vt 0.665315 0.509754 0.000000
vt 0.665463 0.510557 0.000000
vt 0.497853 0.334368 0.000000
vt 0.497567 0.334537 0.000000
vt 0.498204 0.334162 0.000000
vt 0.498578 0.333941 0.000000
vt 0.498930 0.333735 0.000000
vt 0.499216 0.333566 0.000000
vt 0.333456 0.510181 0.000000
vt 0.333566 0.510557 0.000000
vt 0.333417 0.509754 0.000000
vt 0.333456 0.509327 0.000000
vt 0.333566 0.508951 0.000000
vt 0.501070 0.333735 0.000000
vt 0.500784 0.333566 0.000000
vt 0.501422 0.333941 0.000000
vt 0.501796 0.334162 0.000000
vt 0.502147 0.334368 0.000000
vt 0.502433 0.334537 0.000000
vt 0.665353 0.509327 0.000000
vt 0.665463 0.508951 0.000000
vt 0.491249 0.510557 0.000000
vt 0.491455 0.510181 0.000000
vt 0.491526 0.509754 0.000000
vt 0.489432 0.508951 0.000000
vt 0.489155 0.509754 0.000000
vt 0.490546 0.508523 0.000000
vt 0.491249 0.508951 0.000000
vt 0.491455 0.509327 0.000000
vt 0.490134 0.510985 0.000000
vt 0.490546 0.510985 0.000000
vt 0.490933 0.510836 0.000000
vt 0.489432 0.510557 0.000000
vt 0.489747 0.510836 0.000000
vt 0.489226 0.510181 0.000000
vt 0.489226 0.509327 0.000000
vt 0.490134 0.508523 0.000000
vt 0.489747 0.508672 0.000000
vt 0.490933 0.508672 0.000000
vt 0.497315 0.509754 0.000000
vt 0.497380 0.510181 0.000000
vt 0.497567 0.510557 0.000000
vt 0.498204 0.508523 0.000000
vt 0.498578 0.510985 0.000000
vt 0.499468 0.509754 0.000000
vt 0.497853 0.510836 0.000000
vt 0.498204 0.510985 0.000000
vt 0.497853 0.508672 0.000000
vt 0.497567 0.508951 0.000000
vt 0.498930 0.508672 0.000000
vt 0.498578 0.508523 0.000000
vt 0.499403 0.509327 0.000000
vt 0.499216 0.508951 0.000000
vt 0.499216 0.510557 0.000000
vt 0.499403 0.510181 0.000000
vt 0.498930 0.510836 0.000000
vt 0.497380 0.509327 0.000000
# 1246 texture coordinates

g ?????????_5
usemtl rubber
f 2680/2250/2750 2698/2249/2750 2699/2248/2750 2681/2247/2750
f 2681/2247/2751 2699/2248/2751 2700/2252/2751 2682/2251/2751
f 2682/2256/2752 2700/2255/2752 2701/2254/2752 2683/2253/2752
f 2683/2253/2753 2701/2254/2753 2702/2258/2753 2684/2257/2753
f 2684/2257/3 2702/2258/3 2703/2260/3 2685/2259/3
f 2685/2259/2754 2703/2260/2754 2704/2262/2754 2686/2261/2754
f 2686/2261/2755 2704/2262/2755 2705/2264/2755 2687/2263/2755
f 2687/2268/2756 2705/2267/2756 2706/2266/2756 2688/2265/2756
f 2688/2265/2757 2706/2266/2757 2707/2270/2757 2689/2269/2757
f 2689/2269/2758 2707/2270/2758 2708/2272/2758 2690/2271/2758
f 2690/2271/2759 2708/2272/2759 2709/2274/2759 2691/2273/2759
f 2691/2278/2760 2709/2277/2760 2710/2276/2760 2692/2275/2760
f 2692/2275/2761 2710/2276/2761 2711/2280/2761 2693/2279/2761
f 2693/2279/5 2711/2280/5 2712/2282/5 2694/2281/5
f 2694/2281/2762 2712/2282/2762 2713/2284/2762 2695/2283/2762
f 2695/2283/2763 2713/2284/2763 2714/2286/2763 2696/2285/2763
f 2696/2290/2764 2714/2289/2764 2715/2288/2764 2697/2287/2764
f 2697/2287/2765 2715/2288/2765 2698/2249/2765 2680/2250/2765
f 2698/2249/2766 2716/2292/2766 2717/2291/2766 2699/2248/2766
f 2699/2248/2767 2717/2291/2767 2718/2293/2767 2700/2252/2767
f 2700/2255/2768 2718/2295/2768 2719/2294/2768 2701/2254/2768
f 2701/2254/2769 2719/2294/2769 2720/2296/2769 2702/2258/2769
f 2702/2258/3 2720/2296/3 2721/2297/3 2703/2260/3
f 2703/2260/2770 2721/2297/2770 2722/2298/2770 2704/2262/2770
f 2704/2262/2771 2722/2298/2771 2723/2299/2771 2705/2264/2771
f 2705/2267/2772 2723/2301/2772 2724/2300/2772 2706/2266/2772
f 2706/2266/2773 2724/2300/2773 2725/2302/2773 2707/2270/2773
f 2707/2270/2774 2725/2302/2774 2726/2303/2774 2708/2272/2774
f 2708/2272/2775 2726/2303/2775 2727/2304/2775 2709/2274/2775
f 2709/2277/2776 2727/2306/2776 2728/2305/2776 2710/2276/2776
f 2710/2276/2777 2728/2305/2777 2729/2307/2777 2711/2280/2777
f 2711/2280/5 2729/2307/5 2730/2308/5 2712/2282/5
f 2712/2282/2778 2730/2308/2778 2731/2309/2778 2713/2284/2778
f 2713/2284/2779 2731/2309/2779 2732/2310/2779 2714/2286/2779
f 2714/2289/2780 2732/2312/2780 2733/2311/2780 2715/2288/2780
f 2715/2288/2781 2733/2311/2781 2716/2292/2781 2698/2249/2781
f 2716/2292/2782 2734/2314/2782 2735/2313/2782 2717/2291/2782
f 2717/2291/2783 2735/2313/2783 2736/2315/2783 2718/2293/2783
f 2718/2295/2784 2736/2317/2784 2737/2316/2784 2719/2294/2784
f 2719/2294/2785 2737/2316/2785 2738/2318/2785 2720/2296/2785
f 2720/2296/3 2738/2318/3 2739/2319/3 2721/2297/3
f 2721/2297/2786 2739/2319/2786 2740/2320/2786 2722/2298/2786
f 2722/2298/2787 2740/2320/2787 2741/2321/2787 2723/2299/2787
f 2723/2301/2788 2741/2323/2788 2742/2322/2788 2724/2300/2788
f 2724/2300/2789 2742/2322/2789 2743/2324/2789 2725/2302/2789
f 2725/2302/2790 2743/2324/2790 2744/2325/2790 2726/2303/2790
f 2726/2303/2791 2744/2325/2791 2745/2326/2791 2727/2304/2791
f 2727/2306/2792 2745/2328/2792 2746/2327/2792 2728/2305/2792
f 2728/2305/2793 2746/2327/2793 2747/2329/2793 2729/2307/2793
f 2729/2307/5 2747/2329/5 2748/2330/5 2730/2308/5
f 2730/2308/2794 2748/2330/2794 2749/2331/2794 2731/2309/2794
f 2731/2309/2795 2749/2331/2795 2750/2332/2795 2732/2310/2795
f 2732/2312/2796 2750/2334/2796 2751/2333/2796 2733/2311/2796
f 2733/2311/2797 2751/2333/2797 2734/2314/2797 2716/2292/2797
f 2734/2314/2798 2752/2336/2798 2753/2335/2798 2735/2313/2798
f 2735/2313/2799 2753/2335/2799 2754/2337/2799 2736/2315/2799
f 2736/2317/2800 2754/2339/2800 2755/2338/2800 2737/2316/2800
f 2737/2316/2801 2755/2338/2801 2756/2340/2801 2738/2318/2801
f 2738/2318/3 2756/2340/3 2757/2341/3 2739/2319/3
f 2739/2319/2802 2757/2341/2802 2758/2342/2802 2740/2320/2802
f 2740/2320/2803 2758/2342/2803 2759/2343/2803 2741/2321/2803
f 2741/2323/2804 2759/2345/2804 2760/2344/2804 2742/2322/2804
f 2742/2322/2805 2760/2344/2805 2761/2346/2805 2743/2324/2805
f 2743/2324/2806 2761/2346/2806 2762/2347/2806 2744/2325/2806
f 2744/2325/2807 2762/2347/2807 2763/2348/2807 2745/2326/2807
f 2745/2328/2808 2763/2350/2808 2764/2349/2808 2746/2327/2808
f 2746/2327/2809 2764/2349/2809 2765/2351/2809 2747/2329/2809
f 2747/2329/5 2765/2351/5 2766/2352/5 2748/2330/5
f 2748/2330/2810 2766/2352/2810 2767/2353/2810 2749/2331/2810
f 2749/2331/2811 2767/2353/2811 2768/2354/2811 2750/2332/2811
f 2750/2334/2812 2768/2356/2812 2769/2355/2812 2751/2333/2812
f 2751/2333/2813 2769/2355/2813 2752/2336/2813 2734/2314/2813
f 2752/2336/2814 2770/2358/2814 2771/2357/2814 2753/2335/2814
f 2753/2335/2815 2771/2357/2815 2772/2359/2815 2754/2337/2815
f 2754/2339/2816 2772/2361/2816 2773/2360/2816 2755/2338/2816
f 2755/2338/2817 2773/2360/2817 2774/2362/2817 2756/2340/2817
f 2756/2340/3 2774/2362/3 2775/2363/3 2757/2341/3
f 2757/2341/2818 2775/2363/2818 2776/2364/2818 2758/2342/2818
f 2758/2342/2819 2776/2364/2819 2777/2365/2819 2759/2343/2819
f 2759/2345/2820 2777/2367/2820 2778/2366/2820 2760/2344/2820
f 2760/2344/2821 2778/2366/2821 2779/2368/2821 2761/2346/2821
f 2761/2346/2822 2779/2368/2822 2780/2369/2822 2762/2347/2822
f 2762/2347/2823 2780/2369/2823 2781/2370/2823 2763/2348/2823
f 2763/2350/2824 2781/2372/2824 2782/2371/2824 2764/2349/2824
f 2764/2349/2825 2782/2371/2825 2783/2373/2825 2765/2351/2825
f 2765/2351/5 2783/2373/5 2784/2374/5 2766/2352/5
f 2766/2352/2826 2784/2374/2826 2785/2375/2826 2767/2353/2826
f 2767/2353/2827 2785/2375/2827 2786/2376/2827 2768/2354/2827
f 2768/2356/2828 2786/2378/2828 2787/2377/2828 2769/2355/2828
f 2769/2355/2829 2787/2377/2829 2770/2358/2829 2752/2336/2829
f 2770/2358/2830 2788/2380/2830 2789/2379/2830 2771/2357/2830
f 2771/2357/2831 2789/2379/2831 2790/2381/2831 2772/2359/2831
f 2772/2361/2832 2790/2383/2832 2791/2382/2832 2773/2360/2832
f 2773/2360/2833 2791/2382/2833 2792/2384/2833 2774/2362/2833
f 2774/2362/3 2792/2384/3 2793/2385/3 2775/2363/3
f 2775/2363/2834 2793/2385/2834 2794/2386/2834 2776/2364/2834
f 2776/2364/2835 2794/2386/2835 2795/2387/2835 2777/2365/2835
f 2777/2367/2836 2795/2389/2836 2796/2388/2836 2778/2366/2836
f 2778/2366/2837 2796/2388/2837 2797/2390/2837 2779/2368/2837
f 2779/2368/2838 2797/2390/2838 2798/2391/2838 2780/2369/2838
f 2780/2369/2839 2798/2391/2839 2799/2392/2839 2781/2370/2839
f 2781/2372/2840 2799/2394/2840 2800/2393/2840 2782/2371/2840
f 2782/2371/2841 2800/2393/2841 2801/2395/2841 2783/2373/2841
f 2783/2373/5 2801/2395/5 2802/2396/5 2784/2374/5
f 2784/2374/2842 2802/2396/2842 2803/2397/2842 2785/2375/2842
f 2785/2375/2843 2803/2397/2843 2804/2398/2843 2786/2376/2843
f 2786/2378/2844 2804/2400/2844 2805/2399/2844 2787/2377/2844
f 2787/2377/2845 2805/2399/2845 2788/2380/2845 2770/2358/2845
f 2788/2380/2846 2806/2402/2846 2807/2401/2846 2789/2379/2846
f 2789/2379/2847 2807/2401/2847 2808/2403/2847 2790/2381/2847
f 2790/2383/2848 2808/2405/2848 2809/2404/2848 2791/2382/2848
f 2791/2382/2849 2809/2404/2849 2810/2406/2849 2792/2384/2849
f 2792/2384/3 2810/2406/3 2811/2407/3 2793/2385/3
f 2793/2385/2850 2811/2407/2850 2812/2408/2850 2794/2386/2850
f 2794/2386/2851 2812/2408/2851 2813/2409/2851 2795/2387/2851
f 2795/2389/2852 2813/2411/2852 2814/2410/2852 2796/2388/2852
f 2796/2388/2853 2814/2410/2853 2815/2412/2853 2797/2390/2853
f 2797/2390/2854 2815/2412/2854 2816/2413/2854 2798/2391/2854
f 2798/2391/2855 2816/2413/2855 2817/2414/2855 2799/2392/2855
f 2799/2394/2856 2817/2416/2856 2818/2415/2856 2800/2393/2856
f 2800/2393/2857 2818/2415/2857 2819/2417/2857 2801/2395/2857
f 2801/2395/5 2819/2417/5 2820/2418/5 2802/2396/5
f 2802/2396/2858 2820/2418/2858 2821/2419/2858 2803/2397/2858
f 2803/2397/2859 2821/2419/2859 2822/2420/2859 2804/2398/2859
f 2804/2400/2860 2822/2422/2860 2823/2421/2860 2805/2399/2860
f 2805/2399/2861 2823/2421/2861 2806/2402/2861 2788/2380/2861
f 2806/2402/2862 2824/2424/2862 2825/2423/2862 2807/2401/2862
f 2807/2401/2863 2825/2423/2863 2826/2425/2863 2808/2403/2863
f 2808/2405/2864 2826/2427/2864 2827/2426/2864 2809/2404/2864
f 2809/2404/2865 2827/2426/2865 2828/2428/2865 2810/2406/2865
f 2810/2406/3 2828/2428/3 2829/2429/3 2811/2407/3
f 2811/2407/2866 2829/2429/2866 2830/2430/2866 2812/2408/2866
f 2812/2408/2867 2830/2430/2867 2831/2431/2867 2813/2409/2867
f 2813/2411/2868 2831/2433/2868 2832/2432/2868 2814/2410/2868
f 2814/2410/2869 2832/2432/2869 2833/2434/2869 2815/2412/2869
f 2815/2412/2870 2833/2434/2870 2834/2435/2870 2816/2413/2870
f 2816/2413/2871 2834/2435/2871 2835/2436/2871 2817/2414/2871
f 2817/2416/2872 2835/2438/2872 2836/2437/2872 2818/2415/2872
f 2818/2415/2873 2836/2437/2873 2837/2439/2873 2819/2417/2873
f 2819/2417/5 2837/2439/5 2838/2440/5 2820/2418/5
f 2820/2418/2874 2838/2440/2874 2839/2441/2874 2821/2419/2874
f 2821/2419/2875 2839/2441/2875 2840/2442/2875 2822/2420/2875
f 2822/2422/2876 2840/2444/2876 2841/2443/2876 2823/2421/2876
f 2823/2421/2877 2841/2443/2877 2824/2424/2877 2806/2402/2877
f 2824/2424/2878 2842/2446/2878 2843/2445/2878 2825/2423/2878
f 2825/2423/2879 2843/2445/2879 2844/2447/2879 2826/2425/2879
f 2826/2427/2880 2844/2449/2880 2845/2448/2880 2827/2426/2880
f 2827/2426/2881 2845/2448/2881 2846/2450/2881 2828/2428/2881
f 2828/2428/3 2846/2450/3 2847/2451/3 2829/2429/3
f 2829/2429/2882 2847/2451/2882 2848/2452/2882 2830/2430/2882
f 2830/2430/2883 2848/2452/2883 2849/2453/2883 2831/2431/2883
f 2831/2433/2884 2849/2455/2884 2850/2454/2884 2832/2432/2884
f 2832/2432/2885 2850/2454/2885 2851/2456/2885 2833/2434/2885
f 2833/2434/2886 2851/2456/2886 2852/2457/2886 2834/2435/2886
f 2834/2435/2887 2852/2457/2887 2853/2458/2887 2835/2436/2887
f 2835/2438/2888 2853/2460/2888 2854/2459/2888 2836/2437/2888
f 2836/2437/2889 2854/2459/2889 2855/2461/2889 2837/2439/2889
f 2837/2439/5 2855/2461/5 2856/2462/5 2838/2440/5
f 2838/2440/2890 2856/2462/2890 2857/2463/2890 2839/2441/2890
f 2839/2441/2891 2857/2463/2891 2858/2464/2891 2840/2442/2891
f 2840/2444/2892 2858/2466/2892 2859/2465/2892 2841/2443/2892
f 2841/2443/2893 2859/2465/2893 2842/2446/2893 2824/2424/2893
f 2842/2446/2894 2860/2468/2894 2861/2467/2894 2843/2445/2894
f 2843/2445/2895 2861/2467/2895 2862/2469/2895 2844/2447/2895
f 2844/2449/2896 2862/2471/2896 2863/2470/2896 2845/2448/2896
f 2845/2448/2897 2863/2470/2897 2864/2472/2897 2846/2450/2897
f 2846/2450/3 2864/2472/3 2865/2473/3 2847/2451/3
f 2847/2451/2898 2865/2473/2898 2866/2474/2898 2848/2452/2898
f 2848/2452/2899 2866/2474/2899 2867/2475/2899 2849/2453/2899
f 2849/2455/2900 2867/2477/2900 2868/2476/2900 2850/2454/2900
f 2850/2454/2901 2868/2476/2901 2869/2478/2901 2851/2456/2901
f 2851/2456/2902 2869/2478/2902 2870/2479/2902 2852/2457/2902
f 2852/2457/2903 2870/2479/2903 2871/2480/2903 2853/2458/2903
f 2853/2460/2904 2871/2482/2904 2872/2481/2904 2854/2459/2904
f 2854/2459/2905 2872/2481/2905 2873/2483/2905 2855/2461/2905
f 2855/2461/5 2873/2483/5 2874/2484/5 2856/2462/5
f 2856/2462/2906 2874/2484/2906 2875/2485/2906 2857/2463/2906
f 2857/2463/2907 2875/2485/2907 2876/2486/2907 2858/2464/2907
f 2858/2466/2908 2876/2488/2908 2877/2487/2908 2859/2465/2908
f 2859/2465/2909 2877/2487/2909 2860/2468/2909 2842/2446/2909
f 2860/2468/2910 2878/2490/2910 2879/2489/2910 2861/2467/2910
f 2861/2467/2911 2879/2489/2911 2880/2491/2911 2862/2469/2911
f 2862/2471/2912 2880/2493/2912 2881/2492/2912 2863/2470/2912
f 2863/2470/2913 2881/2492/2913 2882/2494/2913 2864/2472/2913
f 2864/2472/3 2882/2494/3 2883/2495/3 2865/2473/3
f 2865/2473/2914 2883/2495/2914 2884/2496/2914 2866/2474/2914
f 2866/2474/2915 2884/2496/2915 2885/2497/2915 2867/2475/2915
f 2867/2477/2916 2885/2499/2916 2886/2498/2916 2868/2476/2916
f 2868/2476/2917 2886/2498/2917 2887/2500/2917 2869/2478/2917
f 2869/2478/2918 2887/2500/2918 2888/2501/2918 2870/2479/2918
f 2870/2479/2919 2888/2501/2919 2889/2502/2919 2871/2480/2919
f 2871/2482/2920 2889/2504/2920 2890/2503/2920 2872/2481/2920
f 2872/2481/2921 2890/2503/2921 2891/2505/2921 2873/2483/2921
f 2873/2483/5 2891/2505/5 2892/2506/5 2874/2484/5
f 2874/2484/2922 2892/2506/2922 2893/2507/2922 2875/2485/2922
f 2875/2485/2923 2893/2507/2923 2894/2508/2923 2876/2486/2923
f 2876/2488/2924 2894/2510/2924 2895/2509/2924 2877/2487/2924
f 2877/2487/2925 2895/2509/2925 2878/2490/2925 2860/2468/2925
f 2878/2490/2926 2896/2512/2926 2897/2511/2926 2879/2489/2926
f 2879/2489/2927 2897/2511/2927 2898/2513/2927 2880/2491/2927
f 2880/2493/2928 2898/2515/2928 2899/2514/2928 2881/2492/2928
f 2881/2492/2929 2899/2514/2929 2900/2516/2929 2882/2494/2929
f 2882/2494/3 2900/2516/3 2901/2517/3 2883/2495/3
f 2883/2495/2930 2901/2517/2930 2902/2518/2930 2884/2496/2930
f 2884/2496/2931 2902/2518/2931 2903/2519/2931 2885/2497/2931
f 2885/2499/2932 2903/2521/2932 2904/2520/2932 2886/2498/2932
f 2886/2498/2933 2904/2520/2933 2905/2522/2933 2887/2500/2933
f 2887/2500/2934 2905/2522/2934 2906/2523/2934 2888/2501/2934
f 2888/2501/2935 2906/2523/2935 2907/2524/2935 2889/2502/2935
f 2889/2504/2936 2907/2526/2936 2908/2525/2936 2890/2503/2936
f 2890/2503/2937 2908/2525/2937 2909/2527/2937 2891/2505/2937
f 2891/2505/5 2909/2527/5 2910/2528/5 2892/2506/5
f 2892/2506/2938 2910/2528/2938 2911/2529/2938 2893/2507/2938
f 2893/2507/2939 2911/2529/2939 2912/2530/2939 2894/2508/2939
f 2894/2510/2940 2912/2532/2940 2913/2531/2940 2895/2509/2940
f 2895/2509/2941 2913/2531/2941 2896/2512/2941 2878/2490/2941
f 2896/2512/2942 2914/2534/2942 2915/2533/2942 2897/2511/2942
f 2897/2511/2943 2915/2533/2943 2916/2535/2943 2898/2513/2943
f 2898/2515/2944 2916/2537/2944 2917/2536/2944 2899/2514/2944
f 2899/2514/2945 2917/2536/2946 2918/2538/2946 2900/2516/2945
f 2900/2516/3 2918/2538/3 2919/2539/3 2901/2517/3
f 2901/2517/2947 2919/2539/2948 2920/2540/2948 2902/2518/2947
f 2902/2518/2949 2920/2540/2949 2921/2541/2949 2903/2519/2949
f 2903/2521/2950 2921/2543/2950 2922/2542/2950 2904/2520/2950
f 2904/2520/2951 2922/2542/2951 2923/2544/2951 2905/2522/2951
f 2905/2522/2952 2923/2544/2952 2924/2545/2952 2906/2523/2952
f 2906/2523/2953 2924/2545/2953 2925/2546/2953 2907/2524/2953
f 2907/2526/2954 2925/2548/2954 2926/2547/2954 2908/2525/2954
f 2908/2525/2955 2926/2547/2956 2927/2549/2956 2909/2527/2955
f 2909/2527/5 2927/2549/5 2928/2550/5 2910/2528/5
f 2910/2528/2957 2928/2550/2958 2929/2551/2958 2911/2529/2957
f 2911/2529/2959 2929/2551/2959 2930/2552/2959 2912/2530/2959
f 2912/2532/2960 2930/2554/2960 2931/2553/2960 2913/2531/2960
f 2913/2531/2961 2931/2553/2961 2914/2534/2961 2896/2512/2961
f 2914/2534/2962 2932/2556/2963 2933/2555/2963 2915/2533/2962
f 2915/2533/2964 2933/2555/2965 2934/2557/2965 2916/2535/2964
f 2916/2537/2966 2934/2559/2967 2935/2558/2967 2917/2536/2966
f 2917/2536/2946 2935/2558/2968 2936/2560/2968 2918/2538/2946
f 2918/2538/3 2936/2560/3 2937/2561/3 2919/2539/3
f 2919/2539/2948 2937/2561/2969 2938/2562/2969 2920/2540/2948
f 2920/2540/2970 2938/2562/2971 2939/2563/2971 2921/2541/2970
f 2921/2543/2972 2939/2565/2973 2940/2564/2973 2922/2542/2972
f 2922/2542/2974 2940/2564/2975 2941/2566/2975 2923/2544/2974
f 2923/2544/2976 2941/2566/2977 2942/2567/2977 2924/2545/2976
f 2924/2545/2978 2942/2567/2979 2943/2568/2979 2925/2546/2978
f 2925/2548/2980 2943/2570/2981 2944/2569/2981 2926/2547/2980
f 2926/2547/2956 2944/2569/2982 2945/2571/2982 2927/2549/2956
f 2927/2549/5 2945/2571/5 2946/2572/5 2928/2550/5
f 2928/2550/2958 2946/2572/2983 2947/2573/2983 2929/2551/2958
f 2929/2551/2984 2947/2573/2985 2948/2574/2985 2930/2552/2984
f 2930/2554/2986 2948/2576/2987 2949/2575/2987 2931/2553/2986
f 2931/2553/2988 2949/2575/2989 2932/2556/2989 2914/2534/2988
f 2932/2556/2963 2950/2578/2990 2951/2577/2990 2933/2555/2963
f 2933/2555/2965 2951/2577/2991 2952/2579/2991 2934/2557/2965
f 2934/2559/2967 2952/2581/2992 2953/2580/2992 2935/2558/2967
f 2935/2558/2968 2953/2580/2993 2954/2582/2993 2936/2560/2968
f 2936/2560/3 2954/2582/3 2955/2583/3 2937/2561/3
f 2937/2561/2969 2955/2583/2994 2956/2584/2994 2938/2562/2969
f 2938/2562/2971 2956/2584/2995 2957/2585/2995 2939/2563/2971
f 2939/2565/2973 2957/2587/2996 2958/2586/2996 2940/2564/2973
f 2940/2564/2975 2958/2586/2997 2959/2588/2997 2941/2566/2975
f 2941/2566/2977 2959/2588/2998 2960/2589/2998 2942/2567/2977
f 2942/2567/2979 2960/2589/2999 2961/2590/2999 2943/2568/2979
f 2943/2570/2981 2961/2592/3000 2962/2591/3000 2944/2569/2981
f 2944/2569/2982 2962/2591/3001 2963/2593/3001 2945/2571/2982
f 2945/2571/5 2963/2593/5 2964/2594/5 2946/2572/5
f 2946/2572/2983 2964/2594/3002 2965/2595/3002 2947/2573/2983
f 2947/2573/2985 2965/2595/3003 2966/2596/3003 2948/2574/2985
f 2948/2576/2987 2966/2598/3004 2967/2597/3004 2949/2575/2987
f 2949/2575/2989 2967/2597/3005 2950/2578/3005 2932/2556/2989
f 2950/2578/2990 2968/2600/3006 2969/2599/3006 2951/2577/2990
f 2951/2577/2991 2969/2599/3007 2970/2601/3007 2952/2579/2991
f 2952/2581/2992 2970/2603/3008 2971/2602/3008 2953/2580/2992
f 2953/2580/2993 2971/2602/3009 2972/2604/3009 2954/2582/2993
f 2954/2582/3 2972/2604/3 2973/2605/3 2955/2583/3
f 2955/2583/2994 2973/2605/3010 2974/2606/3010 2956/2584/2994
f 2956/2584/2995 2974/2606/3011 2975/2607/3011 2957/2585/2995
f 2957/2587/2996 2975/2609/3012 2976/2608/3012 2958/2586/2996
f 2958/2586/2997 2976/2608/3013 2977/2610/3013 2959/2588/2997
f 2959/2588/2998 2977/2610/3014 2978/2611/3014 2960/2589/2998
f 2960/2589/2999 2978/2611/3015 2979/2612/3015 2961/2590/2999
f 2961/2592/3000 2979/2614/3016 2980/2613/3016 2962/2591/3000
f 2962/2591/3001 2980/2613/3017 2981/2615/3017 2963/2593/3001
f 2963/2593/5 2981/2615/5 2982/2616/5 2964/2594/5
f 2964/2594/3002 2982/2616/3018 2983/2617/3018 2965/2595/3002
f 2965/2595/3003 2983/2617/3019 2984/2618/3019 2966/2596/3003
f 2966/2598/3004 2984/2620/3020 2985/2619/3020 2967/2597/3004
f 2967/2597/3005 2985/2619/3021 2968/2600/3021 2950/2578/3005
f 2968/2600/3022 2986/2622/3022 2987/2621/3022 2969/2599/3022
f 2969/2599/3023 2987/2621/3023 2988/2623/3023 2970/2601/3023
f 2970/2603/3024 2988/2625/3024 2989/2624/3024 2971/2602/3024
f 2971/2602/3009 2989/2624/3025 2990/2626/3025 2972/2604/3009
f 2972/2604/3 2990/2626/3 2991/2627/3 2973/2605/3
f 2973/2605/3010 2991/2627/3026 2992/2628/3026 2974/2606/3010
f 2974/2606/3027 2992/2628/3027 2993/2629/3027 2975/2607/3027
f 2975/2609/3028 2993/2631/3028 2994/2630/3028 2976/2608/3028
f 2976/2608/3029 2994/2630/3029 2995/2632/3029 2977/2610/3029
f 2977/2610/3030 2995/2632/3030 2996/2633/3030 2978/2611/3030
f 2978/2611/3031 2996/2633/3031 2997/2634/3031 2979/2612/3031
f 2979/2614/3032 2997/2636/3032 2998/2635/3032 2980/2613/3032
f 2980/2613/3017 2998/2635/3033 2999/2637/3033 2981/2615/3017
f 2981/2615/5 2999/2637/5 3000/2638/5 2982/2616/5
f 2982/2616/3018 3000/2638/3034 3001/2639/3034 2983/2617/3018
f 2983/2617/3035 3001/2639/3035 3002/2640/3035 2984/2618/3035
f 2984/2620/3036 3002/2642/3036 3003/2641/3036 2985/2619/3036
f 2985/2619/3037 3003/2641/3037 2986/2622/3037 2968/2600/3037
f 2986/2622/3038 3004/2644/3038 3005/2643/3038 2987/2621/3038
f 2987/2621/3039 3005/2643/3039 3006/2645/3039 2988/2623/3039
f 2988/2625/3040 3006/2647/3041 3007/2646/3041 2989/2624/3040
f 2989/2624/3042 3007/2646/3043 3008/2648/3043 2990/2626/3042
f 2990/2626/3 3008/2648/3 3009/2649/3 2991/2627/3
f 2991/2627/3044 3009/2649/3045 3010/2650/3045 2992/2628/3044
f 2992/2628/3046 3010/2650/3047 3011/2651/3047 2993/2629/3046
f 2993/2631/3048 3011/2653/3048 3012/2652/3048 2994/2630/3048
f 2994/2630/3049 3012/2652/3049 3013/2654/3049 2995/2632/3049
f 2995/2632/3050 3013/2654/3050 3014/2655/3050 2996/2633/3050
f 2996/2633/3051 3014/2655/3051 3015/2656/3051 2997/2634/3051
f 2997/2636/3052 3015/2658/3053 3016/2657/3053 2998/2635/3052
f 2998/2635/3054 3016/2657/3055 3017/2659/3055 2999/2637/3054
f 2999/2637/5 3017/2659/5 3018/2660/5 3000/2638/5
f 3000/2638/3056 3018/2660/3057 3019/2661/3057 3001/2639/3056
f 3001/2639/3058 3019/2661/3059 3020/2662/3059 3002/2640/3058
f 3002/2642/3060 3020/2664/3060 3021/2663/3060 3003/2641/3060
f 3003/2641/3061 3021/2663/3061 3004/2644/3061 2986/2622/3061
f 3004/2644/3062 3022/2666/3062 3023/2665/3062 3005/2643/3062
f 3005/2643/3063 3023/2665/3063 3024/2667/3063 3006/2645/3063
f 3006/2647/3041 3024/2669/3064 3025/2668/3064 3007/2646/3041
f 3007/2646/3043 3025/2668/3065 3026/2670/3065 3008/2648/3043
f 3008/2648/3 3026/2670/3 3027/2671/3 3009/2649/3
f 3009/2649/3045 3027/2671/3066 3028/2672/3066 3010/2650/3045
f 3010/2650/3047 3028/2672/3067 3029/2673/3067 3011/2651/3047
f 3011/2653/3068 3029/2675/3068 3030/2674/3068 3012/2652/3068
f 3012/2652/3069 3030/2674/3069 3031/2676/3069 3013/2654/3069
f 3013/2654/3070 3031/2676/3070 3032/2677/3070 3014/2655/3070
f 3014/2655/3071 3032/2677/3071 3033/2678/3071 3015/2656/3071
f 3015/2658/3053 3033/2680/3072 3034/2679/3072 3016/2657/3053
f 3016/2657/3055 3034/2679/3073 3035/2681/3073 3017/2659/3055
f 3017/2659/5 3035/2681/5 3036/2682/5 3018/2660/5
f 3018/2660/3057 3036/2682/3074 3037/2683/3074 3019/2661/3057
f 3019/2661/3059 3037/2683/3075 3038/2684/3075 3020/2662/3059
f 3020/2664/3076 3038/2686/3076 3039/2685/3076 3021/2663/3076
f 3021/2663/3077 3039/2685/3077 3022/2666/3077 3004/2644/3077
f 3022/2666/3078 3040/2688/3079 3041/2687/3079 3023/2665/3078
f 3023/2665/3080 3041/2687/3081 3042/2689/3081 3024/2667/3080
f 3024/2669/3082 3042/2691/3083 3043/2690/3083 3025/2668/3082
f 3025/2668/3065 3043/2690/3084 3044/2692/3084 3026/2670/3065
f 3026/2670/3 3044/2692/3 3045/2693/3 3027/2671/3
f 3027/2671/3066 3045/2693/3085 3046/2694/3085 3028/2672/3066
f 3028/2672/3086 3046/2694/3087 3047/2695/3087 3029/2673/3086
f 3029/2675/3088 3047/2697/3089 3048/2696/3089 3030/2674/3088
f 3030/2674/3090 3048/2696/3091 3049/2698/3091 3031/2676/3090
f 3031/2676/3092 3049/2698/3093 3050/2699/3093 3032/2677/3092
f 3032/2677/3094 3050/2699/3095 3051/2700/3095 3033/2678/3094
f 3033/2680/3096 3051/2702/3097 3052/2701/3097 3034/2679/3096
f 3034/2679/3073 3052/2701/3098 3053/2703/3098 3035/2681/3073
f 3035/2681/5 3053/2703/5 3054/2704/5 3036/2682/5
f 3036/2682/3074 3054/2704/3099 3055/2705/3099 3037/2683/3074
f 3037/2683/3100 3055/2705/3101 3056/2706/3101 3038/2684/3100
f 3038/2686/3102 3056/2708/3103 3057/2707/3103 3039/2685/3102
f 3039/2685/3104 3057/2707/3105 3040/2688/3105 3022/2666/3104
f 3040/2688/3079 3058/2710/3106 3059/2709/3106 3041/2687/3079
f 3041/2687/3081 3059/2709/3107 3060/2711/3107 3042/2689/3081
f 3042/2691/3083 3060/2713/3108 3061/2712/3108 3043/2690/3083
f 3043/2690/3084 3061/2712/3109 3062/2714/3109 3044/2692/3084
f 3044/2692/3 3062/2714/3 3063/2715/3 3045/2693/3
f 3045/2693/3085 3063/2715/3110 3064/2716/3110 3046/2694/3085
f 3046/2694/3087 3064/2716/3111 3065/2717/3111 3047/2695/3087
f 3047/2697/3089 3065/2719/3112 3066/2718/3112 3048/2696/3089
f 3048/2696/3091 3066/2718/3113 3067/2720/3113 3049/2698/3091
f 3049/2698/3093 3067/2720/3114 3068/2721/3114 3050/2699/3093
f 3050/2699/3095 3068/2721/3115 3069/2722/3115 3051/2700/3095
f 3051/2702/3097 3069/2724/3116 3070/2723/3116 3052/2701/3097
f 3052/2701/3098 3070/2723/3117 3071/2725/3117 3053/2703/3098
f 3053/2703/5 3071/2725/5 3072/2726/5 3054/2704/5
f 3054/2704/3099 3072/2726/3118 3073/2727/3118 3055/2705/3099
f 3055/2705/3101 3073/2727/3119 3074/2728/3119 3056/2706/3101
f 3056/2708/3103 3074/2730/3120 3075/2729/3120 3057/2707/3103
f 3057/2707/3105 3075/2729/3121 3058/2710/3121 3040/2688/3105
f 3058/2710/3106 3076/2732/3122 3077/2731/3122 3059/2709/3106
f 3059/2709/3107 3077/2731/3123 3078/2733/3123 3060/2711/3107
f 3060/2713/3108 3078/2735/3124 3079/2734/3124 3061/2712/3108
f 3061/2712/3109 3079/2734/3125 3080/2736/3125 3062/2714/3109
f 3062/2714/3 3080/2736/3 3081/2737/3 3063/2715/3
f 3063/2715/3110 3081/2737/3126 3082/2738/3126 3064/2716/3110
f 3064/2716/3111 3082/2738/3127 3083/2739/3127 3065/2717/3111
f 3065/2719/3112 3083/2741/3128 3084/2740/3128 3066/2718/3112
f 3066/2718/3113 3084/2740/3129 3085/2742/3129 3067/2720/3113
f 3067/2720/3114 3085/2742/3130 3086/2743/3130 3068/2721/3114
f 3068/2721/3115 3086/2743/3131 3087/2744/3131 3069/2722/3115
f 3069/2724/3116 3087/2746/3132 3088/2745/3132 3070/2723/3116
f 3070/2723/3117 3088/2745/3133 3089/2747/3133 3071/2725/3117
f 3071/2725/5 3089/2747/5 3090/2748/5 3072/2726/5
f 3072/2726/3118 3090/2748/3134 3091/2749/3134 3073/2727/3118
f 3073/2727/3119 3091/2749/3135 3092/2750/3135 3074/2728/3119
f 3074/2730/3120 3092/2752/3136 3093/2751/3136 3075/2729/3120
f 3075/2729/3121 3093/2751/3137 3076/2732/3137 3058/2710/3121
f 3076/2732/3138 3094/2754/3138 3095/2753/3138 3077/2731/3138
f 3077/2731/3139 3095/2753/3139 3096/2755/3139 3078/2733/3139
f 3078/2735/3140 3096/2757/3140 3097/2756/3140 3079/2734/3140
f 3079/2734/3125 3097/2756/3141 3098/2758/3141 3080/2736/3125
f 3080/2736/3 3098/2758/3 3099/2759/3 3081/2737/3
f 3081/2737/3126 3099/2759/3142 3100/2760/3142 3082/2738/3126
f 3082/2738/3143 3100/2760/3143 3101/2761/3143 3083/2739/3143
f 3083/2741/3144 3101/2763/3144 3102/2762/3144 3084/2740/3144
f 3084/2740/3145 3102/2762/3145 3103/2764/3145 3085/2742/3145
f 3085/2742/3146 3103/2764/3146 3104/2765/3146 3086/2743/3146
f 3086/2743/3147 3104/2765/3147 3105/2766/3147 3087/2744/3147
f 3087/2746/3148 3105/2768/3148 3106/2767/3148 3088/2745/3148
f 3088/2745/3133 3106/2767/3149 3107/2769/3149 3089/2747/3133
f 3089/2747/5 3107/2769/5 3108/2770/5 3090/2748/5
f 3090/2748/3134 3108/2770/3150 3109/2771/3150 3091/2749/3134
f 3091/2749/3151 3109/2771/3151 3110/2772/3151 3092/2750/3151
f 3092/2752/3152 3110/2774/3152 3111/2773/3152 3093/2751/3152
f 3093/2751/3153 3111/2773/3153 3094/2754/3153 3076/2732/3153
f 3094/2754/3154 3112/2776/3154 3113/2775/3154 3095/2753/3154
f 3095/2753/3155 3113/2775/3155 3114/2777/3155 3096/2755/3155
f 3096/2757/3156 3114/2779/3156 3115/2778/3156 3097/2756/3156
f 3097/2756/3157 3115/2778/3157 3116/2780/3157 3098/2758/3157
f 3098/2758/3 3116/2780/3 3117/2781/3 3099/2759/3
f 3099/2759/3158 3117/2781/3158 3118/2782/3158 3100/2760/3158
f 3100/2760/3159 3118/2782/3159 3119/2783/3159 3101/2761/3159
f 3101/2763/3160 3119/2785/3160 3120/2784/3160 3102/2762/3160
f 3102/2762/3161 3120/2784/3161 3121/2786/3161 3103/2764/3161
f 3103/2764/3162 3121/2786/3162 3122/2787/3162 3104/2765/3162
f 3104/2765/3163 3122/2787/3163 3123/2788/3163 3105/2766/3163
f 3105/2768/3164 3123/2790/3164 3124/2789/3164 3106/2767/3164
f 3106/2767/3165 3124/2789/3165 3125/2791/3165 3107/2769/3165
f 3107/2769/5 3125/2791/5 3126/2792/5 3108/2770/5
f 3108/2770/3166 3126/2792/3166 3127/2793/3166 3109/2771/3166
f 3109/2771/3167 3127/2793/3167 3128/2794/3167 3110/2772/3167
f 3110/2774/3168 3128/2796/3168 3129/2795/3168 3111/2773/3168
f 3111/2773/3169 3129/2795/3169 3112/2776/3169 3094/2754/3169
f 3112/2776/3170 3130/2798/3170 3131/2797/3170 3113/2775/3170
f 3113/2775/3171 3131/2797/3171 3132/2799/3171 3114/2777/3171
f 3114/2779/3172 3132/2801/3172 3133/2800/3172 3115/2778/3172
f 3115/2778/3173 3133/2800/3173 3134/2802/3173 3116/2780/3173
f 3116/2780/3 3134/2802/3 3135/2803/3 3117/2781/3
f 3117/2781/3174 3135/2803/3174 3136/2804/3174 3118/2782/3174
f 3118/2782/3175 3136/2804/3175 3137/2805/3175 3119/2783/3175
f 3119/2785/3176 3137/2807/3176 3138/2806/3176 3120/2784/3176
f 3120/2784/3177 3138/2806/3177 3139/2808/3177 3121/2786/3177
f 3121/2786/3178 3139/2808/3178 3140/2809/3178 3122/2787/3178
f 3122/2787/3179 3140/2809/3179 3141/2810/3179 3123/2788/3179
f 3123/2790/3180 3141/2812/3180 3142/2811/3180 3124/2789/3180
f 3124/2789/3181 3142/2811/3181 3143/2813/3181 3125/2791/3181
f 3125/2791/5 3143/2813/5 3144/2814/5 3126/2792/5
f 3126/2792/3182 3144/2814/3182 3145/2815/3182 3127/2793/3182
f 3127/2793/3183 3145/2815/3183 3146/2816/3183 3128/2794/3183
f 3128/2796/3184 3146/2818/3184 3147/2817/3184 3129/2795/3184
f 3129/2795/3185 3147/2817/3185 3130/2798/3185 3112/2776/3185
f 3130/2798/3186 3148/2820/3186 3149/2819/3186 3131/2797/3186
f 3131/2797/3187 3149/2819/3187 3150/2821/3187 3132/2799/3187
f 3132/2801/3188 3150/2823/3188 3151/2822/3188 3133/2800/3188
f 3133/2800/3189 3151/2822/3189 3152/2824/3189 3134/2802/3189
f 3134/2802/3 3152/2824/3 3153/2825/3 3135/2803/3
f 3135/2803/3190 3153/2825/3190 3154/2826/3190 3136/2804/3190
f 3136/2804/3191 3154/2826/3191 3155/2827/3191 3137/2805/3191
f 3137/2807/3192 3155/2829/3192 3156/2828/3192 3138/2806/3192
f 3138/2806/3193 3156/2828/3193 3157/2830/3193 3139/2808/3193
f 3139/2808/3194 3157/2830/3194 3158/2831/3194 3140/2809/3194
f 3140/2809/3195 3158/2831/3195 3159/2832/3195 3141/2810/3195
f 3141/2812/3196 3159/2834/3196 3160/2833/3196 3142/2811/3196
f 3142/2811/3197 3160/2833/3197 3161/2835/3197 3143/2813/3197
f 3143/2813/5 3161/2835/5 3162/2836/5 3144/2814/5
f 3144/2814/3198 3162/2836/3198 3163/2837/3198 3145/2815/3198
f 3145/2815/3199 3163/2837/3199 3164/2838/3199 3146/2816/3199
f 3146/2818/3200 3164/2840/3200 3165/2839/3200 3147/2817/3200
f 3147/2817/3201 3165/2839/3201 3148/2820/3201 3130/2798/3201
f 3148/2820/3202 3166/2842/3202 3167/2841/3202 3149/2819/3202
f 3149/2819/3203 3167/2841/3203 3168/2843/3203 3150/2821/3203
f 3150/2823/3204 3168/2845/3204 3169/2844/3204 3151/2822/3204
f 3151/2822/3205 3169/2844/3205 3170/2846/3205 3152/2824/3205
f 3152/2824/3 3170/2846/3 3171/2847/3 3153/2825/3
f 3153/2825/3206 3171/2847/3206 3172/2848/3206 3154/2826/3206
f 3154/2826/3207 3172/2848/3207 3173/2849/3207 3155/2827/3207
f 3155/2829/3208 3173/2851/3208 3174/2850/3208 3156/2828/3208
f 3156/2828/3209 3174/2850/3209 3175/2852/3209 3157/2830/3209
f 3157/2830/3210 3175/2852/3210 3176/2853/3210 3158/2831/3210
f 3158/2831/3211 3176/2853/3211 3177/2854/3211 3159/2832/3211
f 3159/2834/3212 3177/2856/3212 3178/2855/3212 3160/2833/3212
f 3160/2833/3213 3178/2855/3213 3179/2857/3213 3161/2835/3213
f 3161/2835/5 3179/2857/5 3180/2858/5 3162/2836/5
f 3162/2836/3214 3180/2858/3214 3181/2859/3214 3163/2837/3214
f 3163/2837/3215 3181/2859/3215 3182/2860/3215 3164/2838/3215
f 3164/2840/3216 3182/2862/3216 3183/2861/3216 3165/2839/3216
f 3165/2839/3217 3183/2861/3217 3166/2842/3217 3148/2820/3217
f 3166/2842/3218 3184/2864/3218 3185/2863/3218 3167/2841/3218
f 3167/2841/3219 3185/2863/3219 3186/2865/3219 3168/2843/3219
f 3168/2845/3220 3186/2867/3220 3187/2866/3220 3169/2844/3220
f 3169/2844/3221 3187/2866/3221 3188/2868/3221 3170/2846/3221
f 3170/2846/3 3188/2868/3 3189/2869/3 3171/2847/3
f 3171/2847/3222 3189/2869/3222 3190/2870/3222 3172/2848/3222
f 3172/2848/3223 3190/2870/3223 3191/2871/3223 3173/2849/3223
f 3173/2851/3224 3191/2873/3224 3192/2872/3224 3174/2850/3224
f 3174/2850/3225 3192/2872/3225 3193/2874/3225 3175/2852/3225
f 3175/2852/3226 3193/2874/3226 3194/2875/3226 3176/2853/3226
f 3176/2853/3227 3194/2875/3227 3195/2876/3227 3177/2854/3227
f 3177/2856/3228 3195/2878/3228 3196/2877/3228 3178/2855/3228
f 3178/2855/3229 3196/2877/3229 3197/2879/3229 3179/2857/3229
f 3179/2857/5 3197/2879/5 3198/2880/5 3180/2858/5
f 3180/2858/3230 3198/2880/3230 3199/2881/3230 3181/2859/3230
f 3181/2859/3231 3199/2881/3231 3200/2882/3231 3182/2860/3231
f 3182/2862/3232 3200/2884/3232 3201/2883/3232 3183/2861/3232
f 3183/2861/3233 3201/2883/3233 3184/2864/3233 3166/2842/3233
f 3184/2864/3234 3202/2886/3234 3203/2885/3234 3185/2863/3234
f 3185/2863/3235 3203/2885/3235 3204/2887/3235 3186/2865/3235
f 3186/2867/3236 3204/2889/3236 3205/2888/3236 3187/2866/3236
f 3187/2866/3237 3205/2888/3237 3206/2890/3237 3188/2868/3237
f 3188/2868/3 3206/2890/3 3207/2891/3 3189/2869/3
f 3189/2869/3238 3207/2891/3238 3208/2892/3238 3190/2870/3238
f 3190/2870/3239 3208/2892/3239 3209/2893/3239 3191/2871/3239
f 3191/2873/3240 3209/2895/3240 3210/2894/3240 3192/2872/3240
f 3192/2872/3241 3210/2894/3241 3211/2896/3241 3193/2874/3241
f 3193/2874/3242 3211/2896/3242 3212/2897/3242 3194/2875/3242
f 3194/2875/3243 3212/2897/3243 3213/2898/3243 3195/2876/3243
f 3195/2878/3244 3213/2900/3244 3214/2899/3244 3196/2877/3244
f 3196/2877/3245 3214/2899/3245 3215/2901/3245 3197/2879/3245
f 3197/2879/5 3215/2901/5 3216/2902/5 3198/2880/5
f 3198/2880/3246 3216/2902/3246 3217/2903/3246 3199/2881/3246
f 3199/2881/3247 3217/2903/3247 3218/2904/3247 3200/2882/3247
f 3200/2884/3248 3218/2906/3248 3219/2905/3248 3201/2883/3248
f 3201/2883/3249 3219/2905/3249 3202/2886/3249 3184/2864/3249
f 3202/2886/3250 3220/2908/3250 3221/2907/3250 3203/2885/3250
f 3203/2885/3251 3221/2907/3251 3222/2909/3251 3204/2887/3251
f 3204/2889/3252 3222/2911/3252 3223/2910/3252 3205/2888/3252
f 3205/2888/3253 3223/2910/3254 3224/2912/3254 3206/2890/3253
f 3206/2890/3 3224/2912/3 3225/2913/3 3207/2891/3
f 3207/2891/3255 3225/2913/3256 3226/2914/3256 3208/2892/3255
f 3208/2892/3257 3226/2914/3257 3227/2915/3257 3209/2893/3257
f 3209/2895/3258 3227/2917/3258 3228/2916/3258 3210/2894/3258
f 3210/2894/3259 3228/2916/3259 3229/2918/3259 3211/2896/3259
f 3211/2896/3260 3229/2918/3260 3230/2919/3260 3212/2897/3260
f 3212/2897/3261 3230/2919/3261 3231/2920/3261 3213/2898/3261
f 3213/2900/3262 3231/2922/3262 3232/2921/3262 3214/2899/3262
f 3214/2899/3263 3232/2921/3264 3233/2923/3264 3215/2901/3263
f 3215/2901/5 3233/2923/5 3234/2924/5 3216/2902/5
f 3216/2902/3265 3234/2924/3266 3235/2925/3266 3217/2903/3265
f 3217/2903/3267 3235/2925/3267 3236/2926/3267 3218/2904/3267
f 3218/2906/3268 3236/2928/3268 3237/2927/3268 3219/2905/3268
f 3219/2905/3269 3237/2927/3269 3220/2908/3269 3202/2886/3269
f 3220/2908/3270 3238/2930/3271 3239/2929/3271 3221/2907/3270
f 3221/2907/3272 3239/2929/3273 3240/2931/3273 3222/2909/3272
f 3222/2911/3274 3240/2933/3275 3241/2932/3275 3223/2910/3274
f 3223/2910/3254 3241/2932/3276 3242/2934/3276 3224/2912/3254
f 3224/2912/3 3242/2934/3 3243/2935/3 3225/2913/3
f 3225/2913/3256 3243/2935/3277 3244/2936/3277 3226/2914/3256
f 3226/2914/3278 3244/2936/3279 3245/2937/3279 3227/2915/3278
f 3227/2917/3280 3245/2939/3281 3246/2938/3281 3228/2916/3280
f 3228/2916/3282 3246/2938/3283 3247/2940/3283 3229/2918/3282
f 3229/2918/3284 3247/2940/3285 3248/2941/3285 3230/2919/3284
f 3230/2919/3286 3248/2941/3287 3249/2942/3287 3231/2920/3286
f 3231/2922/3288 3249/2944/3289 3250/2943/3289 3232/2921/3288
f 3232/2921/3264 3250/2943/3290 3251/2945/3290 3233/2923/3264
f 3233/2923/5 3251/2945/5 3252/2946/5 3234/2924/5
f 3234/2924/3266 3252/2946/3291 3253/2947/3291 3235/2925/3266
f 3235/2925/3292 3253/2947/3293 3254/2948/3293 3236/2926/3292
f 3236/2928/3294 3254/2950/3295 3255/2949/3295 3237/2927/3294
f 3237/2927/3296 3255/2949/3297 3238/2930/3297 3220/2908/3296
f 3238/2930/3271 3256/2952/3298 3257/2951/3298 3239/2929/3271
f 3239/2929/3273 3257/2951/3299 3258/2953/3299 3240/2931/3273
f 3240/2933/3275 3258/2955/3300 3259/2954/3300 3241/2932/3275
f 3241/2932/3276 3259/2954/3301 3260/2956/3301 3242/2934/3276
f 3242/2934/3 3260/2956/3 3261/2957/3 3243/2935/3
f 3243/2935/3277 3261/2957/3302 3262/2958/3302 3244/2936/3277
f 3244/2936/3279 3262/2958/3303 3263/2959/3303 3245/2937/3279
f 3245/2939/3281 3263/2961/3304 3264/2960/3304 3246/2938/3281
f 3246/2938/3283 3264/2960/3305 3265/2962/3305 3247/2940/3283
f 3247/2940/3285 3265/2962/3306 3266/2963/3306 3248/2941/3285
f 3248/2941/3287 3266/2963/3307 3267/2964/3307 3249/2942/3287
f 3249/2944/3289 3267/2966/3308 3268/2965/3308 3250/2943/3289
f 3250/2943/3290 3268/2965/3309 3269/2967/3309 3251/2945/3290
f 3251/2945/5 3269/2967/5 3270/2968/5 3252/2946/5
f 3252/2946/3291 3270/2968/3310 3271/2969/3310 3253/2947/3291
f 3253/2947/3293 3271/2969/3311 3272/2970/3311 3254/2948/3293
f 3254/2950/3295 3272/2972/3312 3273/2971/3312 3255/2949/3295
f 3255/2949/3297 3273/2971/3313 3256/2952/3313 3238/2930/3297
f 3256/2952/3314 3274/2974/3314 3275/2973/3314 3257/2951/3314
f 3257/2951/3315 3275/2973/3315 3276/2975/3315 3258/2953/3315
f 3258/2955/3316 3276/2977/3316 3277/2976/3316 3259/2954/3316
f 3259/2954/3317 3277/2976/3317 3278/2978/3317 3260/2956/3317
f 3260/2956/3 3278/2978/3 3279/2979/3 3261/2957/3
f 3261/2957/3318 3279/2979/3318 3280/2980/3318 3262/2958/3318
f 3262/2958/3319 3280/2980/3319 3281/2981/3319 3263/2959/3319
f 3263/2961/3320 3281/2983/3320 3282/2982/3320 3264/2960/3320
f 3264/2960/3321 3282/2982/3321 3283/2984/3321 3265/2962/3321
f 3265/2962/3322 3283/2984/3322 3284/2985/3322 3266/2963/3322
f 3266/2963/3323 3284/2985/3323 3285/2986/3323 3267/2964/3323
f 3267/2966/3324 3285/2988/3324 3286/2987/3324 3268/2965/3324
f 3268/2965/3325 3286/2987/3325 3287/2989/3325 3269/2967/3325
f 3269/2967/5 3287/2989/5 3288/2990/5 3270/2968/5
f 3270/2968/3326 3288/2990/3326 3289/2991/3326 3271/2969/3326
f 3271/2969/3327 3289/2991/3327 3290/2992/3327 3272/2970/3327
f 3272/2972/3328 3290/2994/3328 3291/2993/3328 3273/2971/3328
f 3273/2971/3329 3291/2993/3329 3274/2974/3329 3256/2952/3329
f 3274/2974/3330 3292/2996/3330 3293/2995/3330 3275/2973/3330
f 3275/2973/3331 3293/2995/3331 3294/2997/3331 3276/2975/3331
f 3276/2977/3332 3294/2999/3332 3295/2998/3332 3277/2976/3332
f 3277/2976/3333 3295/2998/3333 3296/3000/3333 3278/2978/3333
f 3278/2978/3 3296/3000/3 3297/3001/3 3279/2979/3
f 3279/2979/3334 3297/3001/3334 3298/3002/3334 3280/2980/3334
f 3280/2980/3335 3298/3002/3335 3299/3003/3335 3281/2981/3335
f 3281/2983/3336 3299/3005/3336 3300/3004/3336 3282/2982/3336
f 3282/2982/3337 3300/3004/3337 3301/3006/3337 3283/2984/3337
f 3283/2984/3338 3301/3006/3338 3302/3007/3338 3284/2985/3338
f 3284/2985/3339 3302/3007/3339 3303/3008/3339 3285/2986/3339
f 3285/2988/3340 3303/3010/3340 3304/3009/3340 3286/2987/3340
f 3286/2987/3341 3304/3009/3341 3305/3011/3341 3287/2989/3341
f 3287/2989/5 3305/3011/5 3306/3012/5 3288/2990/5
f 3288/2990/3342 3306/3012/3342 3307/3013/3342 3289/2991/3342
f 3289/2991/3343 3307/3013/3343 3308/3014/3343 3290/2992/3343
f 3290/2994/3344 3308/3016/3344 3309/3015/3344 3291/2993/3344
f 3291/2993/3345 3309/3015/3345 3292/2996/3345 3274/2974/3345
f 3292/2996/3346 3310/3018/3346 3311/3017/3346 3293/2995/3346
f 3293/2995/3347 3311/3017/3347 3312/3019/3347 3294/2997/3347
f 3294/2999/3348 3312/3021/3348 3313/3020/3348 3295/2998/3348
f 3295/2998/3349 3313/3020/3349 3314/3022/3349 3296/3000/3349
f 3296/3000/3 3314/3022/3 3315/3023/3 3297/3001/3
f 3297/3001/3350 3315/3023/3350 3316/3024/3350 3298/3002/3350
f 3298/3002/3351 3316/3024/3351 3317/3025/3351 3299/3003/3351
f 3299/3005/3352 3317/3027/3352 3318/3026/3352 3300/3004/3352
f 3300/3004/3353 3318/3026/3353 3319/3028/3353 3301/3006/3353
f 3301/3006/3354 3319/3028/3354 3320/3029/3354 3302/3007/3354
f 3302/3007/3355 3320/3029/3355 3321/3030/3355 3303/3008/3355
f 3303/3010/3356 3321/3032/3356 3322/3031/3356 3304/3009/3356
f 3304/3009/3357 3322/3031/3357 3323/3033/3357 3305/3011/3357
f 3305/3011/5 3323/3033/5 3324/3034/5 3306/3012/5
f 3306/3012/3358 3324/3034/3358 3325/3035/3358 3307/3013/3358
f 3307/3013/3359 3325/3035/3359 3326/3036/3359 3308/3014/3359
f 3308/3016/3360 3326/3038/3360 3327/3037/3360 3309/3015/3360
f 3309/3015/3361 3327/3037/3361 3310/3018/3361 3292/2996/3361
f 3310/3018/3362 3328/3040/3362 3329/3039/3362 3311/3017/3362
f 3311/3017/3363 3329/3039/3363 3330/3041/3363 3312/3019/3363
f 3312/3021/3364 3330/3043/3364 3331/3042/3364 3313/3020/3364
f 3313/3020/3365 3331/3042/3365 3332/3044/3365 3314/3022/3365
f 3314/3022/3 3332/3044/3 3333/3045/3 3315/3023/3
f 3315/3023/3366 3333/3045/3366 3334/3046/3366 3316/3024/3366
f 3316/3024/3367 3334/3046/3367 3335/3047/3367 3317/3025/3367
f 3317/3027/3368 3335/3049/3368 3336/3048/3368 3318/3026/3368
f 3318/3026/3369 3336/3048/3369 3337/3050/3369 3319/3028/3369
f 3319/3028/3370 3337/3050/3370 3338/3051/3370 3320/3029/3370
f 3320/3029/3371 3338/3051/3371 3339/3052/3371 3321/3030/3371
f 3321/3032/3372 3339/3054/3372 3340/3053/3372 3322/3031/3372
f 3322/3031/3373 3340/3053/3373 3341/3055/3373 3323/3033/3373
f 3323/3033/5 3341/3055/5 3342/3056/5 3324/3034/5
f 3324/3034/3374 3342/3056/3374 3343/3057/3374 3325/3035/3374
f 3325/3035/3375 3343/3057/3375 3344/3058/3375 3326/3036/3375
f 3326/3038/3376 3344/3060/3376 3345/3059/3376 3327/3037/3376
f 3327/3037/3377 3345/3059/3377 3328/3040/3377 3310/3018/3377
f 3328/3040/3378 3346/3062/3378 3347/3061/3378 3329/3039/3378
f 3329/3039/3379 3347/3061/3379 3348/3063/3379 3330/3041/3379
f 3330/3043/3380 3348/3065/3380 3349/3064/3380 3331/3042/3380
f 3331/3042/3381 3349/3064/3381 3350/3066/3381 3332/3044/3381
f 3332/3044/3 3350/3066/3 3351/3067/3 3333/3045/3
f 3333/3045/3382 3351/3067/3382 3352/3068/3382 3334/3046/3382
f 3334/3046/3383 3352/3068/3383 3353/3069/3383 3335/3047/3383
f 3335/3049/3384 3353/3071/3384 3354/3070/3384 3336/3048/3384
f 3336/3048/3385 3354/3070/3385 3355/3072/3385 3337/3050/3385
f 3337/3050/3386 3355/3072/3386 3356/3073/3386 3338/3051/3386
f 3338/3051/3387 3356/3073/3387 3357/3074/3387 3339/3052/3387
f 3339/3054/3388 3357/3076/3388 3358/3075/3388 3340/3053/3388
f 3340/3053/3389 3358/3075/3389 3359/3077/3389 3341/3055/3389
f 3341/3055/5 3359/3077/5 3360/3078/5 3342/3056/5
f 3342/3056/3390 3360/3078/3390 3361/3079/3390 3343/3057/3390
f 3343/3057/3391 3361/3079/3391 3362/3080/3391 3344/3058/3391
f 3344/3060/3392 3362/3082/3392 3363/3081/3392 3345/3059/3392
f 3345/3059/3393 3363/3081/3393 3346/3062/3393 3328/3040/3393
f 3346/3062/3394 3364/3084/3394 3365/3083/3394 3347/3061/3394
f 3347/3061/3395 3365/3083/3395 3366/3085/3395 3348/3063/3395
f 3348/3065/3396 3366/3087/3396 3367/3086/3396 3349/3064/3396
f 3349/3064/3397 3367/3086/3397 3368/3088/3397 3350/3066/3397
f 3350/3066/3 3368/3088/3 3369/3089/3 3351/3067/3
f 3351/3067/3398 3369/3089/3398 3370/3090/3398 3352/3068/3398
f 3352/3068/3399 3370/3090/3399 3371/3091/3399 3353/3069/3399
f 3353/3071/3400 3371/3093/3400 3372/3092/3400 3354/3070/3400
f 3354/3070/3401 3372/3092/3401 3373/3094/3401 3355/3072/3401
f 3355/3072/3402 3373/3094/3402 3374/3095/3402 3356/3073/3402
f 3356/3073/3403 3374/3095/3403 3375/3096/3403 3357/3074/3403
f 3357/3076/3404 3375/3098/3404 3376/3097/3404 3358/3075/3404
f 3358/3075/3405 3376/3097/3405 3377/3099/3405 3359/3077/3405
f 3359/3077/5 3377/3099/5 3378/3100/5 3360/3078/5
f 3360/3078/3406 3378/3100/3406 3379/3101/3406 3361/3079/3406
f 3361/3079/3407 3379/3101/3407 3380/3102/3407 3362/3080/3407
f 3362/3082/3408 3380/3104/3408 3381/3103/3408 3363/3081/3408
f 3363/3081/3409 3381/3103/3409 3364/3084/3409 3346/3062/3409
f 3364/3084/3410 3382/3106/3410 3383/3105/3410 3365/3083/3410
f 3365/3083/3411 3383/3105/3411 3384/3107/3411 3366/3085/3411
f 3366/3087/3412 3384/3109/3412 3385/3108/3412 3367/3086/3412
f 3367/3086/3413 3385/3108/3413 3386/3110/3413 3368/3088/3413
f 3368/3088/3 3386/3110/3 3387/3111/3 3369/3089/3
f 3369/3089/3414 3387/3111/3414 3388/3112/3414 3370/3090/3414
f 3370/3090/3415 3388/3112/3415 3389/3113/3415 3371/3091/3415
f 3371/3093/3416 3389/3115/3416 3390/3114/3416 3372/3092/3416
f 3372/3092/3417 3390/3114/3417 3391/3116/3417 3373/3094/3417
f 3373/3094/3418 3391/3116/3418 3392/3117/3418 3374/3095/3418
f 3374/3095/3419 3392/3117/3419 3393/3118/3419 3375/3096/3419
f 3375/3098/3420 3393/3120/3420 3394/3119/3420 3376/3097/3420
f 3376/3097/3421 3394/3119/3421 3395/3121/3421 3377/3099/3421
f 3377/3099/5 3395/3121/5 3396/3122/5 3378/3100/5
f 3378/3100/3422 3396/3122/3422 3397/3123/3422 3379/3101/3422
f 3379/3101/3423 3397/3123/3423 3398/3124/3423 3380/3102/3423
f 3380/3104/3424 3398/3126/3424 3399/3125/3424 3381/3103/3424
f 3381/3103/3425 3399/3125/3425 3382/3106/3425 3364/3084/3425
f 3382/3106/3426 3400/3128/3426 3401/3127/3426 3383/3105/3426
f 3383/3105/3427 3401/3127/3427 3402/3129/3427 3384/3107/3427
f 3384/3109/3428 3402/3131/3428 3403/3130/3428 3385/3108/3428
f 3385/3108/3429 3403/3130/3429 3404/3132/3429 3386/3110/3429
f 3386/3110/3 3404/3132/3 3405/3133/3 3387/3111/3
f 3387/3111/3430 3405/3133/3430 3406/3134/3430 3388/3112/3430
f 3388/3112/3431 3406/3134/3431 3407/3135/3431 3389/3113/3431
f 3389/3115/3432 3407/3137/3432 3408/3136/3432 3390/3114/3432
f 3390/3114/3433 3408/3136/3433 3409/3138/3433 3391/3116/3433
f 3391/3116/3434 3409/3138/3434 3410/3139/3434 3392/3117/3434
f 3392/3117/3435 3410/3139/3435 3411/3140/3435 3393/3118/3435
f 3393/3120/3436 3411/3142/3436 3412/3141/3436 3394/3119/3436
f 3394/3119/3437 3412/3141/3437 3413/3143/3437 3395/3121/3437
f 3395/3121/5 3413/3143/5 3414/3144/5 3396/3122/5
f 3396/3122/3438 3414/3144/3438 3415/3145/3438 3397/3123/3438
f 3397/3123/3439 3415/3145/3439 3416/3146/3439 3398/3124/3439
f 3398/3126/3440 3416/3148/3440 3417/3147/3440 3399/3125/3440
f 3399/3125/3441 3417/3147/3441 3400/3128/3441 3382/3106/3441
f 3400/3128/3442 3418/3150/3443 3419/3149/3443 3401/3127/3442
f 3401/3127/3444 3419/3149/3445 3420/3151/3445 3402/3129/3444
f 3402/3131/3446 3420/3153/3447 3421/3152/3447 3403/3130/3446
f 3403/3130/3448 3421/3152/3449 3422/3154/3449 3404/3132/3448
f 3404/3132/3 3422/3154/3 3423/3155/3 3405/3133/3
f 3405/3133/3450 3423/3155/3451 3424/3156/3451 3406/3134/3450
f 3406/3134/3452 3424/3156/3453 3425/3157/3453 3407/3135/3452
f 3407/3137/3454 3425/3159/3455 3426/3158/3455 3408/3136/3454
f 3408/3136/3456 3426/3158/3457 3427/3160/3457 3409/3138/3456
f 3409/3138/3458 3427/3160/3459 3428/3161/3459 3410/3139/3458
f 3410/3139/3460 3428/3161/3461 3429/3162/3461 3411/3140/3460
f 3411/3142/3462 3429/3164/3463 3430/3163/3463 3412/3141/3462
f 3412/3141/3464 3430/3163/3465 3431/3165/3465 3413/3143/3464
f 3413/3143/5 3431/3165/5 3432/3166/5 3414/3144/5
f 3414/3144/3466 3432/3166/3467 3433/3167/3467 3415/3145/3466
f 3415/3145/3468 3433/3167/3469 3434/3168/3469 3416/3146/3468
f 3416/3148/3470 3434/3170/3471 3435/3169/3471 3417/3147/3470
f 3417/3147/3472 3435/3169/3473 3418/3150/3473 3400/3128/3472
f 3418/3150/3443 3436/3172/3474 3437/3171/3474 3419/3149/3443
f 3419/3149/3445 3437/3171/3475 3438/3173/3475 3420/3151/3445
f 3420/3153/3447 3438/3175/3476 3439/3174/3476 3421/3152/3447
f 3421/3152/3449 3439/3174/3477 3440/3176/3477 3422/3154/3449
f 3422/3154/3 3440/3176/3 3441/3177/3 3423/3155/3
f 3423/3155/3451 3441/3177/3478 3442/3178/3478 3424/3156/3451
f 3424/3156/3453 3442/3178/3479 3443/3179/3479 3425/3157/3453
f 3425/3159/3455 3443/3181/3480 3444/3180/3480 3426/3158/3455
f 3426/3158/3457 3444/3180/3481 3445/3182/3481 3427/3160/3457
f 3427/3160/3459 3445/3182/3482 3446/3183/3482 3428/3161/3459
f 3428/3161/3461 3446/3183/3483 3447/3184/3483 3429/3162/3461
f 3429/3164/3463 3447/3186/3484 3448/3185/3484 3430/3163/3463
f 3430/3163/3465 3448/3185/3485 3449/3187/3485 3431/3165/3465
f 3431/3165/5 3449/3187/5 3450/3188/5 3432/3166/5
f 3432/3166/3467 3450/3188/3486 3451/3189/3486 3433/3167/3467
f 3433/3167/3469 3451/3189/3487 3452/3190/3487 3434/3168/3469
f 3434/3170/3471 3452/3192/3488 3453/3191/3488 3435/3169/3471
f 3435/3169/3473 3453/3191/3489 3436/3172/3489 3418/3150/3473
f 3436/3172/3490 3454/3194/3490 3455/3193/3490 3437/3171/3490
f 3437/3171/3491 3455/3193/3491 3456/3195/3491 3438/3173/3491
f 3438/3175/3492 3456/3197/3492 3457/3196/3492 3439/3174/3492
f 3439/3174/3493 3457/3196/3493 3458/3198/3493 3440/3176/3493
f 3440/3176/3 3458/3198/3 3459/3199/3 3441/3177/3
f 3441/3177/3494 3459/3199/3494 3460/3200/3494 3442/3178/3494
f 3442/3178/3495 3460/3200/3495 3461/3201/3495 3443/3179/3495
f 3443/3181/3496 3461/3203/3496 3462/3202/3496 3444/3180/3496
f 3444/3180/3497 3462/3202/3497 3463/3204/3497 3445/3182/3497
f 3445/3182/3498 3463/3204/3498 3464/3205/3498 3446/3183/3498
f 3446/3183/3499 3464/3205/3499 3465/3206/3499 3447/3184/3499
f 3447/3186/3500 3465/3208/3500 3466/3207/3500 3448/3185/3500
f 3448/3185/3501 3466/3207/3501 3467/3209/3501 3449/3187/3501
f 3449/3187/5 3467/3209/5 3468/3210/5 3450/3188/5
f 3450/3188/3502 3468/3210/3502 3469/3211/3502 3451/3189/3502
f 3451/3189/3503 3469/3211/3503 3470/3212/3503 3452/3190/3503
f 3452/3192/3504 3470/3214/3504 3471/3213/3504 3453/3191/3504
f 3453/3191/3505 3471/3213/3505 3454/3194/3505 3436/3172/3505
f 3454/3194/3506 3472/3216/3506 3473/3215/3506 3455/3193/3506
f 3455/3193/3507 3473/3215/3507 3474/3217/3507 3456/3195/3507
f 3456/3197/3508 3474/3219/3508 3475/3218/3508 3457/3196/3508
f 3457/3196/3509 3475/3218/3509 3476/3220/3509 3458/3198/3509
f 3458/3198/3 3476/3220/3 3477/3221/3 3459/3199/3
f 3459/3199/3510 3477/3221/3510 3478/3222/3510 3460/3200/3510
f 3460/3200/3511 3478/3222/3511 3479/3223/3511 3461/3201/3511
f 3461/3203/3512 3479/3225/3512 3480/3224/3512 3462/3202/3512
f 3462/3202/3513 3480/3224/3513 3481/3226/3513 3463/3204/3513
f 3463/3204/3514 3481/3226/3514 3482/3227/3514 3464/3205/3514
f 3464/3205/3515 3482/3227/3515 3483/3228/3515 3465/3206/3515
f 3465/3208/3516 3483/3230/3516 3484/3229/3516 3466/3207/3516
f 3466/3207/3517 3484/3229/3517 3485/3231/3517 3467/3209/3517
f 3467/3209/5 3485/3231/5 3486/3232/5 3468/3210/5
f 3468/3210/3518 3486/3232/3518 3487/3233/3518 3469/3211/3518
f 3469/3211/3519 3487/3233/3519 3488/3234/3519 3470/3212/3519
f 3470/3214/3520 3488/3236/3520 3489/3235/3520 3471/3213/3520
f 3471/3213/3521 3489/3235/3521 3472/3216/3521 3454/3194/3521
f 3472/3216/3522 3490/3238/3522 3491/3237/3522 3473/3215/3522
f 3473/3215/3523 3491/3237/3523 3492/3239/3523 3474/3217/3523
f 3474/3219/3524 3492/3241/3524 3493/3240/3524 3475/3218/3524
f 3475/3218/3525 3493/3240/3525 3494/3242/3525 3476/3220/3525
f 3476/3220/3 3494/3242/3 3495/3243/3 3477/3221/3
f 3477/3221/3526 3495/3243/3526 3496/3244/3526 3478/3222/3526
f 3478/3222/3527 3496/3244/3527 3497/3245/3527 3479/3223/3527
f 3479/3225/3528 3497/3247/3528 3498/3246/3528 3480/3224/3528
f 3480/3224/3529 3498/3246/3529 3499/3248/3529 3481/3226/3529
f 3481/3226/3530 3499/3248/3530 3500/3249/3530 3482/3227/3530
f 3482/3227/3531 3500/3249/3531 3501/3250/3531 3483/3228/3531
f 3483/3230/3532 3501/3252/3532 3502/3251/3532 3484/3229/3532
f 3484/3229/3533 3502/3251/3533 3503/3253/3533 3485/3231/3533
f 3485/3231/5 3503/3253/5 3504/3254/5 3486/3232/5
f 3486/3232/3534 3504/3254/3534 3505/3255/3534 3487/3233/3534
f 3487/3233/3535 3505/3255/3535 3506/3256/3535 3488/3234/3535
f 3488/3236/3536 3506/3258/3536 3507/3257/3536 3489/3235/3536
f 3489/3235/3537 3507/3257/3537 3490/3238/3537 3472/3216/3537
f 3490/3238/3538 3508/3260/3538 3509/3259/3538 3491/3237/3538
f 3491/3237/3539 3509/3259/3539 3510/3261/3539 3492/3239/3539
f 3492/3241/3540 3510/3263/3540 3511/3262/3540 3493/3240/3540
f 3493/3240/3541 3511/3262/3541 3512/3264/3541 3494/3242/3541
f 3494/3242/3 3512/3264/3 3513/3265/3 3495/3243/3
f 3495/3243/3542 3513/3265/3542 3514/3266/3542 3496/3244/3542
f 3496/3244/3543 3514/3266/3543 3515/3267/3543 3497/3245/3543
f 3497/3247/3544 3515/3269/3544 3516/3268/3544 3498/3246/3544
f 3498/3246/3545 3516/3268/3545 3517/3270/3545 3499/3248/3545
f 3499/3248/3546 3517/3270/3546 3518/3271/3546 3500/3249/3546
f 3500/3249/3547 3518/3271/3547 3519/3272/3547 3501/3250/3547
f 3501/3252/3548 3519/3274/3548 3520/3273/3548 3502/3251/3548
f 3502/3251/3549 3520/3273/3549 3521/3275/3549 3503/3253/3549
f 3503/3253/5 3521/3275/5 3522/3276/5 3504/3254/5
f 3504/3254/3550 3522/3276/3550 3523/3277/3550 3505/3255/3550
f 3505/3255/3551 3523/3277/3551 3524/3278/3551 3506/3256/3551
f 3506/3258/3552 3524/3280/3552 3525/3279/3552 3507/3257/3552
f 3507/3257/3553 3525/3279/3553 3508/3260/3553 3490/3238/3553
f 3508/3260/3554 3526/3282/3554 3527/3281/3554 3509/3259/3554
f 3509/3259/3555 3527/3281/3555 3528/3283/3555 3510/3261/3555
f 3510/3263/3556 3528/3285/3556 3529/3284/3556 3511/3262/3556
f 3511/3262/3557 3529/3284/3557 3530/3286/3557 3512/3264/3557
f 3512/3264/3 3530/3286/3 3531/3287/3 3513/3265/3
f 3513/3265/3558 3531/3287/3558 3532/3288/3558 3514/3266/3558
f 3514/3266/3559 3532/3288/3559 3533/3289/3559 3515/3267/3559
f 3515/3269/3560 3533/3291/3560 3534/3290/3560 3516/3268/3560
f 3516/3268/3561 3534/3290/3561 3535/3292/3561 3517/3270/3561
f 3517/3270/3562 3535/3292/3562 3536/3293/3562 3518/3271/3562
f 3518/3271/3563 3536/3293/3563 3537/3294/3563 3519/3272/3563
f 3519/3274/3564 3537/3296/3564 3538/3295/3564 3520/3273/3564
f 3520/3273/3565 3538/3295/3565 3539/3297/3565 3521/3275/3565
f 3521/3275/5 3539/3297/5 3540/3298/5 3522/3276/5
f 3522/3276/3566 3540/3298/3566 3541/3299/3566 3523/3277/3566
f 3523/3277/3567 3541/3299/3567 3542/3300/3567 3524/3278/3567
f 3524/3280/3568 3542/3302/3568 3543/3301/3568 3525/3279/3568
f 3525/3279/3569 3543/3301/3569 3526/3282/3569 3508/3260/3569
f 3526/3282/3570 3544/3304/3570 3545/3303/3570 3527/3281/3570
f 3527/3281/3571 3545/3303/3571 3546/3305/3571 3528/3283/3571
f 3528/3285/3572 3546/3307/3572 3547/3306/3572 3529/3284/3572
f 3529/3284/3573 3547/3306/3573 3548/3308/3573 3530/3286/3573
f 3530/3286/3 3548/3308/3 3549/3309/3 3531/3287/3
f 3531/3287/3574 3549/3309/3574 3550/3310/3574 3532/3288/3574
f 3532/3288/3575 3550/3310/3575 3551/3311/3575 3533/3289/3575
f 3533/3291/3576 3551/3313/3576 3552/3312/3576 3534/3290/3576
f 3534/3290/3577 3552/3312/3577 3553/3314/3577 3535/3292/3577
f 3535/3292/3578 3553/3314/3578 3554/3315/3578 3536/3293/3578
f 3536/3293/3579 3554/3315/3579 3555/3316/3579 3537/3294/3579
f 3537/3296/3580 3555/3318/3580 3556/3317/3580 3538/3295/3580
f 3538/3295/3581 3556/3317/3581 3557/3319/3581 3539/3297/3581
f 3539/3297/5 3557/3319/5 3558/3320/5 3540/3298/5
f 3540/3298/3582 3558/3320/3582 3559/3321/3582 3541/3299/3582
f 3541/3299/3583 3559/3321/3583 3560/3322/3583 3542/3300/3583
f 3542/3302/3584 3560/3324/3584 3561/3323/3584 3543/3301/3584
f 3543/3301/3585 3561/3323/3585 3544/3304/3585 3526/3282/3585
f 3544/3304/3586 3562/3326/3586 3563/3325/3586 3545/3303/3586
f 3545/3303/3587 3563/3325/3587 3564/3327/3587 3546/3305/3587
f 3546/3307/3588 3564/3329/3588 3565/3328/3588 3547/3306/3588
f 3547/3306/3589 3565/3328/3589 3566/3330/3589 3548/3308/3589
f 3548/3308/3 3566/3330/3 3567/3331/3 3549/3309/3
f 3549/3309/3590 3567/3331/3590 3568/3332/3590 3550/3310/3590
f 3550/3310/3591 3568/3332/3591 3569/3333/3591 3551/3311/3591
f 3551/3313/3592 3569/3335/3592 3570/3334/3592 3552/3312/3592
f 3552/3312/3593 3570/3334/3593 3571/3336/3593 3553/3314/3593
f 3553/3314/3594 3571/3336/3594 3572/3337/3594 3554/3315/3594
f 3554/3315/3595 3572/3337/3595 3573/3338/3595 3555/3316/3595
f 3555/3318/3596 3573/3340/3596 3574/3339/3596 3556/3317/3596
f 3556/3317/3597 3574/3339/3597 3575/3341/3597 3557/3319/3597
f 3557/3319/5 3575/3341/5 3576/3342/5 3558/3320/5
f 3558/3320/3598 3576/3342/3598 3577/3343/3598 3559/3321/3598
f 3559/3321/3599 3577/3343/3599 3578/3344/3599 3560/3322/3599
f 3560/3324/3600 3578/3346/3600 3579/3345/3600 3561/3323/3600
f 3561/3323/3601 3579/3345/3601 3562/3326/3601 3544/3304/3601
f 3562/3326/3602 3580/3348/3602 3581/3347/3602 3563/3325/3602
f 3563/3325/3603 3581/3347/3603 3582/3349/3603 3564/3327/3603
f 3564/3329/3604 3582/3351/3604 3583/3350/3604 3565/3328/3604
f 3565/3328/3605 3583/3350/3605 3584/3352/3605 3566/3330/3605
f 3566/3330/3 3584/3352/3 3585/3353/3 3567/3331/3
f 3567/3331/3606 3585/3353/3606 3586/3354/3606 3568/3332/3606
f 3568/3332/3607 3586/3354/3607 3587/3355/3607 3569/3333/3607
f 3569/3335/3608 3587/3357/3608 3588/3356/3608 3570/3334/3608
f 3570/3334/3609 3588/3356/3609 3589/3358/3609 3571/3336/3609
f 3571/3336/3610 3589/3358/3610 3590/3359/3610 3572/3337/3610
f 3572/3337/3611 3590/3359/3611 3591/3360/3611 3573/3338/3611
f 3573/3340/3612 3591/3362/3612 3592/3361/3612 3574/3339/3612
f 3574/3339/3613 3592/3361/3613 3593/3363/3613 3575/3341/3613
f 3575/3341/5 3593/3363/5 3594/3364/5 3576/3342/5
f 3576/3342/3614 3594/3364/3614 3595/3365/3614 3577/3343/3614
f 3577/3343/3615 3595/3365/3615 3596/3366/3615 3578/3344/3615
f 3578/3346/3616 3596/3368/3616 3597/3367/3616 3579/3345/3616
f 3579/3345/3617 3597/3367/3617 3580/3348/3617 3562/3326/3617
f 3580/3348/3618 3598/3370/3618 3599/3369/3618 3581/3347/3618
f 3581/3347/3619 3599/3369/3619 3600/3371/3619 3582/3349/3619
f 3582/3351/3620 3600/3373/3620 3601/3372/3620 3583/3350/3620
f 3583/3350/3621 3601/3372/3621 3602/3374/3621 3584/3352/3621
f 3584/3352/3 3602/3374/3 3603/3375/3 3585/3353/3
f 3585/3353/3622 3603/3375/3622 3604/3376/3622 3586/3354/3622
f 3586/3354/3623 3604/3376/3623 3605/3377/3623 3587/3355/3623
f 3587/3357/3624 3605/3379/3624 3606/3378/3624 3588/3356/3624
f 3588/3356/3625 3606/3378/3625 3607/3380/3625 3589/3358/3625
f 3589/3358/3626 3607/3380/3626 3608/3381/3626 3590/3359/3626
f 3590/3359/3627 3608/3381/3627 3609/3382/3627 3591/3360/3627
f 3591/3362/3628 3609/3384/3628 3610/3383/3628 3592/3361/3628
f 3592/3361/3629 3610/3383/3629 3611/3385/3629 3593/3363/3629
f 3593/3363/5 3611/3385/5 3612/3386/5 3594/3364/5
f 3594/3364/3630 3612/3386/3630 3613/3387/3630 3595/3365/3630
f 3595/3365/3631 3613/3387/3631 3614/3388/3631 3596/3366/3631
f 3596/3368/3632 3614/3390/3632 3615/3389/3632 3597/3367/3632
f 3597/3367/3633 3615/3389/3633 3598/3370/3633 3580/3348/3633
f 3598/3370/3634 3616/3392/3634 3617/3391/3634 3599/3369/3634
f 3599/3369/3635 3617/3391/3635 3618/3393/3635 3600/3371/3635
f 3600/3373/3636 3618/3395/3636 3619/3394/3636 3601/3372/3636
f 3601/3372/3637 3619/3394/3637 3620/3396/3637 3602/3374/3637
f 3602/3374/3 3620/3396/3 3621/3397/3 3603/3375/3
f 3603/3375/3638 3621/3397/3638 3622/3398/3638 3604/3376/3638
f 3604/3376/3639 3622/3398/3639 3623/3399/3639 3605/3377/3639
f 3605/3379/3640 3623/3401/3640 3624/3400/3640 3606/3378/3640
f 3606/3378/3641 3624/3400/3641 3625/3402/3641 3607/3380/3641
f 3607/3380/3642 3625/3402/3642 3626/3403/3642 3608/3381/3642
f 3608/3381/3643 3626/3403/3643 3627/3404/3643 3609/3382/3643
f 3609/3384/3644 3627/3406/3644 3628/3405/3644 3610/3383/3644
f 3610/3383/3645 3628/3405/3645 3629/3407/3645 3611/3385/3645
f 3611/3385/5 3629/3407/5 3630/3408/5 3612/3386/5
f 3612/3386/3646 3630/3408/3646 3631/3409/3646 3613/3387/3646
f 3613/3387/3647 3631/3409/3647 3632/3410/3647 3614/3388/3647
f 3614/3390/3648 3632/3412/3648 3633/3411/3648 3615/3389/3648
f 3615/3389/3649 3633/3411/3649 3616/3392/3649 3598/3370/3649
f 3616/3392/3650 3634/3414/3650 3635/3413/3650 3617/3391/3650
f 3617/3391/3651 3635/3413/3651 3636/3415/3651 3618/3393/3651
f 3618/3395/3652 3636/3417/3652 3637/3416/3652 3619/3394/3652
f 3619/3394/3653 3637/3416/3653 3638/3418/3653 3620/3396/3653
f 3620/3396/3 3638/3418/3 3639/3419/3 3621/3397/3
f 3621/3397/3654 3639/3419/3654 3640/3420/3654 3622/3398/3654
f 3622/3398/3655 3640/3420/3655 3641/3421/3655 3623/3399/3655
f 3623/3401/3656 3641/3423/3656 3642/3422/3656 3624/3400/3656
f 3624/3400/3657 3642/3422/3657 3643/3424/3657 3625/3402/3657
f 3625/3402/3658 3643/3424/3658 3644/3425/3658 3626/3403/3658
f 3626/3403/3659 3644/3425/3659 3645/3426/3659 3627/3404/3659
f 3627/3406/3660 3645/3428/3660 3646/3427/3660 3628/3405/3660
f 3628/3405/3661 3646/3427/3661 3647/3429/3661 3629/3407/3661
f 3629/3407/5 3647/3429/5 3648/3430/5 3630/3408/5
f 3630/3408/3662 3648/3430/3662 3649/3431/3662 3631/3409/3662
f 3631/3409/3663 3649/3431/3663 3650/3432/3663 3632/3410/3663
f 3632/3412/3664 3650/3434/3664 3651/3433/3664 3633/3411/3664
f 3633/3411/3665 3651/3433/3665 3634/3414/3665 3616/3392/3665
f 3634/3414/3666 3652/3436/3666 3653/3435/3666 3635/3413/3666
f 3635/3413/3667 3653/3435/3667 3654/3437/3667 3636/3415/3667
f 3636/3417/3668 3654/3439/3668 3655/3438/3668 3637/3416/3668
f 3637/3416/3669 3655/3438/3669 3656/3440/3669 3638/3418/3669
f 3638/3418/3 3656/3440/3 3657/3441/3 3639/3419/3
f 3639/3419/3670 3657/3441/3670 3658/3442/3670 3640/3420/3670
f 3640/3420/3671 3658/3442/3671 3659/3443/3671 3641/3421/3671
f 3641/3423/3672 3659/3445/3672 3660/3444/3672 3642/3422/3672
f 3642/3422/3673 3660/3444/3673 3661/3446/3673 3643/3424/3673
f 3643/3424/3674 3661/3446/3674 3662/3447/3674 3644/3425/3674
f 3644/3425/3675 3662/3447/3675 3663/3448/3675 3645/3426/3675
f 3645/3428/3676 3663/3450/3676 3664/3449/3676 3646/3427/3676
f 3646/3427/3677 3664/3449/3677 3665/3451/3677 3647/3429/3677
f 3647/3429/5 3665/3451/5 3666/3452/5 3648/3430/5
f 3648/3430/3678 3666/3452/3678 3667/3453/3678 3649/3431/3678
f 3649/3431/3679 3667/3453/3679 3668/3454/3679 3650/3432/3679
f 3650/3434/3680 3668/3456/3680 3669/3455/3680 3651/3433/3680
f 3651/3433/3681 3669/3455/3681 3652/3436/3681 3634/3414/3681
f 2680/3459/3684 2681/3458/3683 2682/3457/3682
f 2680/3459/3684 2682/3457/3682 2689/3461/3686 2691/3460/3685
f 2696/3463/3688 2680/3459/3684 2691/3460/3685 2694/3462/3687
f 2680/3459/3684 2696/3463/3688 2697/3464/3689
f 2682/3457/3682 2683/3467/3691 2684/3466/3691 2685/3465/3690
f 2682/3457/3682 2685/3465/3690 2687/3468/3692 2689/3461/3686
f 2685/3465/3690 2686/3469/3693 2687/3468/3692
f 2687/3468/3692 2688/3470/3694 2689/3461/3686
f 2689/3461/3686 2690/3471/3695 2691/3460/3685
f 2691/3460/3685 2692/3473/3696 2693/3472/3696 2694/3462/3687
f 2694/3462/3687 2695/3474/3693 2696/3463/3688
f 3654/3477/3699 3653/3476/3698 3652/3475/3697
f 3661/3480/3702 3657/3479/3701 3652/3475/3697 3666/3478/3700
f 3652/3475/3697 3657/3479/3701 3656/3482/3704 3655/3481/3703
f 3652/3475/3697 3655/3481/3703 3654/3477/3699
f 3652/3475/3697 3668/3484/3706 3667/3483/3705 3666/3478/3700
f 3661/3480/3702 3666/3478/3700 3665/3486/3704 3664/3485/3707
f 3661/3480/3702 3664/3485/3707 3663/3488/3708 3662/3487/3708
f 3661/3480/3702 3660/3490/3710 3659/3489/3709
f 3661/3480/3702 3659/3489/3709 3658/3491/3705 3657/3479/3701
f 3669/3492/3711 3668/3484/3706 3652/3475/3697

v -23.688225 -24.657471 17.979001
v -23.577608 -24.359458 18.080647
v -23.577608 -24.070500 18.003221
v -23.577601 -23.799377 17.876794
v -23.577601 -23.554326 17.705208
v -23.577601 -23.342794 17.493676
v -23.577601 -23.171208 17.248625
v -23.577609 -23.044782 16.977502
v -23.577609 -22.967355 16.688544
v -23.577609 -22.941283 16.390531
v -23.577609 -22.967355 16.092518
v -23.577609 -23.044781 15.803561
v -23.577609 -23.171208 15.532437
v -23.577609 -23.342794 15.287387
v -23.577609 -23.554326 15.075855
v -23.577609 -23.799376 14.904269
v -23.577609 -24.070499 14.777842
v -23.577609 -24.359457 14.700416
v -23.577609 -24.657470 14.674343
v -23.577609 -24.955483 14.700416
v -23.577609 -25.244441 14.777842
v -23.577609 -25.515564 14.904269
v -23.577608 -25.760614 15.075854
v -23.577608 -25.972147 15.287387
v -23.577608 -26.143733 15.532437
v -23.577608 -26.270160 15.803560
v -23.577608 -26.347586 16.092518
v -23.577608 -26.373659 16.390530
v -23.577608 -26.347586 16.688543
v -23.577608 -26.270160 16.977501
v -23.577608 -26.143734 17.248624
v -23.577608 -25.972148 17.493675
v -23.577608 -25.760616 17.705207
v -23.577608 -25.515566 17.876793
v -23.577608 -25.244443 18.003220
v -23.688225 -24.933307 17.954869
v -22.322724 -24.657471 18.106719
v -22.322724 -24.359458 18.080646
v -22.322724 -24.070500 18.003220
v -22.322724 -23.799377 17.876793
v -22.322724 -23.554326 17.705207
v -22.322724 -23.342794 17.493675
v -22.322724 -23.171208 17.248625
v -22.322724 -23.044781 16.977502
v -22.322724 -22.967356 16.688544
v -22.322724 -22.941283 16.390531
v -22.322724 -22.967355 16.092518
v -22.322724 -23.044781 15.803560
v -22.322724 -23.171208 15.532437
v -22.322724 -23.342794 15.287387
v -22.322724 -23.554326 15.075855
v -22.322724 -23.799376 14.904269
v -22.322724 -24.070499 14.777842
v -22.322724 -24.359457 14.700416
v -22.322724 -24.657470 14.674343
v -22.322724 -24.955483 14.700416
v -22.322724 -25.244441 14.777841
v -22.322724 -25.515564 14.904268
v -22.322724 -25.760614 15.075854
v -22.322724 -25.972147 15.287386
v -22.322724 -26.143733 15.532436
v -22.322724 -26.270160 15.803559
v -22.322724 -26.347586 16.092517
v -22.322724 -26.373659 16.390530
v -22.322723 -26.347586 16.688543
v -22.322723 -26.270160 16.977501
v -22.322723 -26.143734 17.248624
v -22.322723 -25.972148 17.493675
v -22.322723 -25.760616 17.705207
v -22.322723 -25.515566 17.876793
v -22.322723 -25.244443 18.003220
v -22.322723 -24.955485 18.080646
v -23.688218 -24.657471 16.390531
v -23.577608 -24.657471 18.106719
v -23.688225 -24.381636 17.954869
v -23.688225 -24.114182 17.883205
v -23.688218 -23.863235 17.766187
v -23.688218 -23.636422 17.607370
v -23.688218 -23.440632 17.411580
v -23.688218 -23.281815 17.184766
v -23.688226 -23.164797 16.933820
v -23.688226 -23.093133 16.666366
v -23.688226 -23.069000 16.390531
v -23.688226 -23.093133 16.114696
v -23.688226 -23.164797 15.847242
v -23.688226 -23.281815 15.596296
v -23.688226 -23.440631 15.369482
v -23.688226 -23.636421 15.173693
v -23.688226 -23.863235 15.014876
v -23.688226 -24.114181 14.897857
v -23.688226 -24.381635 14.826193
v -23.688226 -24.657470 14.802060
v -23.688226 -24.933305 14.826193
v -23.688226 -25.200759 14.897857
v -23.688226 -25.451705 15.014875
v -23.688225 -25.678519 15.173692
v -23.688225 -25.874309 15.369482
v -23.688225 -26.033126 15.596295
v -23.688225 -26.150144 15.847242
v -23.688225 -26.221809 16.114696
v -23.688225 -26.245941 16.390530
v -23.688225 -26.221809 16.666365
v -23.688225 -26.150145 16.933819
v -23.688225 -26.033127 17.184766
v -23.688225 -25.874310 17.411580
v -23.688225 -25.678521 17.607370
v -23.688225 -25.451707 17.766187
v -23.688225 -25.200761 17.883205
v -23.577608 -24.955485 18.080646
v -23.660566 -24.657471 18.074790
v -23.660566 -24.365002 18.049202
v -23.660566 -24.081420 17.973217
v -23.660566 -23.815341 17.849142
v -23.660566 -23.574850 17.680748
v -23.660566 -23.367254 17.473152
v -23.660566 -23.198860 17.232660
v -23.660566 -23.074785 16.966582
v -23.660566 -22.998800 16.683000
v -23.660566 -22.973212 16.390531
v -23.660566 -22.998800 16.098063
v -23.660566 -23.074785 15.814481
v -23.660566 -23.198860 15.548402
v -23.660566 -23.367253 15.307911
v -23.660566 -23.574850 15.100315
v -23.660566 -23.815341 14.931921
v -23.660566 -24.081420 14.807846
v -23.660566 -24.365002 14.731860
v -23.660566 -24.657470 14.706272
v -23.660566 -24.949939 14.731860
v -23.660566 -25.233521 14.807846
v -23.660566 -25.499599 14.931920
v -23.660566 -25.740091 15.100314
v -23.660566 -25.947687 15.307910
v -23.660566 -26.116081 15.548401
v -23.660566 -26.240156 15.814480
v -23.660566 -26.316142 16.098062
v -23.660566 -26.341729 16.390530
v -23.660566 -26.316142 16.682999
v -23.660566 -26.240156 16.966581
v -23.660566 -26.116082 17.232660
v -23.660566 -25.947688 17.473151
v -23.660566 -25.740092 17.680748
v -23.660566 -25.499601 17.849142
v -23.660566 -25.233522 17.973216
v -23.660566 -24.949941 18.049202
v -23.621987 -24.657471 18.100183
v -23.682567 -24.372738 18.005333
v -23.682567 -24.096656 17.931357
v -23.682567 -23.837615 17.810564
v -23.682567 -23.603484 17.646624
v -23.682568 -23.401378 17.444518
v -23.682568 -23.237438 17.210387
v -23.682568 -23.116645 16.951346
v -23.682568 -23.042669 16.675264
v -23.682568 -23.017758 16.390531
v -23.682568 -23.042669 16.105798
v -23.682568 -23.116645 15.829717
v -23.682568 -23.237438 15.570675
v -23.682568 -23.401378 15.336545
v -23.682568 -23.603484 15.134439
v -23.682568 -23.837614 14.970499
v -23.682568 -24.096656 14.849706
v -23.682568 -24.372737 14.775730
v -23.682568 -24.657470 14.750819
v -23.682568 -24.942203 14.775730
v -23.682568 -25.218285 14.849706
v -23.682568 -25.477326 14.970498
v -23.682568 -25.711457 15.134438
v -23.682567 -25.913563 15.336544
v -23.682567 -26.077503 15.570674
v -23.682567 -26.198296 15.829716
v -23.682567 -26.272272 16.105797
v -23.682567 -26.297183 16.390530
v -23.682567 -26.272272 16.675263
v -23.682567 -26.198297 16.951345
v -23.682567 -26.077504 17.210387
v -23.682567 -25.913564 17.444517
v -23.682567 -25.711458 17.646623
v -23.682567 -25.477328 17.810563
v -23.682567 -25.218287 17.931356
v -23.621987 -24.954350 18.074210
v -23.682574 -24.657471 18.030243
v -23.621987 -24.360593 18.074212
v -23.621987 -24.072735 17.997081
v -23.621987 -23.802643 17.871136
v -23.621987 -23.558526 17.700203
v -23.621987 -23.347799 17.489476
v -23.621987 -23.176866 17.245358
v -23.621987 -23.050922 16.975267
v -23.621987 -22.973790 16.687410
v -23.621987 -22.947817 16.390531
v -23.621987 -22.973790 16.093653
v -23.621987 -23.050922 15.805795
v -23.621987 -23.176867 15.535705
v -23.621987 -23.347800 15.291587
v -23.621987 -23.558526 15.080861
v -23.621987 -23.802643 14.909928
v -23.621987 -24.072734 14.783982
v -23.621987 -24.360592 14.706851
v -23.621987 -24.657470 14.680877
v -23.621987 -24.954348 14.706851
v -23.621987 -25.242206 14.783982
v -23.621987 -25.512297 14.909927
v -23.621987 -25.756414 15.080860
v -23.621987 -25.967141 15.291587
v -23.621987 -26.138074 15.535704
v -23.621987 -26.264020 15.805795
v -23.621987 -26.341151 16.093652
v -23.621987 -26.367125 16.390530
v -23.621987 -26.341151 16.687409
v -23.621987 -26.264020 16.975266
v -23.621987 -26.138075 17.245357
v -23.621987 -25.967142 17.489475
v -23.621987 -25.756416 17.700201
v -23.621987 -25.512299 17.871134
v -23.621987 -25.242208 17.997080
v -23.682574 -24.942205 18.005332
v -23.688227 -24.657471 7.026577
v -23.577610 -24.359458 7.128223
v -23.577610 -24.070500 7.050797
v -23.577603 -23.799377 6.924370
v -23.577603 -23.554326 6.752784
v -23.577603 -23.342794 6.541252
v -23.577603 -23.171208 6.296201
v -23.577610 -23.044781 6.025079
v -23.577610 -22.967355 5.736120
v -23.577610 -22.941283 5.438107
v -23.577611 -22.967355 5.140095
v -23.577611 -23.044781 4.851137
v -23.577611 -23.171208 4.580014
v -23.577611 -23.342794 4.334963
v -23.577611 -23.554326 4.123431
v -23.577611 -23.799376 3.951845
v -23.577611 -24.070499 3.825418
v -23.577611 -24.359457 3.747992
v -23.577610 -24.657470 3.721919
v -23.577610 -24.955483 3.747992
v -23.577610 -25.244441 3.825418
v -23.577610 -25.515564 3.951845
v -23.577610 -25.760615 4.123431
v -23.577610 -25.972147 4.334963
v -23.577610 -26.143733 4.580013
v -23.577610 -26.270160 4.851136
v -23.577610 -26.347586 5.140094
v -23.577610 -26.373659 5.438106
v -23.577610 -26.347586 5.736119
v -23.577610 -26.270161 6.025077
v -23.577610 -26.143734 6.296201
v -23.577610 -25.972148 6.541251
v -23.577610 -25.760616 6.752784
v -23.577610 -25.515566 6.924370
v -23.577610 -25.244443 7.050796
v -23.688227 -24.933307 7.002446
v -22.322725 -24.657471 7.154295
v -22.322725 -24.359458 7.128222
v -22.322725 -24.070500 7.050796
v -22.322725 -23.799377 6.924370
v -22.322726 -23.554326 6.752784
v -22.322726 -23.342794 6.541252
v -22.322726 -23.171208 6.296201
v -22.322726 -23.044781 6.025078
v -22.322726 -22.967355 5.736120
v -22.322726 -22.941282 5.438107
v -22.322726 -22.967355 5.140094
v -22.322726 -23.044781 4.851137
v -22.322726 -23.171208 4.580014
v -22.322726 -23.342794 4.334963
v -22.322726 -23.554326 4.123431
v -22.322726 -23.799376 3.951845
v -22.322726 -24.070499 3.825418
v -22.322726 -24.359457 3.747992
v -22.322726 -24.657470 3.721919
v -22.322726 -24.955483 3.747992
v -22.322726 -25.244441 3.825417
v -22.322726 -25.515564 3.951845
v -22.322726 -25.760615 4.123430
v -22.322726 -25.972147 4.334963
v -22.322725 -26.143733 4.580013
v -22.322725 -26.270160 4.851136
v -22.322725 -26.347586 5.140093
v -22.322725 -26.373659 5.438106
v -22.322725 -26.347586 5.736119
v -22.322725 -26.270160 6.025077
v -22.322725 -26.143734 6.296201
v -22.322725 -25.972148 6.541251
v -22.322725 -25.760616 6.752783
v -22.322725 -25.515566 6.924369
v -22.322725 -25.244443 7.050796
v -22.322725 -24.955485 7.128222
v -23.688220 -24.657471 5.438107
v -23.577610 -24.657471 7.154296
v -23.688227 -24.381636 7.002446
v -23.688227 -24.114182 6.930782
v -23.688220 -23.863235 6.813764
v -23.688220 -23.636421 6.654947
v -23.688220 -23.440631 6.459156
v -23.688220 -23.281815 6.232343
v -23.688227 -23.164797 5.981397
v -23.688227 -23.093133 5.713943
v -23.688227 -23.069000 5.438107
v -23.688228 -23.093132 5.162273
v -23.688228 -23.164797 4.894819
v -23.688228 -23.281815 4.643872
v -23.688228 -23.440631 4.417058
v -23.688228 -23.636421 4.221268
v -23.688228 -23.863235 4.062452
v -23.688228 -24.114181 3.945434
v -23.688228 -24.381635 3.873770
v -23.688227 -24.657470 3.849636
v -23.688227 -24.933305 3.873769
v -23.688227 -25.200759 3.945433
v -23.688227 -25.451705 4.062451
v -23.688227 -25.678519 4.221268
v -23.688227 -25.874310 4.417058
v -23.688227 -26.033126 4.643872
v -23.688227 -26.150145 4.894818
v -23.688227 -26.221809 5.162272
v -23.688227 -26.245941 5.438106
v -23.688227 -26.221809 5.713942
v -23.688227 -26.150145 5.981396
v -23.688227 -26.033127 6.232342
v -23.688227 -25.874311 6.459156
v -23.688227 -25.678521 6.654947
v -23.688227 -25.451707 6.813763
v -23.688227 -25.200761 6.930781
v -23.577610 -24.955485 7.128223
v -23.660567 -24.657471 7.122367
v -23.660567 -24.365002 7.096779
v -23.660568 -24.081420 7.020793
v -23.660568 -23.815341 6.896719
v -23.660568 -23.574850 6.728324
v -23.660568 -23.367253 6.520728
v -23.660568 -23.198860 6.280236
v -23.660568 -23.074785 6.014158
v -23.660568 -22.998800 5.730576
v -23.660568 -22.973212 5.438107
v -23.660568 -22.998799 5.145639
v -23.660568 -23.074785 4.862057
v -23.660568 -23.198860 4.595978
v -23.660568 -23.367253 4.355487
v -23.660568 -23.574850 4.147890
v -23.660568 -23.815341 3.979497
v -23.660568 -24.081420 3.855422
v -23.660568 -24.365002 3.779437
v -23.660568 -24.657470 3.753848
v -23.660568 -24.949939 3.779436
v -23.660568 -25.233521 3.855422
v -23.660568 -25.499599 3.979496
v -23.660568 -25.740091 4.147889
v -23.660568 -25.947688 4.355486
v -23.660568 -26.116081 4.595977
v -23.660568 -26.240156 4.862057
v -23.660567 -26.316142 5.145638
v -23.660567 -26.341730 5.438106
v -23.660567 -26.316142 5.730575
v -23.660567 -26.240157 6.014157
v -23.660567 -26.116082 6.280236
v -23.660567 -25.947689 6.520727
v -23.660567 -25.740092 6.728323
v -23.660567 -25.499601 6.896718
v -23.660567 -25.233522 7.020793
v -23.660567 -24.949941 7.096779
v -23.621988 -24.657471 7.147760
v -23.682569 -24.372738 7.052909
v -23.682569 -24.096656 6.978933
v -23.682569 -23.837615 6.858140
v -23.682569 -23.603484 6.694200
v -23.682569 -23.401378 6.492094
v -23.682569 -23.237438 6.257963
v -23.682569 -23.116645 5.998922
v -23.682569 -23.042669 5.722840
v -23.682570 -23.017758 5.438107
v -23.682570 -23.042669 5.153374
v -23.682570 -23.116645 4.877293
v -23.682570 -23.237438 4.618252
v -23.682570 -23.401378 4.384121
v -23.682570 -23.603483 4.182016
v -23.682570 -23.837614 4.018075
v -23.682570 -24.096656 3.897282
v -23.682570 -24.372737 3.823306
v -23.682570 -24.657470 3.798395
v -23.682569 -24.942203 3.823306
v -23.682569 -25.218285 3.897282
v -23.682569 -25.477326 4.018074
v -23.682569 -25.711457 4.182015
v -23.682569 -25.913563 4.384121
v -23.682569 -26.077503 4.618251
v -23.682569 -26.198296 4.877293
v -23.682569 -26.272272 5.153373
v -23.682569 -26.297183 5.438106
v -23.682569 -26.272273 5.722839
v -23.682569 -26.198297 5.998921
v -23.682569 -26.077504 6.257963
v -23.682569 -25.913564 6.492093
v -23.682569 -25.711458 6.694199
v -23.682569 -25.477328 6.858140
v -23.682569 -25.218287 6.978933
v -23.621988 -24.954350 7.121786
v -23.682576 -24.657471 7.077820
v -23.621989 -24.360592 7.121788
v -23.621989 -24.072735 7.044657
v -23.621989 -23.802643 6.918712
v -23.621989 -23.558526 6.747779
v -23.621989 -23.347799 6.537053
v -23.621989 -23.176866 6.292935
v -23.621989 -23.050921 6.022844
v -23.621989 -22.973790 5.734986
v -23.621989 -22.947817 5.438107
v -23.621989 -22.973790 5.141229
v -23.621989 -23.050921 4.853372
v -23.621989 -23.176867 4.583281
v -23.621989 -23.347800 4.339163
v -23.621989 -23.558526 4.128437
v -23.621989 -23.802643 3.957505
v -23.621989 -24.072734 3.831558
v -23.621989 -24.360592 3.754427
v -23.621989 -24.657470 3.728453
v -23.621989 -24.954348 3.754427
v -23.621989 -25.242206 3.831558
v -23.621989 -25.512297 3.957504
v -23.621989 -25.756415 4.128436
v -23.621989 -25.967141 4.339163
v -23.621989 -26.138074 4.583280
v -23.621989 -26.264020 4.853371
v -23.621989 -26.341151 5.141228
v -23.621988 -26.367125 5.438106
v -23.621988 -26.341151 5.734985
v -23.621988 -26.264020 6.022843
v -23.621988 -26.138075 6.292934
v -23.621988 -25.967142 6.537052
v -23.621988 -25.756416 6.747778
v -23.621988 -25.512299 6.918711
v -23.621988 -25.242208 7.044656
v -23.682576 -24.942205 7.052909
v -23.688236 -24.657471 -3.066879
v -23.577612 -24.359458 -2.965234
v -23.577612 -24.070500 -3.042660
v -23.577612 -23.799377 -3.169086
v -23.577612 -23.554326 -3.340673
v -23.577612 -23.342794 -3.552204
v -23.577612 -23.171208 -3.797255
v -23.577612 -23.044781 -4.068377
v -23.577612 -22.967355 -4.357335
v -23.577612 -22.941283 -4.655348
v -23.577612 -22.967355 -4.953363
v -23.577612 -23.044781 -5.242321
v -23.577612 -23.171208 -5.513443
v -23.577612 -23.342794 -5.758494
v -23.577612 -23.554326 -5.970025
v -23.577612 -23.799376 -6.141612
v -23.577612 -24.070499 -6.268038
v -23.577612 -24.359457 -6.345464
v -23.577612 -24.657470 -6.371537
v -23.577612 -24.955483 -6.345464
v -23.577612 -25.244441 -6.268038
v -23.577612 -25.515564 -6.141612
v -23.577612 -25.760615 -5.970025
v -23.577612 -25.972147 -5.758494
v -23.577612 -26.143733 -5.513445
v -23.577612 -26.270160 -5.242321
v -23.577612 -26.347586 -4.953363
v -23.577612 -26.373659 -4.655350
v -23.577612 -26.347586 -4.357337
v -23.577612 -26.270161 -4.068380
v -23.577611 -26.143734 -3.797255
v -23.577611 -25.972148 -3.552204
v -23.577611 -25.760616 -3.340673
v -23.577611 -25.515566 -3.169086
v -23.577612 -25.244443 -3.042660
v -23.688236 -24.933307 -3.091010
v -22.322734 -24.657471 -2.939161
v -22.322734 -24.359458 -2.965234
v -22.322734 -24.070500 -3.042660
v -22.322734 -23.799377 -3.169087
v -22.322734 -23.554326 -3.340673
v -22.322734 -23.342794 -3.552205
v -22.322734 -23.171208 -3.797256
v -22.322734 -23.044781 -4.068378
v -22.322735 -22.967355 -4.357336
v -22.322735 -22.941282 -4.655348
v -22.322735 -22.967355 -4.953363
v -22.322735 -23.044781 -5.242321
v -22.322735 -23.171208 -5.513443
v -22.322735 -23.342794 -5.758494
v -22.322735 -23.554326 -5.970026
v -22.322735 -23.799376 -6.141612
v -22.322735 -24.070499 -6.268038
v -22.322735 -24.359457 -6.345464
v -22.322735 -24.657470 -6.371537
v -22.322735 -24.955483 -6.345464
v -22.322734 -25.244441 -6.268038
v -22.322734 -25.515564 -6.141612
v -22.322734 -25.760615 -5.970026
v -22.322734 -25.972147 -5.758494
v -22.322734 -26.143733 -5.513445
v -22.322734 -26.270160 -5.242321
v -22.322734 -26.347586 -4.953363
v -22.322734 -26.373659 -4.655350
v -22.322734 -26.347586 -4.357338
v -22.322734 -26.270160 -4.068380
v -22.322734 -26.143734 -3.797256
v -22.322734 -25.972148 -3.552205
v -22.322734 -25.760616 -3.340673
v -22.322734 -25.515566 -3.169087
v -22.322734 -25.244443 -3.042660
v -22.322734 -24.955485 -2.965234
v -23.688222 -24.657471 -4.655350
v -23.577612 -24.657471 -2.939161
v -23.688236 -24.381636 -3.091010
v -23.688236 -24.114182 -3.162674
v -23.688222 -23.863235 -3.279692
v -23.688222 -23.636421 -3.438510
v -23.688222 -23.440631 -3.634299
v -23.688222 -23.281815 -3.861114
v -23.688236 -23.164797 -4.112059
v -23.688236 -23.093133 -4.379515
v -23.688236 -23.069000 -4.655348
v -23.688236 -23.093132 -4.931183
v -23.688236 -23.164797 -5.198639
v -23.688236 -23.281815 -5.449584
v -23.688236 -23.440631 -5.676397
v -23.688236 -23.636421 -5.872188
v -23.688236 -23.863235 -6.031004
v -23.688236 -24.114181 -6.148024
v -23.688236 -24.381635 -6.219688
v -23.688236 -24.657470 -6.243819
v -23.688236 -24.933305 -6.219688
v -23.688236 -25.200759 -6.148024
v -23.688236 -25.451705 -6.031006
v -23.688236 -25.678519 -5.872188
v -23.688236 -25.874310 -5.676399
v -23.688236 -26.033126 -5.449584
v -23.688236 -26.150145 -5.198639
v -23.688236 -26.221809 -4.931185
v -23.688236 -26.245941 -4.655350
v -23.688236 -26.221809 -4.379515
v -23.688236 -26.150145 -4.112061
v -23.688236 -26.033127 -3.861114
v -23.688236 -25.874311 -3.634301
v -23.688236 -25.678521 -3.438510
v -23.688236 -25.451707 -3.279692
v -23.688236 -25.200761 -3.162674
v -23.577612 -24.955485 -2.965234
v -23.660576 -24.657471 -2.971090
v -23.660576 -24.365002 -2.996679
v -23.660576 -24.081420 -3.072664
v -23.660576 -23.815341 -3.196737
v -23.660576 -23.574850 -3.365131
v -23.660576 -23.367253 -3.572728
v -23.660576 -23.198860 -3.813219
v -23.660577 -23.074785 -4.079298
v -23.660577 -22.998800 -4.362881
v -23.660577 -22.973212 -4.655348
v -23.660577 -22.998799 -4.947817
v -23.660577 -23.074785 -5.231400
v -23.660577 -23.198860 -5.497479
v -23.660577 -23.367253 -5.737970
v -23.660577 -23.574850 -5.945565
v -23.660577 -23.815341 -6.113961
v -23.660577 -24.081420 -6.238034
v -23.660577 -24.365002 -6.314020
v -23.660577 -24.657470 -6.339608
v -23.660577 -24.949939 -6.314020
v -23.660577 -25.233521 -6.238034
v -23.660576 -25.499599 -6.113961
v -23.660576 -25.740091 -5.945567
v -23.660576 -25.947688 -5.737970
v -23.660576 -26.116081 -5.497479
v -23.660576 -26.240156 -5.231400
v -23.660576 -26.316142 -4.947817
v -23.660576 -26.341730 -4.655350
v -23.660576 -26.316142 -4.362881
v -23.660576 -26.240157 -4.079298
v -23.660576 -26.116082 -3.813221
v -23.660576 -25.947689 -3.572728
v -23.660576 -25.740092 -3.365133
v -23.660576 -25.499601 -3.196739
v -23.660576 -25.233522 -3.072664
v -23.660576 -24.949941 -2.996679
v -23.621997 -24.657471 -2.945697
v -23.682571 -24.372738 -3.040546
v -23.682571 -24.096656 -3.114522
v -23.682571 -23.837615 -3.235316
v -23.682571 -23.603484 -3.399257
v -23.682571 -23.401378 -3.601362
v -23.682571 -23.237438 -3.835492
v -23.682571 -23.116645 -4.094534
v -23.682571 -23.042669 -4.370615
v -23.682571 -23.017758 -4.655348
v -23.682571 -23.042669 -4.940081
v -23.682571 -23.116645 -5.216164
v -23.682571 -23.237438 -5.475206
v -23.682571 -23.401378 -5.709336
v -23.682571 -23.603483 -5.911441
v -23.682571 -23.837614 -6.075380
v -23.682571 -24.096656 -6.196174
v -23.682571 -24.372737 -6.270150
v -23.682571 -24.657470 -6.295062
v -23.682571 -24.942203 -6.270152
v -23.682571 -25.218285 -6.196174
v -23.682571 -25.477326 -6.075382
v -23.682571 -25.711457 -5.911443
v -23.682571 -25.913563 -5.709336
v -23.682571 -26.077503 -5.475206
v -23.682571 -26.198296 -5.216164
v -23.682571 -26.272272 -4.940083
v -23.682571 -26.297183 -4.655350
v -23.682571 -26.272273 -4.370617
v -23.682571 -26.198297 -4.094534
v -23.682571 -26.077504 -3.835494
v -23.682571 -25.913564 -3.601362
v -23.682571 -25.711458 -3.399257
v -23.682571 -25.477328 -3.235318
v -23.682571 -25.218287 -3.114524
v -23.621997 -24.954350 -2.971670
v -23.682585 -24.657471 -3.015636
v -23.621997 -24.360592 -2.971668
v -23.621997 -24.072735 -3.048800
v -23.621997 -23.802643 -3.174744
v -23.621997 -23.558526 -3.345676
v -23.621997 -23.347799 -3.556405
v -23.621998 -23.176866 -3.800522
v -23.621998 -23.050921 -4.070614
v -23.621998 -22.973790 -4.358470
v -23.621998 -22.947817 -4.655348
v -23.621998 -22.973790 -4.952226
v -23.621998 -23.050921 -5.240084
v -23.621998 -23.176867 -5.510176
v -23.621998 -23.347800 -5.754293
v -23.621998 -23.558526 -5.965020
v -23.621998 -23.802643 -6.135952
v -23.621998 -24.072734 -6.261898
v -23.621998 -24.360592 -6.339030
v -23.621998 -24.657470 -6.365003
v -23.621998 -24.954348 -6.339030
v -23.621998 -25.242206 -6.261898
v -23.621998 -25.512297 -6.135954
v -23.621997 -25.756415 -5.965020
v -23.621997 -25.967141 -5.754293
v -23.621997 -26.138074 -5.510176
v -23.621997 -26.264020 -5.240086
v -23.621997 -26.341151 -4.952228
v -23.621997 -26.367125 -4.655350
v -23.621997 -26.341151 -4.358472
v -23.621997 -26.264020 -4.070614
v -23.621997 -26.138075 -3.800524
v -23.621997 -25.967142 -3.556405
v -23.621997 -25.756416 -3.345678
v -23.621997 -25.512299 -3.174746
v -23.621997 -25.242208 -3.048800
v -23.682585 -24.942205 -3.040546
v -23.688237 -24.657471 -13.200042
v -23.577620 -24.359458 -13.098397
v -23.577620 -24.070500 -13.175823
v -23.577613 -23.799377 -13.302249
v -23.577613 -23.554326 -13.473835
v -23.577614 -23.342794 -13.685367
v -23.577614 -23.171208 -13.930418
v -23.577621 -23.044781 -14.201540
v -23.577621 -22.967355 -14.490498
v -23.577621 -22.941283 -14.788511
v -23.577621 -22.967355 -15.086526
v -23.577621 -23.044781 -15.375483
v -23.577621 -23.171208 -15.646605
v -23.577621 -23.342794 -15.891656
v -23.577621 -23.554326 -16.103188
v -23.577621 -23.799376 -16.274774
v -23.577621 -24.070499 -16.401201
v -23.577621 -24.359457 -16.478627
v -23.577621 -24.657470 -16.504700
v -23.577621 -24.955483 -16.478627
v -23.577621 -25.244441 -16.401201
v -23.577621 -25.515564 -16.274774
v -23.577621 -25.760615 -16.103188
v -23.577621 -25.972147 -15.891656
v -23.577620 -26.143733 -15.646607
v -23.577620 -26.270160 -15.375483
v -23.577620 -26.347586 -15.086526
v -23.577620 -26.373659 -14.788513
v -23.577620 -26.347586 -14.490500
v -23.577620 -26.270161 -14.201542
v -23.577620 -26.143734 -13.930418
v -23.577620 -25.972148 -13.685367
v -23.577620 -25.760616 -13.473835
v -23.577620 -25.515566 -13.302249
v -23.577620 -25.244443 -13.175823
v -23.688237 -24.933307 -13.224173
v -22.322736 -24.657471 -13.072324
v -22.322736 -24.359458 -13.098397
v -22.322736 -24.070500 -13.175823
v -22.322736 -23.799377 -13.302249
v -22.322736 -23.554326 -13.473836
v -22.322736 -23.342794 -13.685367
v -22.322736 -23.171208 -13.930418
v -22.322736 -23.044781 -14.201540
v -22.322736 -22.967355 -14.490498
v -22.322736 -22.941282 -14.788511
v -22.322736 -22.967355 -15.086526
v -22.322736 -23.044781 -15.375484
v -22.322736 -23.171208 -15.646606
v -22.322736 -23.342794 -15.891657
v -22.322736 -23.554326 -16.103188
v -22.322736 -23.799376 -16.274775
v -22.322736 -24.070499 -16.401201
v -22.322736 -24.359457 -16.478627
v -22.322736 -24.657470 -16.504700
v -22.322736 -24.955483 -16.478627
v -22.322736 -25.244441 -16.401201
v -22.322736 -25.515564 -16.274775
v -22.322736 -25.760615 -16.103188
v -22.322736 -25.972147 -15.891657
v -22.322736 -26.143733 -15.646608
v -22.322736 -26.270160 -15.375484
v -22.322736 -26.347586 -15.086526
v -22.322736 -26.373659 -14.788513
v -22.322736 -26.347586 -14.490500
v -22.322736 -26.270160 -14.201543
v -22.322736 -26.143734 -13.930418
v -22.322736 -25.972148 -13.685367
v -22.322736 -25.760616 -13.473836
v -22.322736 -25.515566 -13.302249
v -22.322736 -25.244443 -13.175823
v -22.322736 -24.955485 -13.098397
v -23.688231 -24.657471 -14.788513
v -23.577620 -24.657471 -13.072324
v -23.688237 -24.381636 -13.224173
v -23.688237 -24.114182 -13.295837
v -23.688230 -23.863235 -13.412855
v -23.688231 -23.636421 -13.571673
v -23.688231 -23.440631 -13.767462
v -23.688231 -23.281815 -13.994276
v -23.688238 -23.164797 -14.245222
v -23.688238 -23.093133 -14.512677
v -23.688238 -23.069000 -14.788511
v -23.688238 -23.093132 -15.064346
v -23.688238 -23.164797 -15.331801
v -23.688238 -23.281815 -15.582747
v -23.688238 -23.440631 -15.809560
v -23.688238 -23.636421 -16.005351
v -23.688238 -23.863235 -16.164166
v -23.688238 -24.114181 -16.281186
v -23.688238 -24.381635 -16.352850
v -23.688238 -24.657470 -16.376982
v -23.688238 -24.933305 -16.352850
v -23.688238 -25.200759 -16.281186
v -23.688238 -25.451705 -16.164168
v -23.688238 -25.678519 -16.005351
v -23.688238 -25.874310 -15.809562
v -23.688238 -26.033126 -15.582747
v -23.688237 -26.150145 -15.331801
v -23.688237 -26.221809 -15.064348
v -23.688237 -26.245941 -14.788513
v -23.688237 -26.221809 -14.512677
v -23.688237 -26.150145 -14.245224
v -23.688237 -26.033127 -13.994276
v -23.688237 -25.874311 -13.767464
v -23.688237 -25.678521 -13.571673
v -23.688237 -25.451707 -13.412855
v -23.688237 -25.200761 -13.295837
v -23.577620 -24.955485 -13.098397
v -23.660578 -24.657471 -13.104253
v -23.660578 -24.365002 -13.129841
v -23.660578 -24.081420 -13.205826
v -23.660578 -23.815341 -13.329900
v -23.660578 -23.574850 -13.498294
v -23.660578 -23.367253 -13.705891
v -23.660578 -23.198860 -13.946382
v -23.660578 -23.074785 -14.212461
v -23.660578 -22.998800 -14.496043
v -23.660578 -22.973212 -14.788511
v -23.660578 -22.998799 -15.080980
v -23.660578 -23.074785 -15.364562
v -23.660578 -23.198860 -15.630642
v -23.660578 -23.367253 -15.871133
v -23.660578 -23.574850 -16.078728
v -23.660578 -23.815341 -16.247123
v -23.660578 -24.081420 -16.371197
v -23.660578 -24.365002 -16.447182
v -23.660578 -24.657470 -16.472771
v -23.660578 -24.949939 -16.447182
v -23.660578 -25.233521 -16.371197
v -23.660578 -25.499599 -16.247123
v -23.660578 -25.740091 -16.078730
v -23.660578 -25.947688 -15.871133
v -23.660578 -26.116081 -15.630642
v -23.660578 -26.240156 -15.364562
v -23.660578 -26.316142 -15.080980
v -23.660578 -26.341730 -14.788513
v -23.660578 -26.316142 -14.496043
v -23.660578 -26.240157 -14.212461
v -23.660578 -26.116082 -13.946384
v -23.660578 -25.947689 -13.705891
v -23.660578 -25.740092 -13.498296
v -23.660578 -25.499601 -13.329902
v -23.660578 -25.233522 -13.205826
v -23.660578 -24.949941 -13.129841
v -23.621999 -24.657471 -13.078860
v -23.682579 -24.372738 -13.173709
v -23.682579 -24.096656 -13.247685
v -23.682580 -23.837615 -13.368478
v -23.682580 -23.603484 -13.532420
v -23.682580 -23.401378 -13.734525
v -23.682580 -23.237438 -13.968655
v -23.682580 -23.116645 -14.227697
v -23.682580 -23.042669 -14.503778
v -23.682580 -23.017758 -14.788511
v -23.682580 -23.042669 -15.073244
v -23.682580 -23.116645 -15.349326
v -23.682580 -23.237438 -15.608369
v -23.682580 -23.401378 -15.842499
v -23.682580 -23.603483 -16.044604
v -23.682580 -23.837614 -16.208543
v -23.682580 -24.096656 -16.329336
v -23.682580 -24.372737 -16.403312
v -23.682580 -24.657470 -16.428224
v -23.682580 -24.942203 -16.403314
v -23.682580 -25.218285 -16.329336
v -23.682580 -25.477326 -16.208545
v -23.682580 -25.711457 -16.044606
v -23.682580 -25.913563 -15.842499
v -23.682580 -26.077503 -15.608369
v -23.682579 -26.198296 -15.349326
v -23.682579 -26.272272 -15.073246
v -23.682579 -26.297183 -14.788513
v -23.682579 -26.272273 -14.503780
v -23.682579 -26.198297 -14.227697
v -23.682579 -26.077504 -13.968657
v -23.682579 -25.913564 -13.734525
v -23.682579 -25.711458 -13.532420
v -23.682579 -25.477328 -13.368480
v -23.682579 -25.218287 -13.247687
v -23.621999 -24.954350 -13.104833
v -23.682586 -24.657471 -13.148799
v -23.621999 -24.360592 -13.104831
v -23.621999 -24.072735 -13.181963
v -23.621999 -23.802643 -13.307907
v -23.621999 -23.558526 -13.478839
v -23.621999 -23.347799 -13.689568
v -23.621999 -23.176866 -13.933685
v -23.621999 -23.050921 -14.203776
v -23.621999 -22.973790 -14.491633
v -23.621999 -22.947817 -14.788511
v -23.621999 -22.973790 -15.085389
v -23.621999 -23.050921 -15.373247
v -23.621999 -23.176867 -15.643339
v -23.622000 -23.347800 -15.887456
v -23.622000 -23.558526 -16.098182
v -23.621999 -23.802643 -16.269115
v -23.621999 -24.072734 -16.395061
v -23.621999 -24.360592 -16.472192
v -23.621999 -24.657470 -16.498165
v -23.621999 -24.954348 -16.472192
v -23.621999 -25.242206 -16.395061
v -23.621999 -25.512297 -16.269117
v -23.621999 -25.756415 -16.098182
v -23.621999 -25.967141 -15.887456
v -23.621999 -26.138074 -15.643339
v -23.621999 -26.264020 -15.373249
v -23.621999 -26.341151 -15.085391
v -23.621999 -26.367125 -14.788513
v -23.621999 -26.341151 -14.491635
v -23.621999 -26.264020 -14.203776
v -23.621999 -26.138075 -13.933687
v -23.621999 -25.967142 -13.689568
v -23.621999 -25.756416 -13.478841
v -23.621999 -25.512299 -13.307909
v -23.621999 -25.242208 -13.181963
v -23.682586 -24.942205 -13.173709
v 23.618826 -24.657471 -16.376996
v 23.508209 -24.359458 -16.478641
v 23.508209 -24.070500 -16.401215
v 23.508201 -23.799377 -16.274788
v 23.508201 -23.554327 -16.103202
v 23.508201 -23.342795 -15.891670
v 23.508201 -23.171209 -15.646619
v 23.508209 -23.044782 -15.375497
v 23.508209 -22.967356 -15.086539
v 23.508209 -22.941283 -14.788525
v 23.508209 -22.967355 -14.490512
v 23.508209 -23.044782 -14.201554
v 23.508209 -23.171208 -13.930432
v 23.508209 -23.342794 -13.685381
v 23.508209 -23.554326 -13.473849
v 23.508209 -23.799377 -13.302263
v 23.508209 -24.070500 -13.175837
v 23.508209 -24.359457 -13.098410
v 23.508209 -24.657470 -13.072337
v 23.508209 -24.955483 -13.098410
v 23.508209 -25.244441 -13.175837
v 23.508209 -25.515565 -13.302263
v 23.508209 -25.760615 -13.473847
v 23.508209 -25.972147 -13.685381
v 23.508209 -26.143733 -13.930430
v 23.508209 -26.270160 -14.201554
v 23.508209 -26.347587 -14.490512
v 23.508209 -26.373659 -14.788525
v 23.508209 -26.347587 -15.086537
v 23.508209 -26.270161 -15.375495
v 23.508209 -26.143734 -15.646619
v 23.508209 -25.972148 -15.891668
v 23.508209 -25.760617 -16.103202
v 23.508209 -25.515566 -16.274788
v 23.508209 -25.244443 -16.401215
v 23.618826 -24.933308 -16.352864
v 22.253324 -24.657471 -16.504714
v 22.253324 -24.359458 -16.478641
v 22.253324 -24.070500 -16.401214
v 22.253324 -23.799377 -16.274788
v 22.253324 -23.554326 -16.103202
v 22.253324 -23.342794 -15.891670
v 22.253324 -23.171208 -15.646619
v 22.253324 -23.044781 -15.375495
v 22.253324 -22.967355 -15.086537
v 22.253324 -22.941283 -14.788524
v 22.253324 -22.967355 -14.490512
v 22.253324 -23.044781 -14.201554
v 22.253324 -23.171208 -13.930432
v 22.253324 -23.342794 -13.685381
v 22.253324 -23.554326 -13.473849
v 22.253324 -23.799376 -13.302263
v 22.253324 -24.070499 -13.175836
v 22.253325 -24.359457 -13.098410
v 22.253325 -24.657470 -13.072337
v 22.253325 -24.955483 -13.098408
v 22.253325 -25.244441 -13.175834
v 22.253325 -25.515564 -13.302263
v 22.253325 -25.760615 -13.473847
v 22.253325 -25.972147 -13.685379
v 22.253325 -26.143733 -13.930430
v 22.253325 -26.270160 -14.201554
v 22.253325 -26.347586 -14.490512
v 22.253325 -26.373659 -14.788524
v 22.253325 -26.347586 -15.086537
v 22.253324 -26.270161 -15.375495
v 22.253324 -26.143734 -15.646617
v 22.253324 -25.972148 -15.891668
v 22.253324 -25.760616 -16.103200
v 22.253324 -25.515566 -16.274786
v 22.253324 -25.244443 -16.401214
v 22.253324 -24.955485 -16.478641
v 23.618819 -24.657471 -14.788525
v 23.508209 -24.657471 -16.504714
v 23.618826 -24.381636 -16.352864
v 23.618826 -24.114182 -16.281200
v 23.618819 -23.863236 -16.164182
v 23.618819 -23.636422 -16.005365
v 23.618819 -23.440632 -15.809576
v 23.618819 -23.281815 -15.582761
v 23.618826 -23.164797 -15.331815
v 23.618826 -23.093133 -15.064360
v 23.618826 -23.069001 -14.788525
v 23.618826 -23.093133 -14.512691
v 23.618826 -23.164797 -14.245236
v 23.618826 -23.281815 -13.994290
v 23.618826 -23.440632 -13.767476
v 23.618826 -23.636421 -13.571687
v 23.618826 -23.863235 -13.412869
v 23.618826 -24.114182 -13.295851
v 23.618826 -24.381636 -13.224187
v 23.618826 -24.657470 -13.200054
v 23.618826 -24.933305 -13.224187
v 23.618826 -25.200759 -13.295851
v 23.618826 -25.451706 -13.412869
v 23.618826 -25.678520 -13.571687
v 23.618826 -25.874310 -13.767476
v 23.618826 -26.033127 -13.994290
v 23.618826 -26.150145 -14.245236
v 23.618826 -26.221809 -14.512689
v 23.618826 -26.245942 -14.788525
v 23.618826 -26.221809 -15.064360
v 23.618826 -26.150145 -15.331813
v 23.618826 -26.033128 -15.582759
v 23.618826 -25.874311 -15.809574
v 23.618826 -25.678521 -16.005365
v 23.618826 -25.451707 -16.164180
v 23.618826 -25.200761 -16.281198
v 23.508209 -24.955485 -16.478641
v 23.591166 -24.657471 -16.472785
v 23.591166 -24.365003 -16.447196
v 23.591166 -24.081421 -16.371211
v 23.591166 -23.815342 -16.247137
v 23.591166 -23.574851 -16.078742
v 23.591166 -23.367254 -15.871147
v 23.591166 -23.198860 -15.630656
v 23.591166 -23.074786 -15.364576
v 23.591166 -22.998800 -15.080994
v 23.591166 -22.973212 -14.788525
v 23.591166 -22.998800 -14.496057
v 23.591166 -23.074786 -14.212475
v 23.591166 -23.198860 -13.946396
v 23.591166 -23.367254 -13.705905
v 23.591166 -23.574850 -13.498310
v 23.591166 -23.815341 -13.329914
v 23.591167 -24.081420 -13.205840
v 23.591167 -24.365002 -13.129855
v 23.591167 -24.657470 -13.104267
v 23.591167 -24.949939 -13.129853
v 23.591167 -25.233521 -13.205840
v 23.591167 -25.499600 -13.329914
v 23.591167 -25.740091 -13.498308
v 23.591167 -25.947688 -13.705905
v 23.591167 -26.116082 -13.946396
v 23.591167 -26.240156 -14.212475
v 23.591167 -26.316142 -14.496055
v 23.591167 -26.341730 -14.788525
v 23.591167 -26.316142 -15.080992
v 23.591167 -26.240157 -15.364574
v 23.591166 -26.116082 -15.630654
v 23.591166 -25.947689 -15.871145
v 23.591166 -25.740093 -16.078742
v 23.591166 -25.499602 -16.247135
v 23.591166 -25.233523 -16.371211
v 23.591166 -24.949941 -16.447196
v 23.552587 -24.657471 -16.498177
v 23.613168 -24.372738 -16.403326
v 23.613168 -24.096656 -16.329350
v 23.613168 -23.837615 -16.208557
v 23.613168 -23.603485 -16.044617
v 23.613168 -23.401378 -15.842512
v 23.613168 -23.237439 -15.608382
v 23.613168 -23.116646 -15.349340
v 23.613168 -23.042670 -15.073260
v 23.613168 -23.017759 -14.788525
v 23.613168 -23.042669 -14.503792
v 23.613168 -23.116645 -14.227711
v 23.613168 -23.237438 -13.968669
v 23.613168 -23.401378 -13.734539
v 23.613168 -23.603484 -13.532434
v 23.613168 -23.837614 -13.368492
v 23.613168 -24.096656 -13.247701
v 23.613168 -24.372737 -13.173723
v 23.613168 -24.657470 -13.148813
v 23.613168 -24.942203 -13.173723
v 23.613168 -25.218285 -13.247699
v 23.613168 -25.477327 -13.368492
v 23.613168 -25.711457 -13.532432
v 23.613168 -25.913564 -13.734539
v 23.613168 -26.077503 -13.968669
v 23.613168 -26.198296 -14.227711
v 23.613168 -26.272273 -14.503792
v 23.613168 -26.297184 -14.788525
v 23.613168 -26.272273 -15.073258
v 23.613168 -26.198297 -15.349338
v 23.613168 -26.077504 -15.608380
v 23.613168 -25.913565 -15.842512
v 23.613168 -25.711459 -16.044617
v 23.613168 -25.477328 -16.208557
v 23.613168 -25.218287 -16.329350
v 23.552587 -24.954351 -16.472204
v 23.613175 -24.657471 -16.428238
v 23.552587 -24.360593 -16.472206
v 23.552587 -24.072735 -16.395075
v 23.552587 -23.802644 -16.269130
v 23.552587 -23.558526 -16.098196
v 23.552587 -23.347799 -15.887470
v 23.552587 -23.176867 -15.643353
v 23.552587 -23.050922 -15.373261
v 23.552587 -22.973791 -15.085403
v 23.552587 -22.947817 -14.788525
v 23.552587 -22.973790 -14.491646
v 23.552587 -23.050922 -14.203790
v 23.552587 -23.176867 -13.933698
v 23.552587 -23.347800 -13.689581
v 23.552587 -23.558526 -13.478855
v 23.552588 -23.802644 -13.307923
v 23.552588 -24.072734 -13.181977
v 23.552588 -24.360592 -13.104845
v 23.552588 -24.657470 -13.078872
v 23.552588 -24.954349 -13.104845
v 23.552588 -25.242207 -13.181977
v 23.552588 -25.512297 -13.307921
v 23.552588 -25.756415 -13.478853
v 23.552588 -25.967142 -13.689581
v 23.552588 -26.138075 -13.933698
v 23.552588 -26.264020 -14.203788
v 23.552588 -26.341152 -14.491646
v 23.552588 -26.367125 -14.788525
v 23.552588 -26.341152 -15.085403
v 23.552588 -26.264021 -15.373261
v 23.552588 -26.138075 -15.643351
v 23.552587 -25.967143 -15.887470
v 23.552587 -25.756417 -16.098196
v 23.552587 -25.512299 -16.269128
v 23.552587 -25.242209 -16.395075
v 23.613175 -24.942206 -16.403326
v 23.618827 -24.657471 -6.243835
v 23.508210 -24.359458 -6.345480
v 23.508210 -24.070500 -6.268054
v 23.508203 -23.799377 -6.141627
v 23.508203 -23.554327 -5.970041
v 23.508203 -23.342795 -5.758509
v 23.508203 -23.171209 -5.513458
v 23.508210 -23.044782 -5.242336
v 23.508210 -22.967356 -4.953379
v 23.508210 -22.941283 -4.655364
v 23.508210 -22.967355 -4.357351
v 23.508210 -23.044782 -4.068393
v 23.508210 -23.171208 -3.797271
v 23.508211 -23.342794 -3.552220
v 23.508211 -23.554326 -3.340688
v 23.508211 -23.799377 -3.169102
v 23.508211 -24.070500 -3.042676
v 23.508211 -24.359457 -2.965250
v 23.508211 -24.657470 -2.939177
v 23.508211 -24.955483 -2.965250
v 23.508211 -25.244441 -3.042676
v 23.508211 -25.515565 -3.169102
v 23.508211 -25.760615 -3.340688
v 23.508211 -25.972147 -3.552220
v 23.508211 -26.143733 -3.797269
v 23.508211 -26.270160 -4.068393
v 23.508211 -26.347587 -4.357351
v 23.508211 -26.373659 -4.655364
v 23.508211 -26.347587 -4.953377
v 23.508211 -26.270161 -5.242334
v 23.508211 -26.143734 -5.513458
v 23.508211 -25.972148 -5.758507
v 23.508211 -25.760617 -5.970039
v 23.508210 -25.515566 -6.141627
v 23.508210 -25.244443 -6.268054
v 23.618827 -24.933308 -6.219704
v 22.253326 -24.657471 -6.371553
v 22.253326 -24.359458 -6.345480
v 22.253326 -24.070500 -6.268054
v 22.253326 -23.799377 -6.141627
v 22.253326 -23.554326 -5.970041
v 22.253326 -23.342794 -5.758509
v 22.253326 -23.171208 -5.513458
v 22.253326 -23.044781 -5.242336
v 22.253326 -22.967355 -4.953376
v 22.253326 -22.941283 -4.655364
v 22.253326 -22.967355 -4.357351
v 22.253326 -23.044781 -4.068393
v 22.253326 -23.171208 -3.797271
v 22.253326 -23.342794 -3.552220
v 22.253326 -23.554326 -3.340688
v 22.253326 -23.799376 -3.169102
v 22.253326 -24.070499 -3.042676
v 22.253326 -24.359457 -2.965250
v 22.253326 -24.657470 -2.939176
v 22.253326 -24.955483 -2.965250
v 22.253326 -25.244441 -3.042674
v 22.253326 -25.515564 -3.169102
v 22.253326 -25.760615 -3.340686
v 22.253326 -25.972147 -3.552220
v 22.253326 -26.143733 -3.797269
v 22.253326 -26.270160 -4.068393
v 22.253326 -26.347586 -4.357351
v 22.253326 -26.373659 -4.655364
v 22.253326 -26.347586 -4.953376
v 22.253326 -26.270161 -5.242334
v 22.253326 -26.143734 -5.513458
v 22.253326 -25.972148 -5.758507
v 22.253326 -25.760616 -5.970039
v 22.253326 -25.515566 -6.141625
v 22.253326 -25.244443 -6.268054
v 22.253326 -24.955485 -6.345480
v 23.618821 -24.657471 -4.655364
v 23.508210 -24.657471 -6.371553
v 23.618827 -24.381636 -6.219704
v 23.618827 -24.114182 -6.148039
v 23.618820 -23.863236 -6.031021
v 23.618820 -23.636422 -5.872204
v 23.618820 -23.440632 -5.676413
v 23.618820 -23.281815 -5.449600
v 23.618827 -23.164797 -5.198654
v 23.618827 -23.093133 -4.931199
v 23.618827 -23.069001 -4.655364
v 23.618827 -23.093133 -4.379530
v 23.618827 -23.164797 -4.112075
v 23.618828 -23.281815 -3.861129
v 23.618828 -23.440632 -3.634315
v 23.618828 -23.636421 -3.438526
v 23.618828 -23.863235 -3.279708
v 23.618828 -24.114182 -3.162690
v 23.618828 -24.381636 -3.091026
v 23.618828 -24.657470 -3.066893
v 23.618828 -24.933305 -3.091026
v 23.618828 -25.200759 -3.162690
v 23.618828 -25.451706 -3.279708
v 23.618828 -25.678520 -3.438526
v 23.618828 -25.874310 -3.634315
v 23.618828 -26.033127 -3.861129
v 23.618828 -26.150145 -4.112075
v 23.618828 -26.221809 -4.379528
v 23.618828 -26.245942 -4.655364
v 23.618828 -26.221809 -4.931199
v 23.618828 -26.150145 -5.198652
v 23.618828 -26.033128 -5.449598
v 23.618828 -25.874311 -5.676413
v 23.618828 -25.678521 -5.872204
v 23.618828 -25.451707 -6.031019
v 23.618827 -25.200761 -6.148037
v 23.508210 -24.955485 -6.345480
v 23.591168 -24.657471 -6.339624
v 23.591168 -24.365003 -6.314035
v 23.591168 -24.081421 -6.238050
v 23.591168 -23.815342 -6.113976
v 23.591168 -23.574851 -5.945581
v 23.591168 -23.367254 -5.737986
v 23.591168 -23.198860 -5.497495
v 23.591168 -23.074786 -5.231415
v 23.591168 -22.998800 -4.947833
v 23.591168 -22.973212 -4.655364
v 23.591168 -22.998800 -4.362897
v 23.591168 -23.074786 -4.079314
v 23.591168 -23.198860 -3.813235
v 23.591168 -23.367254 -3.572744
v 23.591168 -23.574850 -3.365149
v 23.591168 -23.815341 -3.196753
v 23.591168 -24.081420 -3.072679
v 23.591168 -24.365002 -2.996694
v 23.591168 -24.657470 -2.971106
v 23.591168 -24.949939 -2.996694
v 23.591168 -25.233521 -3.072679
v 23.591168 -25.499600 -3.196753
v 23.591168 -25.740091 -3.365147
v 23.591168 -25.947688 -3.572744
v 23.591168 -26.116082 -3.813235
v 23.591168 -26.240156 -4.079314
v 23.591168 -26.316142 -4.362894
v 23.591168 -26.341730 -4.655364
v 23.591168 -26.316142 -4.947831
v 23.591168 -26.240157 -5.231413
v 23.591168 -26.116082 -5.497493
v 23.591168 -25.947689 -5.737984
v 23.591168 -25.740093 -5.945581
v 23.591168 -25.499602 -6.113974
v 23.591168 -25.233523 -6.238050
v 23.591168 -24.949941 -6.314035
v 23.552589 -24.657471 -6.365016
v 23.613169 -24.372738 -6.270165
v 23.613169 -24.096656 -6.196190
v 23.613169 -23.837615 -6.075396
v 23.613169 -23.603485 -5.911457
v 23.613169 -23.401378 -5.709352
v 23.613169 -23.237439 -5.475222
v 23.613169 -23.116646 -5.216180
v 23.613169 -23.042670 -4.940097
v 23.613169 -23.017759 -4.655364
v 23.613169 -23.042669 -4.370631
v 23.613169 -23.116645 -4.094550
v 23.613170 -23.237438 -3.835508
v 23.613170 -23.401378 -3.601378
v 23.613170 -23.603484 -3.399273
v 23.613170 -23.837614 -3.235331
v 23.613170 -24.096656 -3.114538
v 23.613170 -24.372737 -3.040562
v 23.613170 -24.657470 -3.015652
v 23.613170 -24.942203 -3.040562
v 23.613170 -25.218285 -3.114538
v 23.613170 -25.477327 -3.235331
v 23.613170 -25.711457 -3.399271
v 23.613170 -25.913564 -3.601378
v 23.613170 -26.077503 -3.835508
v 23.613170 -26.198296 -4.094550
v 23.613170 -26.272273 -4.370631
v 23.613170 -26.297184 -4.655364
v 23.613170 -26.272273 -4.940097
v 23.613170 -26.198297 -5.216178
v 23.613170 -26.077504 -5.475220
v 23.613170 -25.913565 -5.709352
v 23.613170 -25.711459 -5.911457
v 23.613170 -25.477328 -6.075396
v 23.613169 -25.218287 -6.196190
v 23.552589 -24.954351 -6.339044
v 23.613176 -24.657471 -6.295077
v 23.552589 -24.360593 -6.339046
v 23.552589 -24.072735 -6.261914
v 23.552589 -23.802644 -6.135970
v 23.552589 -23.558526 -5.965036
v 23.552589 -23.347799 -5.754309
v 23.552589 -23.176867 -5.510192
v 23.552589 -23.050922 -5.240100
v 23.552589 -22.973791 -4.952242
v 23.552589 -22.947817 -4.655364
v 23.552589 -22.973790 -4.358486
v 23.552589 -23.050922 -4.070629
v 23.552589 -23.176867 -3.800538
v 23.552589 -23.347800 -3.556421
v 23.552589 -23.558526 -3.345694
v 23.552589 -23.802644 -3.174762
v 23.552589 -24.072734 -3.048816
v 23.552589 -24.360592 -2.971684
v 23.552589 -24.657470 -2.945709
v 23.552589 -24.954349 -2.971684
v 23.552589 -25.242207 -3.048816
v 23.552589 -25.512297 -3.174760
v 23.552589 -25.756415 -3.345692
v 23.552589 -25.967142 -3.556419
v 23.552589 -26.138075 -3.800538
v 23.552589 -26.264020 -4.070627
v 23.552589 -26.341152 -4.358486
v 23.552589 -26.367125 -4.655364
v 23.552589 -26.341152 -4.952242
v 23.552589 -26.264021 -5.240100
v 23.552589 -26.138075 -5.510190
v 23.552589 -25.967143 -5.754309
v 23.552589 -25.756417 -5.965036
v 23.552589 -25.512299 -6.135968
v 23.552589 -25.242209 -6.261914
v 23.613177 -24.942206 -6.270165
v 23.618836 -24.657471 3.849622
v 23.508219 -24.359458 3.747976
v 23.508219 -24.070500 3.825402
v 23.508212 -23.799377 3.951829
v 23.508212 -23.554327 4.123415
v 23.508212 -23.342795 4.334947
v 23.508212 -23.171209 4.579998
v 23.508219 -23.044782 4.851121
v 23.508219 -22.967356 5.140079
v 23.508219 -22.941283 5.438092
v 23.508219 -22.967355 5.736104
v 23.508219 -23.044782 6.025062
v 23.508219 -23.171208 6.296185
v 23.508219 -23.342794 6.541236
v 23.508219 -23.554326 6.752768
v 23.508219 -23.799377 6.924354
v 23.508219 -24.070500 7.050781
v 23.508220 -24.359457 7.128207
v 23.508220 -24.657470 7.154281
v 23.508220 -24.955483 7.128208
v 23.508220 -25.244441 7.050782
v 23.508220 -25.515565 6.924354
v 23.508220 -25.760615 6.752769
v 23.508220 -25.972147 6.541237
v 23.508220 -26.143733 6.296186
v 23.508220 -26.270160 6.025063
v 23.508220 -26.347587 5.736105
v 23.508220 -26.373659 5.438093
v 23.508220 -26.347587 5.140080
v 23.508219 -26.270161 4.851122
v 23.508219 -26.143734 4.579999
v 23.508219 -25.972148 4.334948
v 23.508219 -25.760617 4.123416
v 23.508219 -25.515566 3.951830
v 23.508219 -25.244443 3.825402
v 23.618836 -24.933308 3.873754
v 22.253334 -24.657471 3.721905
v 22.253334 -24.359458 3.747977
v 22.253334 -24.070500 3.825403
v 22.253334 -23.799377 3.951829
v 22.253334 -23.554326 4.123415
v 22.253334 -23.342794 4.334948
v 22.253334 -23.171208 4.579998
v 22.253334 -23.044781 4.851121
v 22.253334 -22.967355 5.140079
v 22.253334 -22.941283 5.438092
v 22.253334 -22.967355 5.736105
v 22.253335 -23.044781 6.025063
v 22.253335 -23.171208 6.296186
v 22.253335 -23.342794 6.541236
v 22.253335 -23.554326 6.752768
v 22.253335 -23.799376 6.924354
v 22.253335 -24.070499 7.050782
v 22.253335 -24.359457 7.128208
v 22.253335 -24.657470 7.154281
v 22.253335 -24.955483 7.128208
v 22.253335 -25.244441 7.050782
v 22.253335 -25.515564 6.924355
v 22.253335 -25.760615 6.752769
v 22.253335 -25.972147 6.541237
v 22.253335 -26.143733 6.296187
v 22.253335 -26.270160 6.025064
v 22.253335 -26.347586 5.736106
v 22.253335 -26.373659 5.438093
v 22.253335 -26.347586 5.140080
v 22.253335 -26.270161 4.851122
v 22.253335 -26.143734 4.579999
v 22.253335 -25.972148 4.334949
v 22.253335 -25.760616 4.123416
v 22.253335 -25.515566 3.951830
v 22.253335 -25.244443 3.825404
v 22.253334 -24.955485 3.747977
v 23.618829 -24.657471 5.438092
v 23.508219 -24.657471 3.721903
v 23.618836 -24.381636 3.873754
v 23.618836 -24.114182 3.945418
v 23.618829 -23.863236 4.062436
v 23.618829 -23.636422 4.221252
v 23.618829 -23.440632 4.417042
v 23.618829 -23.281815 4.643856
v 23.618836 -23.164797 4.894803
v 23.618836 -23.093133 5.162257
v 23.618836 -23.069001 5.438092
v 23.618836 -23.093133 5.713927
v 23.618836 -23.164797 5.981380
v 23.618836 -23.281815 6.232327
v 23.618836 -23.440632 6.459141
v 23.618836 -23.636421 6.654931
v 23.618836 -23.863235 6.813747
v 23.618836 -24.114182 6.930766
v 23.618837 -24.381636 7.002430
v 23.618837 -24.657470 7.026562
v 23.618837 -24.933305 7.002430
v 23.618837 -25.200759 6.930766
v 23.618837 -25.451706 6.813748
v 23.618837 -25.678520 6.654932
v 23.618837 -25.874310 6.459142
v 23.618837 -26.033127 6.232328
v 23.618837 -26.150145 5.981381
v 23.618837 -26.221809 5.713928
v 23.618837 -26.245942 5.438093
v 23.618837 -26.221809 5.162258
v 23.618836 -26.150145 4.894804
v 23.618836 -26.033128 4.643857
v 23.618836 -25.874311 4.417043
v 23.618836 -25.678521 4.221253
v 23.618836 -25.451707 4.062436
v 23.618836 -25.200761 3.945418
v 23.508219 -24.955485 3.747976
v 23.591176 -24.657471 3.753833
v 23.591176 -24.365003 3.779421
v 23.591176 -24.081421 3.855406
v 23.591176 -23.815342 3.979481
v 23.591176 -23.574851 4.147874
v 23.591176 -23.367254 4.355471
v 23.591176 -23.198860 4.595962
v 23.591176 -23.074786 4.862041
v 23.591176 -22.998800 5.145623
v 23.591176 -22.973212 5.438092
v 23.591177 -22.998800 5.730560
v 23.591177 -23.074786 6.014142
v 23.591177 -23.198860 6.280221
v 23.591177 -23.367254 6.520713
v 23.591177 -23.574850 6.728309
v 23.591177 -23.815341 6.896702
v 23.591177 -24.081420 7.020777
v 23.591177 -24.365002 7.096763
v 23.591177 -24.657470 7.122351
v 23.591177 -24.949939 7.096763
v 23.591177 -25.233521 7.020777
v 23.591177 -25.499600 6.896703
v 23.591177 -25.740091 6.728310
v 23.591177 -25.947688 6.520713
v 23.591177 -26.116082 6.280222
v 23.591177 -26.240156 6.014143
v 23.591177 -26.316142 5.730561
v 23.591177 -26.341730 5.438093
v 23.591177 -26.316142 5.145624
v 23.591177 -26.240157 4.862042
v 23.591177 -26.116082 4.595963
v 23.591177 -25.947689 4.355472
v 23.591177 -25.740093 4.147875
v 23.591177 -25.499602 3.979481
v 23.591177 -25.233523 3.855407
v 23.591177 -24.949941 3.779421
v 23.552598 -24.657471 3.728440
v 23.613178 -24.372738 3.823290
v 23.613178 -24.096656 3.897266
v 23.613178 -23.837615 4.018059
v 23.613178 -23.603485 4.182000
v 23.613178 -23.401378 4.384105
v 23.613178 -23.237439 4.618236
v 23.613178 -23.116646 4.877277
v 23.613178 -23.042670 5.153359
v 23.613178 -23.017759 5.438092
v 23.613178 -23.042669 5.722824
v 23.613178 -23.116645 5.998906
v 23.613178 -23.237438 6.257948
v 23.613178 -23.401378 6.492078
v 23.613178 -23.603484 6.694184
v 23.613178 -23.837614 6.858124
v 23.613179 -24.096656 6.978917
v 23.613179 -24.372737 7.052893
v 23.613179 -24.657470 7.077804
v 23.613179 -24.942203 7.052894
v 23.613179 -25.218285 6.978917
v 23.613179 -25.477327 6.858125
v 23.613179 -25.711457 6.694185
v 23.613179 -25.913564 6.492079
v 23.613179 -26.077503 6.257948
v 23.613179 -26.198296 5.998907
v 23.613179 -26.272273 5.722825
v 23.613179 -26.297184 5.438093
v 23.613179 -26.272273 5.153360
v 23.613179 -26.198297 4.877278
v 23.613178 -26.077504 4.618237
v 23.613178 -25.913565 4.384106
v 23.613178 -25.711459 4.182000
v 23.613178 -25.477328 4.018060
v 23.613178 -25.218287 3.897267
v 23.552598 -24.954351 3.754413
v 23.613185 -24.657471 3.798380
v 23.552598 -24.360593 3.754411
v 23.552597 -24.072735 3.831543
v 23.552597 -23.802644 3.957487
v 23.552597 -23.558526 4.128420
v 23.552597 -23.347799 4.339147
v 23.552597 -23.176867 4.583264
v 23.552597 -23.050922 4.853356
v 23.552598 -22.973791 5.141213
v 23.552598 -22.947817 5.438092
v 23.552598 -22.973790 5.734970
v 23.552598 -23.050922 6.022828
v 23.552598 -23.176867 6.292919
v 23.552598 -23.347800 6.537036
v 23.552598 -23.558526 6.747762
v 23.552598 -23.802644 6.918695
v 23.552598 -24.072734 7.044640
v 23.552598 -24.360592 7.121772
v 23.552598 -24.657470 7.147746
v 23.552598 -24.954349 7.121772
v 23.552598 -25.242207 7.044641
v 23.552598 -25.512297 6.918696
v 23.552598 -25.756415 6.747763
v 23.552598 -25.967142 6.537037
v 23.552598 -26.138075 6.292920
v 23.552598 -26.264020 6.022829
v 23.552598 -26.341152 5.734971
v 23.552598 -26.367125 5.438093
v 23.552598 -26.341152 5.141214
v 23.552598 -26.264021 4.853356
v 23.552598 -26.138075 4.583266
v 23.552598 -25.967143 4.339148
v 23.552598 -25.756417 4.128422
v 23.552598 -25.512299 3.957489
v 23.552598 -25.242209 3.831543
v 23.613185 -24.942206 3.823290
v 23.618838 -24.657471 14.802043
v 23.508221 -24.359458 14.700398
v 23.508221 -24.070500 14.777824
v 23.508214 -23.799377 14.904251
v 23.508214 -23.554327 15.075837
v 23.508214 -23.342795 15.287369
v 23.508214 -23.171209 15.532419
v 23.508221 -23.044782 15.803542
v 23.508221 -22.967356 16.092500
v 23.508221 -22.941283 16.390513
v 23.508221 -22.967355 16.688526
v 23.508221 -23.044782 16.977484
v 23.508221 -23.171208 17.248607
v 23.508221 -23.342794 17.493658
v 23.508221 -23.554326 17.705190
v 23.508221 -23.799377 17.876776
v 23.508221 -24.070500 18.003203
v 23.508221 -24.359457 18.080629
v 23.508221 -24.657470 18.106702
v 23.508221 -24.955483 18.080629
v 23.508221 -25.244441 18.003203
v 23.508221 -25.515565 17.876776
v 23.508221 -25.760615 17.705191
v 23.508221 -25.972147 17.493659
v 23.508221 -26.143733 17.248608
v 23.508221 -26.270160 16.977485
v 23.508221 -26.347587 16.688527
v 23.508221 -26.373659 16.390515
v 23.508221 -26.347587 16.092502
v 23.508221 -26.270161 15.803544
v 23.508221 -26.143734 15.532420
v 23.508221 -25.972148 15.287370
v 23.508221 -25.760617 15.075838
v 23.508221 -25.515566 14.904252
v 23.508221 -25.244443 14.777824
v 23.618838 -24.933308 14.826175
v 22.253336 -24.657471 14.674326
v 22.253336 -24.359458 14.700399
v 22.253336 -24.070500 14.777825
v 22.253336 -23.799377 14.904251
v 22.253336 -23.554326 15.075837
v 22.253336 -23.342794 15.287369
v 22.253336 -23.171208 15.532420
v 22.253336 -23.044781 15.803543
v 22.253336 -22.967355 16.092501
v 22.253336 -22.941283 16.390514
v 22.253336 -22.967355 16.688527
v 22.253336 -23.044781 16.977485
v 22.253336 -23.171208 17.248608
v 22.253336 -23.342794 17.493658
v 22.253336 -23.554326 17.705190
v 22.253337 -23.799376 17.876776
v 22.253337 -24.070499 18.003203
v 22.253337 -24.359457 18.080629
v 22.253337 -24.657470 18.106702
v 22.253337 -24.955483 18.080630
v 22.253337 -25.244441 18.003204
v 22.253337 -25.515564 17.876777
v 22.253337 -25.760615 17.705191
v 22.253337 -25.972147 17.493659
v 22.253337 -26.143733 17.248609
v 22.253337 -26.270160 16.977486
v 22.253337 -26.347586 16.688528
v 22.253337 -26.373659 16.390515
v 22.253337 -26.347586 16.092502
v 22.253337 -26.270161 15.803544
v 22.253337 -26.143734 15.532421
v 22.253336 -25.972148 15.287370
v 22.253336 -25.760616 15.075838
v 22.253336 -25.515566 14.904252
v 22.253336 -25.244443 14.777825
v 22.253336 -24.955485 14.700399
v 23.618831 -24.657471 16.390514
v 23.508221 -24.657471 14.674326
v 23.618838 -24.381636 14.826175
v 23.618838 -24.114182 14.897839
v 23.618831 -23.863236 15.014857
v 23.618831 -23.636422 15.173674
v 23.618831 -23.440632 15.369464
v 23.618831 -23.281815 15.596278
v 23.618838 -23.164797 15.847224
v 23.618838 -23.093133 16.114678
v 23.618838 -23.069001 16.390513
v 23.618838 -23.093133 16.666348
v 23.618838 -23.164797 16.933802
v 23.618838 -23.281815 17.184749
v 23.618838 -23.440632 17.411562
v 23.618838 -23.636421 17.607352
v 23.618838 -23.863235 17.766169
v 23.618838 -24.114182 17.883187
v 23.618838 -24.381636 17.954852
v 23.618838 -24.657470 17.978984
v 23.618838 -24.933305 17.954852
v 23.618838 -25.200759 17.883188
v 23.618838 -25.451706 17.766170
v 23.618838 -25.678520 17.607353
v 23.618838 -25.874310 17.411563
v 23.618838 -26.033127 17.184749
v 23.618838 -26.150145 16.933803
v 23.618838 -26.221809 16.666349
v 23.618838 -26.245942 16.390514
v 23.618838 -26.221809 16.114679
v 23.618838 -26.150145 15.847226
v 23.618838 -26.033128 15.596279
v 23.618838 -25.874311 15.369465
v 23.618838 -25.678521 15.173675
v 23.618838 -25.451707 15.014858
v 23.618838 -25.200761 14.897840
v 23.508221 -24.955485 14.700398
v 23.591178 -24.657471 14.706255
v 23.591178 -24.365003 14.731842
v 23.591178 -24.081421 14.807828
v 23.591178 -23.815342 14.931903
v 23.591178 -23.574851 15.100296
v 23.591178 -23.367254 15.307893
v 23.591178 -23.198860 15.548384
v 23.591178 -23.074786 15.814463
v 23.591178 -22.998800 16.098045
v 23.591178 -22.973212 16.390513
v 23.591178 -22.998800 16.682982
v 23.591178 -23.074786 16.966564
v 23.591178 -23.198860 17.232643
v 23.591179 -23.367254 17.473134
v 23.591179 -23.574850 17.680730
v 23.591179 -23.815341 17.849124
v 23.591179 -24.081420 17.973199
v 23.591179 -24.365002 18.049185
v 23.591179 -24.657470 18.074773
v 23.591179 -24.949939 18.049185
v 23.591179 -25.233521 17.973199
v 23.591179 -25.499600 17.849125
v 23.591179 -25.740091 17.680731
v 23.591179 -25.947688 17.473135
v 23.591179 -26.116082 17.232644
v 23.591179 -26.240156 16.966565
v 23.591179 -26.316142 16.682983
v 23.591179 -26.341730 16.390514
v 23.591179 -26.316142 16.098046
v 23.591179 -26.240157 15.814464
v 23.591179 -26.116082 15.548385
v 23.591179 -25.947689 15.307894
v 23.591179 -25.740093 15.100297
v 23.591178 -25.499602 14.931903
v 23.591178 -25.233523 14.807828
v 23.591178 -24.949941 14.731842
v 23.552599 -24.657471 14.680861
v 23.613180 -24.372738 14.775712
v 23.613180 -24.096656 14.849688
v 23.613180 -23.837615 14.970481
v 23.613180 -23.603485 15.134421
v 23.613180 -23.401378 15.336527
v 23.613180 -23.237439 15.570657
v 23.613180 -23.116646 15.829699
v 23.613180 -23.042670 16.105780
v 23.613180 -23.017759 16.390513
v 23.613180 -23.042669 16.675246
v 23.613180 -23.116645 16.951328
v 23.613180 -23.237438 17.210370
v 23.613180 -23.401378 17.444500
v 23.613180 -23.603484 17.646606
v 23.613180 -23.837614 17.810546
v 23.613180 -24.096656 17.931339
v 23.613180 -24.372737 18.005315
v 23.613180 -24.657470 18.030226
v 23.613180 -24.942203 18.005315
v 23.613180 -25.218285 17.931339
v 23.613181 -25.477327 17.810547
v 23.613181 -25.711457 17.646607
v 23.613181 -25.913564 17.444501
v 23.613181 -26.077503 17.210370
v 23.613180 -26.198296 16.951329
v 23.613180 -26.272273 16.675247
v 23.613180 -26.297184 16.390514
v 23.613180 -26.272273 16.105781
v 23.613180 -26.198297 15.829700
v 23.613180 -26.077504 15.570658
v 23.613180 -25.913565 15.336527
v 23.613180 -25.711459 15.134421
v 23.613180 -25.477328 14.970481
v 23.613180 -25.218287 14.849688
v 23.552599 -24.954351 14.706835
v 23.613187 -24.657471 14.750801
v 23.552599 -24.360593 14.706833
v 23.552599 -24.072735 14.783964
v 23.552599 -23.802644 14.909909
v 23.552599 -23.558526 15.080842
v 23.552599 -23.347799 15.291569
v 23.552599 -23.176867 15.535686
v 23.552599 -23.050922 15.805777
v 23.552599 -22.973791 16.093635
v 23.552599 -22.947817 16.390513
v 23.552599 -22.973790 16.687392
v 23.552599 -23.050922 16.975249
v 23.552600 -23.176867 17.245340
v 23.552600 -23.347800 17.489458
v 23.552600 -23.558526 17.700184
v 23.552600 -23.802644 17.871117
v 23.552600 -24.072734 17.997063
v 23.552600 -24.360592 18.074194
v 23.552600 -24.657470 18.100168
v 23.552600 -24.954349 18.074194
v 23.552600 -25.242207 17.997063
v 23.552600 -25.512297 17.871118
v 23.552600 -25.756415 17.700185
v 23.552600 -25.967142 17.489459
v 23.552600 -26.138075 17.245341
v 23.552600 -26.264020 16.975250
v 23.552600 -26.341152 16.687393
v 23.552600 -26.367125 16.390514
v 23.552600 -26.341152 16.093636
v 23.552600 -26.264021 15.805778
v 23.552600 -26.138075 15.535687
v 23.552600 -25.967143 15.291570
v 23.552600 -25.756417 15.080843
v 23.552600 -25.512299 14.909910
v 23.552599 -25.242209 14.783965
v 23.613187 -24.942206 14.775712
# 1736 vertices

vn 0.000001 0.258819 0.965926
vn 0.000001 0.422619 0.906307
vn 0.000001 0.573576 0.819152
vn 0.000000 0.707107 0.707107
vn 0.000000 0.819151 0.573578
vn 0.000000 0.906308 0.422618
vn 0.000000 0.965927 0.258815
vn 0.000000 0.996194 0.087158
vn 0.000000 0.996195 -0.087158
vn 0.000000 0.965927 -0.258816
vn 0.000000 0.906308 -0.422618
vn 0.000000 0.819151 -0.573578
vn 0.000000 0.707108 -0.707105
vn -0.000000 0.573577 -0.819152
vn -0.000001 0.422617 -0.906308
vn -0.000001 0.258819 -0.965926
vn -0.000000 0.087156 -0.996195
vn 0.000000 -0.087155 -0.996195
vn 0.000000 -0.258819 -0.965926
vn 0.000000 -0.422617 -0.906308
vn 0.000000 -0.573576 -0.819152
vn -0.000000 -0.707106 -0.707108
vn -0.000000 -0.819153 -0.573575
vn 0.000000 -0.906308 -0.422618
vn 0.000000 -0.965925 -0.258821
vn 0.000000 -0.996194 -0.087158
vn 0.000000 -0.996195 0.087158
vn 0.000000 -0.965927 0.258816
vn 0.000000 -0.906308 0.422617
vn 0.000000 -0.819151 0.573578
vn 0.000001 -0.707108 0.707105
vn 0.000001 -0.573576 0.819152
vn 0.000000 -0.422617 0.906308
vn 0.000000 -0.258822 0.965925
vn 0.000000 0.087152 0.996195
vn 0.000000 -0.087152 0.996195
vn -1.000000 0.000000 0.000001
vn -1.000000 0.000004 -0.000003
vn -1.000000 0.000009 -0.000007
vn -1.000000 0.000004 -0.000005
vn -1.000000 -0.000003 0.000004
vn -1.000000 -0.000004 0.000004
vn -1.000000 -0.000005 0.000009
vn -1.000000 -0.000004 0.000002
vn -1.000000 -0.000004 -0.000001
vn -1.000000 -0.000004 0.000003
vn -1.000000 -0.000004 0.000004
vn -1.000000 -0.000004 0.000003
vn -1.000000 -0.000004 0.000002
vn -1.000000 -0.000002 0.000004
vn -1.000000 -0.000003 0.000004
vn -1.000000 -0.000003 0.000004
vn -1.000000 -0.000002 0.000005
vn -1.000000 -0.000001 0.000003
vn -1.000000 -0.000003 0.000004
vn -1.000000 0.000002 0.000003
vn -1.000000 0.000001 0.000003
vn -1.000000 0.000003 0.000002
vn -1.000000 0.000002 0.000003
vn -1.000000 0.000003 0.000001
vn -1.000000 0.000003 0.000002
vn -1.000000 0.000004 0.000000
vn -1.000000 0.000004 0.000001
vn -1.000000 0.000003 -0.000001
vn -1.000000 0.000004 -0.000001
vn -1.000000 0.000003 -0.000002
vn -1.000000 0.000003 -0.000002
vn -1.000000 0.000002 -0.000003
vn -1.000000 0.000002 -0.000003
vn -1.000000 0.000001 -0.000003
vn -1.000000 0.000001 -0.000003
vn -1.000000 0.000000 -0.000004
vn -0.993915 0.028509 0.106397
vn -0.993921 0.046538 0.099777
vn -0.993927 0.063117 0.090140
vn -0.993927 0.077811 0.077811
vn -0.993927 0.090141 0.063117
vn -0.993921 0.099776 0.046538
vn -0.993915 0.106397 0.028509
vn -0.993915 0.109732 0.009600
vn -0.993913 0.109750 -0.009598
vn -0.993911 0.106433 -0.028519
vn -0.993911 0.099863 -0.046567
vn -0.993911 0.090259 -0.063201
vn -0.993911 0.077914 -0.077914
vn -0.993911 0.063200 -0.090259
vn -0.993911 0.046566 -0.099862
vn -0.993911 0.028518 -0.106431
vn -0.993913 0.009599 -0.109751
vn -0.993915 -0.009600 -0.109732
vn -0.993915 -0.028509 -0.106398
vn -0.993915 -0.046552 -0.099830
vn -0.993915 -0.063180 -0.090230
vn -0.993915 -0.077888 -0.077888
vn -0.993915 -0.090229 -0.063180
vn -0.993915 -0.099830 -0.046551
vn -0.993915 -0.106397 -0.028509
vn -0.993915 -0.109730 -0.009600
vn -0.993915 -0.109730 0.009600
vn -0.993915 -0.106395 0.028508
vn -0.993915 -0.099828 0.046551
vn -0.993915 -0.090228 0.063178
vn -0.993915 -0.077886 0.077886
vn -0.993915 -0.063179 0.090229
vn -0.993915 -0.046551 0.099828
vn -0.993921 -0.028504 0.106340
vn -0.993923 0.009607 0.109656
vn -0.993929 -0.009592 0.109602
vn -0.548353 0.216436 0.807752
vn -0.548366 0.353408 0.757890
vn -0.548384 0.479639 0.684997
vn -0.548376 0.591307 0.591304
vn -0.548368 0.685006 0.479646
vn -0.548360 0.757893 0.353411
vn -0.548353 0.807752 0.216436
vn -0.548353 0.833064 0.072887
vn -0.548353 0.833065 -0.072887
vn -0.548352 0.807754 -0.216436
vn -0.548357 0.757895 -0.353411
vn -0.548381 0.684999 -0.479640
vn -0.548385 0.591301 -0.591301
vn -0.548374 0.479641 -0.685004
vn -0.548360 0.353413 -0.757892
vn -0.548357 0.216436 -0.807750
vn -0.548353 0.072884 -0.833065
vn -0.548353 -0.072884 -0.833065
vn -0.548360 -0.216435 -0.807748
vn -0.548360 -0.353411 -0.757893
vn -0.548356 -0.479650 -0.685012
vn -0.548361 -0.591312 -0.591313
vn -0.548368 -0.685005 -0.479647
vn -0.548360 -0.757894 -0.353409
vn -0.548353 -0.807752 -0.216436
vn -0.548353 -0.833064 -0.072887
vn -0.548353 -0.833065 0.072887
vn -0.548364 -0.807747 0.216432
vn -0.548367 -0.757889 0.353410
vn -0.548364 -0.685008 0.479646
vn -0.548366 -0.591310 0.591310
vn -0.548352 -0.479653 0.685013
vn -0.548347 -0.353416 0.757900
vn -0.548340 -0.216435 0.807762
vn -0.548353 0.072881 0.833065
vn -0.548339 -0.072885 0.833074
vn -0.895934 0.114964 0.429051
vn -0.895934 0.187721 0.402571
vn -0.895933 0.254777 0.363858
vn -0.895936 0.314084 0.314084
vn -0.895935 0.363855 0.254774
vn -0.895935 0.402568 0.187721
vn -0.895934 0.429051 0.114964
vn -0.895936 0.442493 0.038713
vn -0.895936 0.442493 -0.038713
vn -0.895934 0.429051 -0.114964
vn -0.895934 0.402570 -0.187721
vn -0.895933 0.363858 -0.254777
vn -0.895934 0.314089 -0.314087
vn -0.895932 0.254777 -0.363860
vn -0.895932 0.187725 -0.402574
vn -0.895934 0.114964 -0.429052
vn -0.895936 0.038713 -0.442493
vn -0.895935 -0.038714 -0.442494
vn -0.895933 -0.114965 -0.429053
vn -0.895933 -0.187722 -0.402572
vn -0.895935 -0.254774 -0.363855
vn -0.895935 -0.314086 -0.314086
vn -0.895934 -0.363856 -0.254776
vn -0.895934 -0.402570 -0.187721
vn -0.895933 -0.429054 -0.114965
vn -0.895932 -0.442501 -0.038716
vn -0.895932 -0.442501 0.038715
vn -0.895930 -0.429061 0.114965
vn -0.895932 -0.402574 0.187725
vn -0.895933 -0.363859 0.254775
vn -0.895931 -0.314092 0.314092
vn -0.895933 -0.254777 0.363858
vn -0.895935 -0.187721 0.402568
vn -0.895911 -0.114985 0.429095
vn -0.895901 0.038730 0.442562
vn -0.895878 -0.038725 0.442609
vn -0.145149 0.256077 0.955697
vn -0.145126 0.418144 0.896713
vn -0.145075 0.567509 0.810486
vn -0.145075 0.699628 0.699624
vn -0.145102 0.810482 0.567507
vn -0.145138 0.896711 0.418144
vn -0.145143 0.955698 0.256076
vn -0.145133 0.985647 0.086235
vn -0.145135 0.985647 -0.086235
vn -0.145149 0.955697 -0.256077
vn -0.145147 0.896711 -0.418141
vn -0.145120 0.810480 -0.567505
vn -0.145123 0.699621 -0.699621
vn -0.145132 0.567503 -0.810479
vn -0.145128 0.418143 -0.896713
vn -0.145119 0.256080 -0.955701
vn -0.145125 0.086234 -0.985648
vn -0.145135 -0.086233 -0.985647
vn -0.145133 -0.256078 -0.955699
vn -0.145129 -0.418143 -0.896713
vn -0.145132 -0.567503 -0.810479
vn -0.145122 -0.699620 -0.699622
vn -0.145106 -0.810482 -0.567506
vn -0.145110 -0.896716 -0.418143
vn -0.145129 -0.955699 -0.256080
vn -0.145135 -0.985647 -0.086236
vn -0.145135 -0.985647 0.086235
vn -0.145129 -0.955701 0.256075
vn -0.145128 -0.896713 0.418143
vn -0.145123 -0.810480 0.567505
vn -0.145129 -0.699622 0.699619
vn -0.145140 -0.567501 0.810479
vn -0.145120 -0.418145 0.896713
vn -0.145143 -0.256076 0.955698
vn -0.145135 0.086229 0.985647
vn -0.145156 -0.086232 0.985644
vn 0.000001 0.258818 0.965926
vn 0.000001 0.422620 0.906307
vn -0.000000 0.573575 0.819153
vn -0.000000 0.707107 0.707106
vn 0.000000 0.819152 0.573577
vn 0.000000 0.906308 0.422619
vn 0.000000 0.965927 0.258815
vn 0.000000 0.996195 0.087158
vn -0.000000 0.996195 -0.087158
vn -0.000000 0.965927 -0.258816
vn -0.000000 0.819152 -0.573577
vn -0.000000 0.707108 -0.707105
vn -0.000000 0.573577 -0.819152
vn -0.000000 0.422616 -0.906309
vn -0.000000 0.258819 -0.965926
vn -0.000000 0.087156 -0.996195
vn -0.000000 -0.087157 -0.996195
vn -0.000000 -0.258817 -0.965926
vn -0.000000 -0.422619 -0.906308
vn -0.000001 -0.573576 -0.819152
vn -0.000001 -0.707106 -0.707108
vn -0.000000 -0.819153 -0.573574
vn 0.000000 -0.906305 -0.422624
vn -0.000000 -0.965927 -0.258816
vn -0.000000 -0.996194 -0.087158
vn 0.000000 -0.996194 0.087158
vn 0.000000 -0.965927 0.258816
vn 0.000000 -0.819151 0.573579
vn 0.000001 -0.707109 0.707104
vn 0.000001 -0.573577 0.819152
vn 0.000001 -0.422618 0.906308
vn 0.000000 -0.258820 0.965926
vn 0.000000 0.087156 0.996195
vn 0.000000 -0.087156 0.996195
vn -1.000000 0.000001 0.000001
vn -1.000000 0.000004 -0.000004
vn -1.000000 -0.000001 -0.000004
vn -1.000000 0.000000 -0.000004
vn -1.000000 0.000004 -0.000003
vn -1.000000 0.000009 -0.000005
vn -1.000000 -0.000003 0.000004
vn -1.000000 -0.000005 0.000004
vn -1.000000 -0.000007 0.000009
vn -1.000000 -0.000003 0.000001
vn -1.000000 -0.000004 0.000000
vn -1.000000 -0.000003 0.000002
vn -1.000000 -0.000003 0.000001
vn -1.000000 -0.000002 0.000003
vn -1.000000 -0.000003 0.000002
vn -1.000000 -0.000001 0.000003
vn -1.000000 -0.000002 0.000003
vn -1.000000 -0.000000 0.000004
vn -1.000000 -0.000001 0.000004
vn -1.000000 0.000001 0.000003
vn -1.000000 0.000001 0.000004
vn -1.000000 0.000002 0.000003
vn -1.000000 0.000002 0.000003
vn -1.000000 0.000003 0.000002
vn -1.000000 0.000003 0.000002
vn -1.000000 0.000003 0.000001
vn -1.000000 0.000003 0.000001
vn -1.000000 0.000003 -0.000001
vn -1.000000 0.000004 0.000000
vn -1.000000 0.000003 -0.000002
vn -1.000000 0.000003 -0.000001
vn -1.000000 0.000002 -0.000003
vn -1.000000 0.000003 -0.000002
vn -1.000000 0.000001 -0.000003
vn -1.000000 0.000002 -0.000003
vn -1.000000 0.000001 -0.000004
vn -0.993915 0.028509 0.106398
vn -0.993921 0.046538 0.099777
vn -0.993927 0.063116 0.090139
vn -0.993927 0.077810 0.077809
vn -0.993927 0.090140 0.063117
vn -0.993921 0.099776 0.046537
vn -0.993915 0.106398 0.028509
vn -0.993915 0.109730 0.009600
vn -0.993915 0.109730 -0.009600
vn -0.993915 0.106397 -0.028509
vn -0.993915 0.099830 -0.046551
vn -0.993915 0.090230 -0.063180
vn -0.993915 0.077888 -0.077887
vn -0.993915 0.063179 -0.090229
vn -0.993915 0.046551 -0.099828
vn -0.993915 0.028508 -0.106395
vn -0.993915 0.009600 -0.109730
vn -0.993915 -0.009600 -0.109731
vn -0.993915 -0.028509 -0.106397
vn -0.993915 -0.046552 -0.099830
vn -0.993915 -0.063180 -0.090230
vn -0.993915 -0.077888 -0.077888
vn -0.993915 -0.090229 -0.063179
vn -0.993915 -0.099830 -0.046551
vn -0.993915 -0.106397 -0.028509
vn -0.993915 -0.109730 -0.009600
vn -0.993915 -0.109730 0.009600
vn -0.993915 -0.106396 0.028509
vn -0.993915 -0.099828 0.046551
vn -0.993915 -0.090230 0.063179
vn -0.993915 -0.077888 0.077888
vn -0.993915 -0.063180 0.090230
vn -0.993915 -0.046551 0.099830
vn -0.993921 -0.028505 0.106342
vn -0.993921 0.009605 0.109674
vn -0.993927 -0.009590 0.109621
vn -0.548364 0.216435 0.807746
vn -0.548373 0.353406 0.757886
vn -0.548378 0.479642 0.684999
vn -0.548379 0.591304 0.591304
vn -0.548378 0.685000 0.479641
vn -0.548378 0.757882 0.353408
vn -0.548368 0.807744 0.216431
vn -0.548353 0.833064 0.072887
vn -0.548367 0.833055 -0.072883
vn -0.548379 0.807737 -0.216432
vn -0.548369 0.757887 -0.353410
vn -0.548360 0.685011 -0.479647
vn -0.548363 0.591312 -0.591311
vn -0.548367 0.479645 -0.685007
vn -0.548355 0.353414 -0.757895
vn -0.548362 0.216435 -0.807747
vn -0.548369 0.072885 -0.833054
vn -0.548362 -0.072884 -0.833059
vn -0.548359 -0.216436 -0.807749
vn -0.548355 -0.353412 -0.757896
vn -0.548350 -0.479651 -0.685016
vn -0.548358 -0.591315 -0.591313
vn -0.548359 -0.757895 -0.353410
vn -0.548352 -0.807753 -0.216436
vn -0.548353 -0.833064 -0.072887
vn -0.548367 -0.833055 0.072883
vn -0.548381 -0.807735 0.216431
vn -0.548373 -0.757885 0.353409
vn -0.548362 -0.685010 0.479646
vn -0.548361 -0.591313 0.591312
vn -0.548362 -0.479649 0.685008
vn -0.548360 -0.353412 0.757893
vn -0.548343 -0.216436 0.807759
vn -0.548346 0.072882 0.833070
vn -0.548331 -0.072885 0.833079
vn -0.895935 0.114964 0.429049
vn -0.895934 0.187720 0.402570
vn -0.895932 0.254777 0.363859
vn -0.895933 0.314090 0.314089
vn -0.895934 0.363858 0.254776
vn -0.895934 0.402570 0.187721
vn -0.895934 0.429052 0.114964
vn -0.895932 0.442501 0.038716
vn -0.895932 0.442501 -0.038716
vn -0.895934 0.429052 -0.114964
vn -0.895935 0.402569 -0.187721
vn -0.895936 0.363855 -0.254773
vn -0.895935 0.314086 -0.314086
vn -0.895933 0.254776 -0.363859
vn -0.895932 0.187724 -0.402573
vn -0.895932 0.114964 -0.429055
vn -0.895933 0.038714 -0.442499
vn -0.895935 -0.038713 -0.442496
vn -0.895933 -0.114965 -0.429053
vn -0.895934 -0.187721 -0.402571
vn -0.895937 -0.254771 -0.363852
vn -0.895937 -0.314085 -0.314084
vn -0.895933 -0.363858 -0.254777
vn -0.895934 -0.402570 -0.187721
vn -0.895934 -0.429052 -0.114965
vn -0.895932 -0.442501 -0.038716
vn -0.895932 -0.442501 0.038716
vn -0.895930 -0.429060 0.114965
vn -0.895931 -0.402576 0.187725
vn -0.895933 -0.363859 0.254775
vn -0.895935 -0.314086 0.314086
vn -0.895935 -0.254774 0.363854
vn -0.895934 -0.187722 0.402570
vn -0.895912 -0.114985 0.429093
vn -0.895912 0.038726 0.442541
vn -0.895889 -0.038721 0.442588
vn -0.145124 0.256077 0.955701
vn -0.145098 0.418148 0.896716
vn -0.145062 0.567510 0.810487
vn -0.145072 0.699626 0.699627
vn -0.145087 0.810485 0.567507
vn -0.145107 0.896714 0.418148
vn -0.145126 0.955701 0.256074
vn -0.145134 0.985647 0.086235
vn -0.145114 0.985650 -0.086233
vn -0.145107 0.955703 -0.256078
vn -0.145129 0.896712 -0.418145
vn -0.145126 0.810480 -0.567504
vn -0.145122 0.699623 -0.699620
vn -0.145134 0.567503 -0.810479
vn -0.145140 0.418142 -0.896711
vn -0.145124 0.256080 -0.955700
vn -0.145112 0.086234 -0.985650
vn -0.145112 -0.086235 -0.985650
vn -0.145124 -0.256079 -0.955700
vn -0.145131 -0.418144 -0.896712
vn -0.145117 -0.567504 -0.810481
vn -0.145114 -0.699621 -0.699623
vn -0.145109 -0.810482 -0.567505
vn -0.145128 -0.896712 -0.418145
vn -0.145147 -0.955697 -0.256077
vn -0.145134 -0.985647 -0.086235
vn -0.145114 -0.985650 0.086233
vn -0.145105 -0.955703 0.256078
vn -0.145122 -0.896713 0.418145
vn -0.145121 -0.810480 0.567505
vn -0.145118 -0.699624 0.699620
vn -0.145128 -0.567504 0.810480
vn -0.145120 -0.418144 0.896714
vn -0.145138 -0.256076 0.955699
vn -0.145135 0.086230 0.985647
vn -0.145156 -0.086233 0.985644
vn 0.000000 0.258820 0.965926
vn 0.000000 0.422619 0.906308
vn -0.000000 0.573575 0.819153
vn -0.000000 0.707107 0.707107
vn 0.000000 0.819152 0.573577
vn 0.000000 0.906307 0.422620
vn 0.000000 0.965927 0.258816
vn 0.000000 0.996194 0.087158
vn -0.000000 0.996195 -0.087158
vn 0.000000 0.965927 -0.258816
vn -0.000000 0.906307 -0.422619
vn -0.000000 0.819151 -0.573578
vn -0.000000 0.707109 -0.707105
vn -0.000000 0.573577 -0.819152
vn -0.000000 0.422616 -0.906309
vn 0.000000 0.258819 -0.965926
vn 0.000000 0.087156 -0.996195
vn 0.000000 -0.087157 -0.996195
vn 0.000000 -0.258818 -0.965926
vn 0.000000 -0.422618 -0.906308
vn -0.000000 -0.573577 -0.819152
vn -0.000000 -0.707106 -0.707108
vn -0.000000 -0.819152 -0.573576
vn -0.000000 -0.906306 -0.422622
vn 0.000000 -0.965927 -0.258816
vn 0.000000 -0.996194 -0.087158
vn 0.000000 -0.996194 0.087158
vn 0.000000 -0.965927 0.258816
vn 0.000000 -0.906308 0.422617
vn 0.000000 -0.819152 0.573577
vn 0.000000 -0.707109 0.707105
vn 0.000000 -0.573576 0.819152
vn 0.000000 -0.422616 0.906309
vn 0.000000 -0.258820 0.965926
vn 0.000000 0.087156 0.996195
vn 0.000000 -0.087156 0.996195
vn -1.000000 0.000001 0.000001
vn -1.000000 0.000011 -0.000012
vn -1.000000 -0.000002 -0.000009
vn -1.000000 -0.000000 -0.000009
vn -1.000000 0.000012 -0.000007
vn -1.000000 0.000024 -0.000014
vn -1.000000 -0.000009 0.000011
vn -1.000000 -0.000014 0.000011
vn -1.000000 -0.000018 0.000023
vn -1.000000 -0.000009 0.000002
vn -1.000000 -0.000010 -0.000000
vn -1.000000 -0.000008 0.000005
vn -1.000000 -0.000009 0.000003
vn -1.000000 -0.000006 0.000007
vn -1.000000 -0.000007 0.000006
vn -1.000000 -0.000003 0.000009
vn -1.000000 -0.000005 0.000008
vn -1.000000 0.000000 0.000009
vn -1.000000 -0.000002 0.000009
vn -1.000000 0.000003 0.000009
vn -1.000000 0.000002 0.000009
vn -1.000000 0.000006 0.000007
vn -1.000000 0.000005 0.000008
vn -1.000000 0.000008 0.000005
vn -1.000000 0.000007 0.000006
vn -1.000000 0.000009 0.000002
vn -1.000000 0.000009 0.000003
vn -1.000000 0.000009 -0.000002
vn -1.000000 0.000010 0.000000
vn -1.000000 0.000008 -0.000005
vn -1.000000 0.000009 -0.000003
vn -1.000000 0.000006 -0.000007
vn -1.000000 0.000007 -0.000006
vn -1.000000 0.000003 -0.000009
vn -1.000000 0.000005 -0.000008
vn -1.000000 0.000002 -0.000009
vn -0.993899 0.028546 0.106537
vn -0.993915 0.046577 0.099819
vn -0.993931 0.063095 0.090109
vn -0.993931 0.077784 0.077784
vn -0.993931 0.090109 0.063095
vn -0.993915 0.099816 0.046575
vn -0.993899 0.106539 0.028547
vn -0.993899 0.109876 0.009613
vn -0.993899 0.109876 -0.009613
vn -0.993899 0.106539 -0.028547
vn -0.993899 0.099963 -0.046613
vn -0.993899 0.090349 -0.063263
vn -0.993899 0.077991 -0.077990
vn -0.993899 0.063263 -0.090349
vn -0.993899 0.046614 -0.099963
vn -0.993899 0.028547 -0.106540
vn -0.993899 0.009613 -0.109876
vn -0.993899 -0.009612 -0.109874
vn -0.993899 -0.028547 -0.106539
vn -0.993899 -0.046614 -0.099964
vn -0.993899 -0.063263 -0.090349
vn -0.993899 -0.077992 -0.077992
vn -0.993899 -0.090350 -0.063264
vn -0.993899 -0.099963 -0.046613
vn -0.993899 -0.106539 -0.028547
vn -0.993899 -0.109876 -0.009613
vn -0.993899 -0.109876 0.009613
vn -0.993899 -0.106537 0.028546
vn -0.993899 -0.099961 0.046613
vn -0.993899 -0.090350 0.063263
vn -0.993899 -0.077991 0.077991
vn -0.993899 -0.063265 0.090351
vn -0.993898 -0.046615 0.099966
vn -0.993913 -0.028537 0.106411
vn -0.993913 0.009624 0.109743
vn -0.993927 -0.009590 0.109619
vn -0.548386 0.216431 0.807731
vn -0.548387 0.353401 0.757879
vn -0.548399 0.479633 0.684990
vn -0.548394 0.591300 0.591294
vn -0.548387 0.684995 0.479640
vn -0.548389 0.757876 0.353403
vn -0.548386 0.807732 0.216428
vn -0.548373 0.833052 0.072886
vn -0.548386 0.833043 -0.072882
vn -0.548397 0.807725 -0.216428
vn -0.548389 0.757876 -0.353404
vn -0.548377 0.685001 -0.479641
vn -0.548385 0.591300 -0.591303
vn -0.548386 0.479640 -0.684996
vn -0.548369 0.353409 -0.757888
vn -0.548383 0.216432 -0.807734
vn -0.548379 0.072882 -0.833048
vn -0.548379 -0.072883 -0.833048
vn -0.548386 -0.216431 -0.807731
vn -0.548382 -0.353403 -0.757881
vn -0.548369 -0.479646 -0.685005
vn -0.548374 -0.591306 -0.591306
vn -0.548389 -0.684994 -0.479639
vn -0.548382 -0.757880 -0.353404
vn -0.548376 -0.807738 -0.216432
vn -0.548373 -0.833052 -0.072886
vn -0.548386 -0.833043 0.072882
vn -0.548397 -0.807725 0.216428
vn -0.548389 -0.757875 0.353406
vn -0.548375 -0.685004 0.479640
vn -0.548373 -0.591306 0.591307
vn -0.548382 -0.479639 0.684999
vn -0.548381 -0.353408 0.757879
vn -0.548371 -0.216430 0.807742
vn -0.548365 0.072881 0.833057
vn -0.548349 -0.072884 0.833068
vn -0.895974 0.114943 0.428974
vn -0.895977 0.187685 0.402493
vn -0.895980 0.254722 0.363780
vn -0.895981 0.314021 0.314019
vn -0.895980 0.363781 0.254723
vn -0.895981 0.402486 0.187681
vn -0.895979 0.428964 0.114941
vn -0.895978 0.442409 0.038708
vn -0.895978 0.442408 -0.038707
vn -0.895980 0.428962 -0.114940
vn -0.895980 0.402486 -0.187681
vn -0.895982 0.363778 -0.254719
vn -0.895981 0.314020 -0.314021
vn -0.895981 0.254722 -0.363780
vn -0.895984 0.187679 -0.402479
vn -0.895982 0.114939 -0.428958
vn -0.895981 0.038707 -0.442403
vn -0.895977 -0.038706 -0.442411
vn -0.895977 -0.114943 -0.428967
vn -0.895981 -0.187680 -0.402485
vn -0.895981 -0.254720 -0.363779
vn -0.895981 -0.314021 -0.314020
vn -0.895979 -0.363782 -0.254724
vn -0.895980 -0.402486 -0.187682
vn -0.895979 -0.428964 -0.114941
vn -0.895978 -0.442409 -0.038708
vn -0.895978 -0.442408 0.038707
vn -0.895977 -0.428969 0.114940
vn -0.895977 -0.402491 0.187687
vn -0.895980 -0.363784 0.254720
vn -0.895981 -0.314020 0.314022
vn -0.895981 -0.254721 0.363780
vn -0.895982 -0.187682 0.402483
vn -0.895925 -0.114990 0.429065
vn -0.895922 0.038736 0.442519
vn -0.895869 -0.038725 0.442628
vn -0.145097 0.256082 0.955703
vn -0.145084 0.418144 0.896720
vn -0.145050 0.567510 0.810490
vn -0.145068 0.699628 0.699625
vn -0.145095 0.810483 0.567508
vn -0.145101 0.896716 0.418146
vn -0.145106 0.955704 0.256076
vn -0.145110 0.985650 0.086236
vn -0.145092 0.985653 -0.086232
vn -0.145091 0.955705 -0.256079
vn -0.145102 0.896716 -0.418147
vn -0.145093 0.810483 -0.567507
vn -0.145097 0.699625 -0.699622
vn -0.145112 0.567504 -0.810482
vn -0.145113 0.418144 -0.896715
vn -0.145099 0.256081 -0.955703
vn -0.145100 0.086232 -0.985652
vn -0.145100 -0.086233 -0.985652
vn -0.145099 -0.256079 -0.955704
vn -0.145095 -0.418145 -0.896717
vn -0.145095 -0.567508 -0.810483
vn -0.145097 -0.699622 -0.699625
vn -0.145088 -0.810484 -0.567507
vn -0.145102 -0.896716 -0.418147
vn -0.145120 -0.955701 -0.256077
vn -0.145110 -0.985650 -0.086236
vn -0.145089 -0.985654 0.086233
vn -0.145079 -0.955707 0.256079
vn -0.145102 -0.896716 0.418147
vn -0.145108 -0.810483 0.567505
vn -0.145099 -0.699625 0.699622
vn -0.145112 -0.567504 0.810482
vn -0.145105 -0.418146 0.896715
vn -0.145114 -0.256077 0.955702
vn -0.145123 0.086229 0.985649
vn -0.145147 -0.086232 0.985645
vn 1.000000 0.000002 0.000003
vn 1.000000 0.000000 -0.000000
vn 1.000000 0.000004 -0.000000
vn 1.000000 0.000007 -0.000000
vn 1.000000 0.000014 -0.000001
vn 1.000000 0.000003 -0.000000
vn 1.000000 0.000000 -0.000000
vn 1.000000 0.000000 -0.000000
vn 1.000000 0.000000 0.000000
vn 1.000000 0.000004 0.000006
vn 1.000000 0.000008 0.000012
vn 0.000000 0.258821 0.965925
vn 0.000000 0.422617 0.906308
vn -0.000000 0.573576 0.819153
vn -0.000000 0.707108 0.707106
vn 0.000000 0.965927 0.258816
vn 0.000000 0.996195 0.087158
vn 0.000000 0.996195 -0.087158
vn 0.000000 0.906307 -0.422619
vn 0.000000 0.819152 -0.573577
vn 0.000000 0.707107 -0.707107
vn 0.000000 0.573578 -0.819151
vn 0.000000 0.422617 -0.906308
vn 0.000000 0.258816 -0.965927
vn 0.000000 0.087158 -0.996195
vn 0.000000 -0.087158 -0.996194
vn 0.000000 -0.258815 -0.965927
vn 0.000000 -0.422618 -0.906308
vn 0.000000 -0.573578 -0.819151
vn 0.000000 -0.707104 -0.707110
vn 0.000000 -0.819153 -0.573575
vn 0.000000 -0.906306 -0.422622
vn 0.000000 -0.965927 -0.258816
vn 0.000000 -0.996195 -0.087158
vn 0.000000 -0.996195 0.087158
vn 0.000000 -0.965927 0.258816
vn 0.000000 -0.906309 0.422616
vn 0.000000 -0.707109 0.707104
vn 0.000000 -0.573577 0.819152
vn 0.000000 -0.422614 0.906310
vn 0.000000 -0.258821 0.965925
vn 0.000000 0.087156 0.996195
vn 0.000000 -0.087156 0.996195
vn -1.000000 0.000001 0.000001
vn -1.000000 0.000006 -0.000006
vn -1.000000 -0.000001 -0.000005
vn -1.000000 -0.000000 -0.000005
vn -1.000000 0.000006 -0.000003
vn -1.000000 0.000012 -0.000007
vn -1.000000 -0.000005 0.000006
vn -1.000000 -0.000007 0.000006
vn -1.000000 -0.000009 0.000011
vn -1.000000 -0.000005 0.000001
vn -1.000000 -0.000005 -0.000000
vn -1.000000 -0.000004 0.000002
vn -1.000000 -0.000005 0.000002
vn -1.000000 -0.000003 0.000004
vn -1.000000 -0.000004 0.000003
vn -1.000000 -0.000002 0.000004
vn -1.000000 -0.000002 0.000004
vn -1.000000 0.000000 0.000005
vn -1.000000 -0.000001 0.000005
vn -1.000000 0.000002 0.000004
vn -1.000000 0.000001 0.000005
vn -1.000000 0.000003 0.000004
vn -1.000000 0.000002 0.000004
vn -1.000000 0.000004 0.000002
vn -1.000000 0.000004 0.000003
vn -1.000000 0.000005 0.000001
vn -1.000000 0.000005 0.000002
vn -1.000000 0.000005 -0.000001
vn -1.000000 0.000005 0.000000
vn -1.000000 0.000004 -0.000002
vn -1.000000 0.000005 -0.000002
vn -1.000000 0.000003 -0.000004
vn -1.000000 0.000004 -0.000003
vn -1.000000 0.000002 -0.000004
vn -1.000000 0.000002 -0.000004
vn -1.000000 0.000001 -0.000005
vn -0.993911 0.028518 0.106430
vn -0.993919 0.046548 0.099791
vn -0.993927 0.063117 0.090139
vn -0.993927 0.077810 0.077810
vn -0.993927 0.090139 0.063116
vn -0.993919 0.099790 0.046548
vn -0.993911 0.106432 0.028519
vn -0.993911 0.109766 0.009603
vn -0.993911 0.109766 -0.009603
vn -0.993913 0.106416 -0.028511
vn -0.993915 0.099830 -0.046551
vn -0.993915 0.090228 -0.063179
vn -0.993915 0.077887 -0.077887
vn -0.993915 0.063178 -0.090228
vn -0.993915 0.046552 -0.099829
vn -0.993913 0.028511 -0.106417
vn -0.993911 0.009603 -0.109766
vn -0.993911 -0.009603 -0.109764
vn -0.993911 -0.028519 -0.106433
vn -0.993911 -0.046568 -0.099866
vn -0.993911 -0.063201 -0.090259
vn -0.993911 -0.077914 -0.077914
vn -0.993911 -0.090259 -0.063201
vn -0.993911 -0.099864 -0.046567
vn -0.993911 -0.106433 -0.028519
vn -0.993911 -0.109766 -0.009603
vn -0.993911 -0.109766 0.009603
vn -0.993911 -0.106431 0.028518
vn -0.993911 -0.099862 0.046567
vn -0.993911 -0.090260 0.063200
vn -0.993911 -0.077913 0.077913
vn -0.993911 -0.063202 0.090262
vn -0.993910 -0.046569 0.099867
vn -0.993919 -0.028513 0.106359
vn -0.993920 0.009610 0.109689
vn -0.993928 -0.009590 0.109618
vn -0.548386 0.216433 0.807731
vn -0.548385 0.353400 0.757880
vn -0.548397 0.479634 0.684991
vn -0.548395 0.591299 0.591294
vn -0.548389 0.757876 0.353403
vn -0.548386 0.807732 0.216428
vn -0.548386 0.833043 -0.072882
vn -0.548397 0.807725 -0.216428
vn -0.548389 0.757876 -0.353403
vn -0.548375 0.685002 -0.479642
vn -0.548384 0.591300 -0.591303
vn -0.548392 0.479638 -0.684992
vn -0.548379 0.353405 -0.757882
vn -0.548397 0.216428 -0.807725
vn -0.548387 0.072882 -0.833043
vn -0.548386 -0.072882 -0.833043
vn -0.548400 -0.216427 -0.807723
vn -0.548392 -0.353399 -0.757875
vn -0.548375 -0.479645 -0.685001
vn -0.548374 -0.591306 -0.591306
vn -0.548387 -0.684995 -0.479640
vn -0.548382 -0.757881 -0.353404
vn -0.548376 -0.807738 -0.216432
vn -0.548386 -0.833043 0.072882
vn -0.548387 -0.807731 0.216432
vn -0.548370 -0.757886 0.353411
vn -0.548356 -0.685014 0.479647
vn -0.548355 -0.591315 0.591315
vn -0.548368 -0.479644 0.685007
vn -0.548367 -0.353412 0.757888
vn -0.548356 -0.216435 0.807751
vn -0.548365 0.072879 0.833058
vn -0.548343 -0.072884 0.833071
vn -0.895929 0.114968 0.429062
vn -0.895932 0.187722 0.402575
vn -0.895936 0.254774 0.363854
vn -0.895935 0.314086 0.314086
vn -0.895933 0.363858 0.254777
vn -0.895934 0.402570 0.187720
vn -0.895933 0.429053 0.114965
vn -0.895932 0.442501 0.038716
vn -0.895932 0.442501 -0.038715
vn -0.895927 0.429067 -0.114965
vn -0.895919 0.402598 -0.187733
vn -0.895921 0.363879 -0.254790
vn -0.895920 0.314107 -0.314109
vn -0.895919 0.254794 -0.363882
vn -0.895922 0.187731 -0.402593
vn -0.895926 0.114965 -0.429067
vn -0.895932 0.038716 -0.442501
vn -0.895928 -0.038715 -0.442509
vn -0.895929 -0.114968 -0.429060
vn -0.895935 -0.187718 -0.402569
vn -0.895935 -0.314086 -0.314086
vn -0.895934 -0.402570 -0.187720
vn -0.895933 -0.429053 -0.114965
vn -0.895932 -0.442500 0.038715
vn -0.895931 -0.429058 0.114964
vn -0.895932 -0.402574 0.187725
vn -0.895934 -0.363859 0.254772
vn -0.895935 -0.314085 0.314087
vn -0.895935 -0.254773 0.363856
vn -0.895935 -0.187722 0.402568
vn -0.895901 -0.114995 0.429112
vn -0.895899 0.038731 0.442566
vn -0.895868 -0.038724 0.442629
vn -0.145113 0.256083 0.955701
vn -0.145095 0.418144 0.896718
vn -0.145058 0.567508 0.810489
vn -0.145068 0.699629 0.699624
vn -0.145093 0.810483 0.567508
vn -0.145116 0.896713 0.418147
vn -0.145129 0.955701 0.256075
vn -0.145133 0.985647 0.086236
vn -0.145117 0.985650 -0.086232
vn -0.145117 0.955702 -0.256078
vn -0.145129 0.896712 -0.418145
vn -0.145123 0.810480 -0.567505
vn -0.145122 0.699622 -0.699620
vn -0.145123 0.567505 -0.810480
vn -0.145109 0.256078 -0.955703
vn -0.145114 0.086232 -0.985650
vn -0.145114 -0.086233 -0.985650
vn -0.145108 -0.256077 -0.955703
vn -0.145110 -0.418144 -0.896715
vn -0.145106 -0.567508 -0.810480
vn -0.145122 -0.699619 -0.699624
vn -0.145115 -0.810481 -0.567505
vn -0.145122 -0.896713 -0.418145
vn -0.145140 -0.955698 -0.256077
vn -0.145129 -0.985648 -0.086236
vn -0.145107 -0.985651 0.086233
vn -0.145100 -0.955704 0.256078
vn -0.145129 -0.896712 0.418145
vn -0.145129 -0.810480 0.567504
vn -0.145122 -0.699624 0.699619
vn -0.145140 -0.567501 0.810479
vn -0.145129 -0.418143 0.896713
vn -0.145140 -0.256077 0.955698
vn -0.145139 0.086227 0.985647
vn -0.145170 -0.086232 0.985642
vn 0.000000 0.258820 -0.965925
vn 0.000000 0.422619 -0.906307
vn -0.000001 0.573576 -0.819152
vn -0.000001 0.707105 -0.707108
vn 0.000001 0.819153 -0.573575
vn 0.000000 0.906307 -0.422621
vn -0.000000 0.965927 -0.258816
vn -0.000000 0.996195 -0.087158
vn 0.000000 0.965927 0.258816
vn 0.000001 0.906306 0.422622
vn 0.000001 0.819153 0.573575
vn 0.000001 0.707107 0.707107
vn 0.000001 0.573576 0.819152
vn 0.000000 0.422618 0.906308
vn 0.000000 0.258819 0.965926
vn 0.000000 0.087158 0.996195
vn 0.000001 -0.087155 0.996195
vn 0.000001 -0.258818 0.965926
vn 0.000000 -0.422621 0.906307
vn 0.000000 -0.573572 0.819155
vn 0.000001 -0.707107 0.707107
vn 0.000001 -0.819150 0.573579
vn -0.000001 -0.996195 -0.087155
vn -0.000001 -0.965926 -0.258819
vn -0.000000 -0.906308 -0.422618
vn -0.000000 -0.819154 -0.573574
vn -0.000001 -0.707107 -0.707107
vn -0.000002 -0.573576 -0.819152
vn -0.000001 -0.422622 -0.906306
vn -0.000000 -0.258821 -0.965925
vn 0.000000 0.087152 -0.996195
vn -0.000000 -0.087151 -0.996195
vn 1.000000 0.000001 -0.000001
vn 1.000000 0.000006 0.000006
vn 1.000000 -0.000001 0.000005
vn 1.000000 0.000000 0.000005
vn 1.000000 0.000006 0.000003
vn 1.000000 0.000012 0.000007
vn 1.000000 -0.000005 -0.000006
vn 1.000000 -0.000007 -0.000006
vn 1.000000 -0.000009 -0.000011
vn 1.000000 -0.000005 -0.000001
vn 1.000000 -0.000005 -0.000000
vn 1.000000 -0.000004 -0.000002
vn 1.000000 -0.000005 -0.000002
vn 1.000000 -0.000003 -0.000004
vn 1.000000 -0.000004 -0.000003
vn 1.000000 -0.000002 -0.000004
vn 1.000000 -0.000002 -0.000004
vn 1.000000 0.000000 -0.000005
vn 1.000000 -0.000001 -0.000005
vn 1.000000 0.000002 -0.000004
vn 1.000000 0.000001 -0.000005
vn 1.000000 0.000003 -0.000004
vn 1.000000 0.000002 -0.000004
vn 1.000000 0.000004 -0.000002
vn 1.000000 0.000004 -0.000003
vn 1.000000 0.000005 -0.000001
vn 1.000000 0.000005 -0.000002
vn 1.000000 0.000005 0.000001
vn 1.000000 0.000005 0.000000
vn 1.000000 0.000004 0.000002
vn 1.000000 0.000005 0.000002
vn 1.000000 0.000003 0.000004
vn 1.000000 0.000004 0.000003
vn 1.000000 0.000002 0.000004
vn 1.000000 0.000002 0.000004
vn 1.000000 0.000001 0.000005
vn 0.993910 0.028520 -0.106437
vn 0.993918 0.046550 -0.099796
vn 0.993927 0.063119 -0.090142
vn 0.993927 0.077812 -0.077813
vn 0.993927 0.090140 -0.063117
vn 0.993919 0.099790 -0.046548
vn 0.993911 0.106432 -0.028519
vn 0.993911 0.109768 -0.009603
vn 0.993913 0.109750 0.009598
vn 0.993915 0.106397 0.028509
vn 0.993915 0.099830 0.046551
vn 0.993915 0.090230 0.063180
vn 0.993915 0.077888 0.077888
vn 0.993915 0.063179 0.090228
vn 0.993915 0.046551 0.099830
vn 0.993915 0.028509 0.106398
vn 0.993915 0.009600 0.109732
vn 0.993915 -0.009600 0.109732
vn 0.993915 -0.028509 0.106396
vn 0.993915 -0.046551 0.099828
vn 0.993915 -0.063178 0.090227
vn 0.993915 -0.077887 0.077887
vn 0.993915 -0.090230 0.063180
vn 0.993915 -0.099830 0.046551
vn 0.993915 -0.106397 0.028509
vn 0.993915 -0.109730 0.009600
vn 0.993915 -0.109730 -0.009600
vn 0.993915 -0.106395 -0.028509
vn 0.993915 -0.099827 -0.046550
vn 0.993915 -0.090228 -0.063178
vn 0.993915 -0.077889 -0.077889
vn 0.993915 -0.063181 -0.090231
vn 0.993915 -0.046551 -0.099830
vn 0.993921 -0.028506 -0.106344
vn 0.993919 0.009610 -0.109693
vn 0.993927 -0.009590 -0.109622
vn 0.548372 0.216432 -0.807741
vn 0.548385 0.353403 -0.757879
vn 0.548395 0.479640 -0.684988
vn 0.548390 0.591297 -0.591301
vn 0.548391 0.684993 -0.479638
vn 0.548376 0.757884 -0.353406
vn 0.548369 0.807743 -0.216433
vn 0.548386 0.833043 -0.072882
vn 0.548387 0.833042 0.072882
vn 0.548371 0.807742 0.216433
vn 0.548373 0.757886 0.353406
vn 0.548387 0.684995 0.479640
vn 0.548380 0.591303 0.591304
vn 0.548377 0.479644 0.684999
vn 0.548369 0.353410 0.757887
vn 0.548367 0.216434 0.807744
vn 0.548360 0.072885 0.833060
vn 0.548346 -0.072883 0.833070
vn 0.548353 -0.216439 0.807752
vn 0.548367 -0.353408 0.757890
vn 0.548362 -0.479647 0.685010
vn 0.548361 -0.591314 0.591310
vn 0.548368 -0.685005 0.479647
vn 0.548376 -0.757883 0.353409
vn 0.548368 -0.807743 0.216436
vn 0.548352 -0.833065 0.072881
vn 0.548354 -0.833065 -0.072882
vn 0.548371 -0.807741 -0.216435
vn 0.548373 -0.757885 -0.353409
vn 0.548375 -0.685002 -0.479642
vn 0.548390 -0.591299 -0.591298
vn 0.548387 -0.479638 -0.684996
vn 0.548379 -0.353410 -0.757880
vn 0.548359 -0.216433 -0.807750
vn 0.548357 0.072879 -0.833062
vn 0.548343 -0.072881 -0.833071
vn 0.895941 0.114961 -0.429039
vn 0.895940 0.187716 -0.402559
vn 0.895936 0.254775 -0.363852
vn 0.895935 0.314085 -0.314087
vn 0.895933 0.363858 -0.254777
vn 0.895934 0.402570 -0.187721
vn 0.895933 0.429053 -0.114965
vn 0.895932 0.442502 -0.038713
vn 0.895924 0.442517 0.038711
vn 0.895918 0.429083 0.114973
vn 0.895919 0.402598 0.187734
vn 0.895918 0.363883 0.254795
vn 0.895917 0.314112 0.314111
vn 0.895916 0.254798 0.363887
vn 0.895926 0.187729 0.402585
vn 0.895932 0.114966 0.429055
vn 0.895932 0.038714 0.442501
vn 0.895936 -0.038712 0.442493
vn 0.895932 -0.114966 0.429055
vn 0.895930 -0.187724 0.402578
vn 0.895931 -0.254778 0.363863
vn 0.895932 -0.314092 0.314088
vn 0.895933 -0.363858 0.254777
vn 0.895934 -0.402570 0.187721
vn 0.895938 -0.429044 0.114964
vn 0.895936 -0.442493 0.038713
vn 0.895935 -0.442494 -0.038714
vn 0.895933 -0.429053 -0.114964
vn 0.895923 -0.402589 -0.187732
vn 0.895916 -0.363887 -0.254797
vn 0.895917 -0.314112 -0.314112
vn 0.895918 -0.254795 -0.363883
vn 0.895922 -0.187733 -0.402593
vn 0.895904 -0.114989 -0.429109
vn 0.895904 0.038731 -0.442555
vn 0.895875 -0.038724 -0.442616
vn 0.145129 0.256079 -0.955699
vn 0.145089 0.418146 -0.896718
vn 0.145087 0.567509 -0.810483
vn 0.145105 0.699621 -0.699625
vn 0.145076 0.810487 -0.567506
vn 0.145112 0.896713 -0.418148
vn 0.145154 0.955696 -0.256076
vn 0.145137 0.985646 -0.086235
vn 0.145135 0.985647 0.086235
vn 0.145151 0.955696 0.256077
vn 0.145129 0.896712 0.418145
vn 0.145106 0.810483 0.567504
vn 0.145129 0.699619 0.699622
vn 0.145120 0.567506 0.810480
vn 0.145120 0.418145 0.896713
vn 0.145119 0.256080 0.955701
vn 0.145125 0.086234 0.985648
vn 0.145123 -0.086234 0.985649
vn 0.145113 -0.256079 0.955702
vn 0.145110 -0.418144 0.896715
vn 0.145115 -0.567502 0.810483
vn 0.145129 -0.699622 0.699619
vn 0.145135 -0.810477 0.567505
vn 0.145124 -0.896713 0.418146
vn 0.145103 -0.955703 0.256078
vn 0.145114 -0.985650 0.086233
vn 0.145135 -0.985647 -0.086229
vn 0.145123 -0.955700 -0.256080
vn 0.145124 -0.896713 -0.418146
vn 0.145134 -0.810480 -0.567501
vn 0.145129 -0.699622 -0.699619
vn 0.145140 -0.567501 -0.810479
vn 0.145129 -0.418146 -0.896712
vn 0.145149 -0.256077 -0.955697
vn 0.145156 0.086226 -0.985644
vn 0.145176 -0.086228 -0.985641
vn -0.000000 0.258818 -0.965926
vn -0.000000 0.422619 -0.906308
vn 0.000000 0.573576 -0.819152
vn -0.000000 0.707106 -0.707108
vn 0.000001 0.819153 -0.573575
vn 0.000001 0.906306 -0.422622
vn -0.000000 0.965927 -0.258815
vn -0.000000 0.996195 -0.087158
vn 0.000000 0.965927 0.258816
vn 0.000001 0.906306 0.422622
vn 0.000001 0.819153 0.573575
vn 0.000001 0.707107 0.707106
vn 0.000001 0.573577 0.819152
vn 0.000000 0.422618 0.906308
vn 0.000000 0.258819 0.965926
vn 0.000000 0.087156 0.996195
vn 0.000000 -0.087157 0.996195
vn 0.000001 -0.258815 0.965927
vn 0.000001 -0.422620 0.906307
vn 0.000001 -0.573575 0.819153
vn 0.000001 -0.707107 0.707106
vn 0.000000 -0.819149 0.573581
vn 0.000000 -0.906308 0.422617
vn 0.000000 -0.965927 0.258816
vn -0.000001 -0.996195 -0.087155
vn -0.000001 -0.965926 -0.258819
vn 0.000000 -0.906308 -0.422617
vn 0.000000 -0.819152 -0.573576
vn -0.000000 -0.707106 -0.707108
vn -0.000001 -0.573579 -0.819150
vn -0.000001 -0.422621 -0.906306
vn -0.000000 -0.258819 -0.965926
vn 0.000000 0.087157 -0.996195
vn -0.000000 -0.087156 -0.996195
vn 1.000000 0.000001 -0.000001
vn 1.000000 0.000006 0.000006
vn 1.000000 -0.000001 0.000005
vn 1.000000 0.000000 0.000005
vn 1.000000 0.000006 0.000003
vn 1.000000 0.000012 0.000007
vn 1.000000 -0.000005 -0.000006
vn 1.000000 -0.000007 -0.000006
vn 1.000000 -0.000009 -0.000011
vn 1.000000 -0.000005 -0.000001
vn 1.000000 -0.000005 -0.000000
vn 1.000000 -0.000004 -0.000002
vn 1.000000 -0.000005 -0.000002
vn 1.000000 -0.000003 -0.000004
vn 1.000000 -0.000004 -0.000003
vn 1.000000 -0.000002 -0.000004
vn 1.000000 -0.000002 -0.000004
vn 1.000000 -0.000001 -0.000005
vn 1.000000 0.000002 -0.000004
vn 1.000000 0.000001 -0.000005
vn 1.000000 0.000003 -0.000004
vn 1.000000 0.000002 -0.000004
vn 1.000000 0.000004 -0.000002
vn 1.000000 0.000004 -0.000003
vn 1.000000 0.000005 -0.000001
vn 1.000000 0.000005 -0.000002
vn 1.000000 0.000005 0.000001
vn 1.000000 0.000005 0.000000
vn 1.000000 0.000004 0.000002
vn 1.000000 0.000005 0.000002
vn 1.000000 0.000003 0.000004
vn 1.000000 0.000004 0.000003
vn 1.000000 0.000002 0.000004
vn 1.000000 0.000002 0.000004
vn 1.000000 0.000001 0.000005
vn 0.993911 0.028519 -0.106435
vn 0.993919 0.046550 -0.099794
vn 0.993927 0.063118 -0.090141
vn 0.993927 0.077810 -0.077810
vn 0.993927 0.090138 -0.063116
vn 0.993919 0.099790 -0.046548
vn 0.993911 0.106433 -0.028519
vn 0.993911 0.109768 -0.009603
vn 0.993911 0.109768 0.009603
vn 0.993911 0.106432 0.028519
vn 0.993911 0.099863 0.046567
vn 0.993911 0.090260 0.063201
vn 0.993913 0.077904 0.077899
vn 0.993915 0.063179 0.090229
vn 0.993915 0.046551 0.099829
vn 0.993915 0.028509 0.106395
vn 0.993915 0.009600 0.109731
vn 0.993915 -0.009600 0.109731
vn 0.993915 -0.028509 0.106395
vn 0.993915 -0.046551 0.099829
vn 0.993915 -0.063178 0.090228
vn 0.993915 -0.077887 0.077887
vn 0.993915 -0.090230 0.063180
vn 0.993915 -0.099830 0.046551
vn 0.993915 -0.106397 0.028509
vn 0.993915 -0.109730 0.009600
vn 0.993915 -0.109730 -0.009600
vn 0.993915 -0.106396 -0.028509
vn 0.993915 -0.099827 -0.046550
vn 0.993915 -0.090228 -0.063178
vn 0.993913 -0.077899 -0.077903
vn 0.993911 -0.063200 -0.090260
vn 0.993911 -0.046566 -0.099862
vn 0.993919 -0.028513 -0.106360
vn 0.993919 0.009610 -0.109692
vn 0.993927 -0.009591 -0.109622
vn 0.548383 0.216431 -0.807734
vn 0.548385 0.353401 -0.757879
vn 0.548389 0.479642 -0.684992
vn 0.548382 0.591301 -0.591304
vn 0.548387 0.684995 -0.479640
vn 0.548376 0.757885 -0.353405
vn 0.548369 0.807743 -0.216433
vn 0.548387 0.833043 0.072882
vn 0.548371 0.807741 0.216433
vn 0.548374 0.757885 0.353405
vn 0.548388 0.684994 0.479639
vn 0.548383 0.591300 0.591303
vn 0.548377 0.479644 0.684999
vn 0.548374 0.353407 0.757885
vn 0.548385 0.216432 0.807732
vn 0.548395 0.072884 0.833037
vn 0.548395 -0.072884 0.833037
vn 0.548385 -0.216432 0.807732
vn 0.548371 -0.353404 0.757888
vn 0.548363 -0.479646 0.685009
vn 0.548376 -0.591305 0.591305
vn 0.548377 -0.685001 0.479642
vn 0.548386 -0.757878 0.353404
vn 0.548386 -0.807731 0.216433
vn 0.548371 -0.833053 0.072880
vn 0.548373 -0.833052 -0.072880
vn 0.548390 -0.807729 -0.216432
vn 0.548382 -0.757880 -0.353404
vn 0.548373 -0.685003 -0.479643
vn 0.548385 -0.591303 -0.591300
vn 0.548381 -0.479640 -0.684999
vn 0.548379 -0.353409 -0.757881
vn 0.548369 -0.216432 -0.807743
vn 0.548365 0.072881 -0.833057
vn 0.548351 -0.072884 -0.833066
vn 0.895936 0.114963 -0.429048
vn 0.895938 0.187717 -0.402564
vn 0.895936 0.254774 -0.363852
vn 0.895936 0.314084 -0.314086
vn 0.895934 0.363856 -0.254776
vn 0.895935 0.402569 -0.187720
vn 0.895934 0.429051 -0.114964
vn 0.895932 0.442501 -0.038713
vn 0.895932 0.442502 0.038713
vn 0.895933 0.429053 0.114965
vn 0.895935 0.402570 0.187721
vn 0.895933 0.363858 0.254777
vn 0.895925 0.314103 0.314099
vn 0.895916 0.254798 0.363886
vn 0.895915 0.187737 0.402606
vn 0.895913 0.114975 0.429092
vn 0.895916 0.038717 0.442534
vn 0.895916 -0.038717 0.442533
vn 0.895913 -0.114975 0.429092
vn 0.895922 -0.187728 0.402593
vn 0.895931 -0.254779 0.363863
vn 0.895932 -0.314092 0.314089
vn 0.895933 -0.363858 0.254777
vn 0.895927 -0.402585 0.187724
vn 0.895923 -0.429074 0.114972
vn 0.895921 -0.442524 0.038716
vn 0.895920 -0.442525 -0.038716
vn 0.895918 -0.429083 -0.114973
vn 0.895916 -0.402605 -0.187736
vn 0.895925 -0.314099 -0.314103
vn 0.895933 -0.254777 -0.363858
vn 0.895934 -0.187722 -0.402570
vn 0.895907 -0.114990 -0.429102
vn 0.895903 0.038732 -0.442557
vn 0.895874 -0.038725 -0.442618
vn 0.145124 0.256079 -0.955700
vn 0.145098 0.418146 -0.896717
vn 0.145083 0.567510 -0.810483
vn 0.145101 0.699621 -0.699625
vn 0.145076 0.810487 -0.567507
vn 0.145112 0.896714 -0.418147
vn 0.145156 0.955696 -0.256076
vn 0.145134 0.985647 0.086235
vn 0.145150 0.955697 0.256077
vn 0.145102 0.810484 0.567505
vn 0.145124 0.699619 0.699623
vn 0.145126 0.567505 0.810479
vn 0.145131 0.418144 0.896712
vn 0.145124 0.256080 0.955700
vn 0.145101 0.086236 0.985652
vn 0.145099 -0.086236 0.985652
vn 0.145118 -0.256080 0.955701
vn 0.145121 -0.418143 0.896714
vn 0.145102 -0.567505 0.810483
vn 0.145092 -0.699623 0.699626
vn 0.145119 -0.810480 0.567505
vn 0.145126 -0.896712 0.418145
vn 0.145103 -0.955703 0.256078
vn 0.145114 -0.985650 0.086233
vn 0.145134 -0.985647 -0.086229
vn 0.145123 -0.955700 -0.256080
vn 0.145126 -0.896712 -0.418145
vn 0.145135 -0.810480 -0.567502
vn 0.145107 -0.699623 -0.699623
vn 0.145119 -0.567506 -0.810480
vn 0.145138 -0.418145 -0.896710
vn 0.145144 -0.256076 -0.955698
vn 0.145145 0.086229 -0.985646
vn 0.145166 -0.086231 -0.985642
vn -1.000000 0.000000 0.000000
vn -1.000000 -0.000005 0.000002
vn -1.000000 -0.000011 0.000004
vn -1.000000 -0.000022 0.000007
vn -1.000000 -0.000004 0.000002
vn -1.000000 -0.000001 -0.000003
vn -1.000000 -0.000001 -0.000005
vn -1.000000 -0.000002 -0.000011
vn -1.000000 -0.000003 -0.000023
vn -0.000000 0.258818 -0.965926
vn -0.000000 0.422619 -0.906308
vn -0.000000 0.573576 -0.819152
vn -0.000000 0.707106 -0.707107
vn 0.000000 0.819152 -0.573576
vn 0.000001 0.906307 -0.422621
vn 0.000000 0.996195 -0.087158
vn 0.000000 0.996194 0.087158
vn 0.000000 0.965927 0.258816
vn 0.000001 0.906307 0.422621
vn 0.000001 0.819152 0.573576
vn 0.000001 0.707107 0.707106
vn 0.000001 0.573577 0.819152
vn 0.000001 0.422619 0.906308
vn 0.000001 0.258819 0.965926
vn 0.000001 0.087159 0.996194
vn 0.000000 -0.087158 0.996195
vn -0.000000 -0.258818 0.965926
vn 0.000000 -0.422619 0.906308
vn 0.000000 -0.573576 0.819153
vn 0.000000 -0.707105 0.707108
vn 0.000000 -0.819151 0.573578
vn 0.000000 -0.906308 0.422618
vn 0.000000 -0.965927 0.258816
vn 0.000000 -0.996195 0.087158
vn -0.000001 -0.965926 -0.258819
vn -0.000000 -0.906308 -0.422618
vn -0.000000 -0.819154 -0.573574
vn -0.000000 -0.707106 -0.707107
vn -0.000000 -0.573576 -0.819152
vn -0.000001 -0.422620 -0.906307
vn -0.000001 -0.258821 -0.965925
vn -0.000001 0.087155 -0.996195
vn -0.000001 -0.087154 -0.996195
vn 1.000000 0.000001 -0.000001
vn 1.000000 0.000004 0.000004
vn 1.000000 -0.000001 0.000004
vn 1.000000 -0.000000 0.000004
vn 1.000000 0.000004 0.000003
vn 1.000000 0.000009 0.000005
vn 1.000000 -0.000003 -0.000004
vn 1.000000 -0.000005 -0.000004
vn 1.000000 -0.000007 -0.000009
vn 1.000000 -0.000003 -0.000001
vn 1.000000 -0.000004 0.000000
vn 1.000000 -0.000003 -0.000002
vn 1.000000 -0.000003 -0.000001
vn 1.000000 -0.000001 -0.000004
vn 1.000000 -0.000003 -0.000002
vn 1.000000 -0.000000 -0.000005
vn 1.000000 0.000001 -0.000006
vn 1.000000 0.000000 -0.000005
vn 1.000000 -0.000001 -0.000005
vn 1.000000 0.000002 -0.000004
vn 1.000000 0.000001 -0.000005
vn 1.000000 0.000003 -0.000004
vn 1.000000 0.000002 -0.000004
vn 1.000000 0.000004 -0.000002
vn 1.000000 0.000004 -0.000003
vn 1.000000 0.000005 -0.000001
vn 1.000000 0.000005 -0.000002
vn 1.000000 0.000005 0.000001
vn 1.000000 0.000005 0.000000
vn 1.000000 0.000005 0.000001
vn 1.000000 0.000005 0.000002
vn 1.000000 0.000003 0.000001
vn 1.000000 0.000005 -0.000000
vn 1.000000 0.000001 0.000003
vn 1.000000 0.000002 0.000003
vn 1.000000 0.000001 0.000004
vn 0.993915 0.028509 -0.106395
vn 0.993921 0.046537 -0.099776
vn 0.993927 0.063117 -0.090140
vn 0.993927 0.077811 -0.077811
vn 0.993927 0.090140 -0.063117
vn 0.993921 0.099775 -0.046537
vn 0.993915 0.106397 -0.028509
vn 0.993915 0.109732 -0.009600
vn 0.993915 0.109732 0.009600
vn 0.993915 0.106397 0.028509
vn 0.993915 0.099830 0.046551
vn 0.993915 0.090229 0.063179
vn 0.993915 0.077887 0.077887
vn 0.993913 0.063192 0.090241
vn 0.993911 0.046567 0.099863
vn 0.993911 0.028519 0.106433
vn 0.993911 0.009603 0.109767
vn 0.993911 -0.009603 0.109766
vn 0.993911 -0.028518 0.106431
vn 0.993911 -0.046566 0.099863
vn 0.993911 -0.063199 0.090258
vn 0.993911 -0.077913 0.077913
vn 0.993911 -0.090260 0.063201
vn 0.993911 -0.099863 0.046567
vn 0.993911 -0.106433 0.028519
vn 0.993911 -0.109766 0.009603
vn 0.993911 -0.109766 -0.009603
vn 0.993911 -0.106431 -0.028518
vn 0.993911 -0.099860 -0.046565
vn 0.993913 -0.090241 -0.063192
vn 0.993915 -0.077888 -0.077888
vn 0.993915 -0.063180 -0.090230
vn 0.993915 -0.046552 -0.099831
vn 0.993923 -0.028503 -0.106323
vn 0.993923 0.009607 -0.109654
vn 0.993931 -0.009587 -0.109584
vn 0.548368 0.216433 -0.807744
vn 0.548376 0.353405 -0.757884
vn 0.548378 0.479643 -0.685000
vn 0.548366 0.591310 -0.591310
vn 0.548374 0.685002 -0.479644
vn 0.548360 0.757894 -0.353410
vn 0.548352 0.807754 -0.216436
vn 0.548367 0.833056 -0.072883
vn 0.548368 0.833055 0.072883
vn 0.548353 0.807753 0.216435
vn 0.548363 0.757892 0.353410
vn 0.548374 0.685002 0.479644
vn 0.548361 0.591312 0.591313
vn 0.548364 0.479648 0.685007
vn 0.548369 0.353407 0.757888
vn 0.548370 0.216438 0.807741
vn 0.548379 0.072882 0.833048
vn 0.548379 -0.072882 0.833048
vn 0.548386 -0.216432 0.807731
vn 0.548389 -0.353402 0.757876
vn 0.548375 -0.479643 0.685002
vn 0.548385 -0.591301 0.591301
vn 0.548397 -0.684989 0.479636
vn 0.548395 -0.757871 0.353403
vn 0.548387 -0.807730 0.216432
vn 0.548372 -0.833052 0.072880
vn 0.548372 -0.833053 -0.072880
vn 0.548377 -0.807737 -0.216436
vn 0.548360 -0.757893 -0.353411
vn 0.548344 -0.685019 -0.479655
vn 0.548348 -0.591319 -0.591317
vn 0.548350 -0.479653 -0.685015
vn 0.548362 -0.353411 -0.757892
vn 0.548359 -0.216435 -0.807749
vn 0.548355 0.072880 -0.833064
vn 0.548339 -0.072883 -0.833074
vn 0.895931 0.114965 -0.429057
vn 0.895933 0.187723 -0.402573
vn 0.895935 0.254775 -0.363855
vn 0.895937 0.314084 -0.314085
vn 0.895933 0.363858 -0.254776
vn 0.895934 0.402570 -0.187721
vn 0.895934 0.429052 -0.114964
vn 0.895932 0.442501 -0.038713
vn 0.895932 0.442501 0.038713
vn 0.895934 0.429053 0.114964
vn 0.895934 0.402571 0.187722
vn 0.895932 0.363860 0.254778
vn 0.895932 0.314091 0.314089
vn 0.895932 0.254777 0.363861
vn 0.895933 0.187722 0.402573
vn 0.895934 0.114965 0.429051
vn 0.895935 0.038713 0.442495
vn 0.895933 -0.038713 0.442499
vn 0.895932 -0.114967 0.429055
vn 0.895932 -0.187722 0.402575
vn 0.895931 -0.254779 0.363862
vn 0.895931 -0.314093 0.314091
vn 0.895932 -0.363860 0.254778
vn 0.895934 -0.402570 0.187721
vn 0.895937 -0.429045 0.114964
vn 0.895936 -0.442494 0.038714
vn 0.895936 -0.442494 -0.038713
vn 0.895934 -0.429052 -0.114964
vn 0.895931 -0.402577 -0.187723
vn 0.895933 -0.363858 -0.254776
vn 0.895935 -0.314086 -0.314086
vn 0.895935 -0.254775 -0.363855
vn 0.895934 -0.187721 -0.402570
vn 0.895902 -0.114994 -0.429110
vn 0.895901 0.038731 -0.442563
vn 0.895871 -0.038723 -0.442624
vn 0.145121 0.256079 -0.955701
vn 0.145096 0.418145 -0.896717
vn 0.145074 0.567510 -0.810485
vn 0.145090 0.699624 -0.699625
vn 0.145076 0.810487 -0.567507
vn 0.145110 0.896714 -0.418147
vn 0.145146 0.955697 -0.256077
vn 0.145134 0.985647 -0.086235
vn 0.145134 0.985647 0.086236
vn 0.145143 0.955698 0.256076
vn 0.145118 0.896714 0.418146
vn 0.145100 0.810484 0.567505
vn 0.145122 0.699620 0.699623
vn 0.145116 0.567506 0.810480
vn 0.145120 0.418144 0.896714
vn 0.145121 0.256081 0.955700
vn 0.145118 0.086235 0.985649
vn 0.145127 -0.086234 0.985648
vn 0.145122 -0.256078 0.955701
vn 0.145113 -0.418147 0.896714
vn 0.145113 -0.567504 0.810482
vn 0.145119 -0.699619 0.699623
vn 0.145114 -0.810481 0.567505
vn 0.145112 -0.896714 0.418146
vn 0.145097 -0.955704 0.256079
vn 0.145108 -0.985651 0.086233
vn 0.145128 -0.985648 -0.086229
vn 0.145120 -0.955700 -0.256081
vn 0.145122 -0.896713 -0.418146
vn 0.145143 -0.810479 -0.567501
vn 0.145140 -0.699620 -0.699619
vn 0.145130 -0.567504 -0.810480
vn 0.145128 -0.418147 -0.896711
vn 0.145148 0.086229 -0.985645
vn 0.145171 -0.086231 -0.985642
vn 0.000000 0.258817 -0.965926
vn -0.000000 0.707106 -0.707108
vn 0.000000 0.819152 -0.573576
vn 0.000000 0.906307 -0.422621
vn -0.000000 0.965927 -0.258816
vn -0.000000 0.996194 -0.087158
vn 0.000000 0.996194 0.087158
vn 0.000001 0.906307 0.422620
vn 0.000001 0.819152 0.573576
vn 0.000001 0.707107 0.707107
vn 0.000001 0.573576 0.819152
vn 0.000000 0.258822 0.965925
vn 0.000000 -0.087158 0.996194
vn 0.000001 -0.258818 0.965926
vn 0.000001 -0.422618 0.906308
vn 0.000001 -0.707105 0.707108
vn 0.000001 -0.819151 0.573578
vn 0.000000 -0.906308 0.422618
vn -0.000001 -0.996195 -0.087155
vn -0.000001 -0.965926 -0.258819
vn -0.000000 -0.906308 -0.422618
vn -0.000000 -0.819154 -0.573574
vn -0.000000 -0.707106 -0.707108
vn -0.000000 -0.573577 -0.819152
vn -0.000001 -0.422619 -0.906307
vn -0.000001 -0.258820 -0.965926
vn 0.000000 0.087155 -0.996195
vn -0.000000 -0.087154 -0.996195
vn 1.000000 0.000001 -0.000001
vn 1.000000 0.000006 0.000004
vn 1.000000 0.000012 0.000008
vn 1.000000 0.000006 0.000006
vn 1.000000 -0.000003 -0.000007
vn 1.000000 0.000001 -0.000001
vn 1.000000 -0.000005 -0.000006
vn 1.000000 -0.000006 -0.000013
vn 1.000000 -0.000004 -0.000000
vn 1.000000 -0.000004 0.000001
vn 1.000000 -0.000003 -0.000001
vn 1.000000 -0.000004 -0.000001
vn 1.000000 -0.000003 -0.000002
vn 1.000000 -0.000003 -0.000002
vn 1.000000 -0.000000 -0.000004
vn 1.000000 -0.000002 -0.000003
vn 1.000000 0.000001 -0.000005
vn 1.000000 0.000002 -0.000005
vn 1.000000 0.000001 -0.000005
vn 1.000000 0.000000 -0.000005
vn 1.000000 0.000002 -0.000004
vn 1.000000 0.000002 -0.000005
vn 1.000000 0.000004 -0.000003
vn 1.000000 0.000003 -0.000004
vn 1.000000 0.000004 -0.000002
vn 1.000000 0.000004 -0.000002
vn 1.000000 0.000005 -0.000002
vn 1.000000 0.000005 -0.000001
vn 1.000000 0.000004 -0.000000
vn 1.000000 0.000005 -0.000003
vn 1.000000 0.000003 0.000002
vn 1.000000 0.000003 0.000002
vn 1.000000 0.000002 0.000003
vn 1.000000 0.000002 0.000003
vn 1.000000 0.000001 0.000003
vn 1.000000 0.000001 0.000003
vn 1.000000 -0.000000 0.000004
vn 0.993915 0.028509 -0.106396
vn 0.993923 0.046533 -0.099758
vn 0.993931 0.063096 -0.090110
vn 0.993931 0.077785 -0.077785
vn 0.993931 0.090110 -0.063096
vn 0.993923 0.099757 -0.046532
vn 0.993915 0.106397 -0.028509
vn 0.993915 0.109732 -0.009600
vn 0.993915 0.109732 0.009600
vn 0.993915 0.106396 0.028509
vn 0.993915 0.099829 0.046551
vn 0.993915 0.090229 0.063179
vn 0.993915 0.077888 0.077887
vn 0.993915 0.063178 0.090228
vn 0.993915 0.046551 0.099828
vn 0.993913 0.028517 0.106412
vn 0.993911 0.009603 0.109766
vn 0.993911 -0.009603 0.109766
vn 0.993911 -0.028518 0.106431
vn 0.993911 -0.046567 0.099864
vn 0.993911 -0.063200 0.090259
vn 0.993911 -0.077914 0.077914
vn 0.993911 -0.090260 0.063201
vn 0.993911 -0.099864 0.046567
vn 0.993911 -0.106433 0.028519
vn 0.993911 -0.109766 0.009603
vn 0.993911 -0.109766 -0.009603
vn 0.993913 -0.106413 -0.028517
vn 0.993915 -0.090228 -0.063178
vn 0.993915 -0.077889 -0.077889
vn 0.993915 -0.063179 -0.090229
vn 0.993915 -0.046551 -0.099829
vn 0.993923 -0.028503 -0.106323
vn 0.993923 0.009607 -0.109654
vn 0.993931 -0.009587 -0.109584
vn 0.548360 0.216435 -0.807748
vn 0.548373 0.353407 -0.757886
vn 0.548370 0.479645 -0.685004
vn 0.548366 0.591310 -0.591310
vn 0.548372 0.685003 -0.479645
vn 0.548357 0.757895 -0.353411
vn 0.548352 0.807754 -0.216436
vn 0.548367 0.833055 -0.072883
vn 0.548368 0.833055 0.072883
vn 0.548354 0.807753 0.216435
vn 0.548360 0.757893 0.353411
vn 0.548376 0.685001 0.479644
vn 0.548366 0.591310 0.591310
vn 0.548352 0.479653 0.685013
vn 0.548366 0.353408 0.757890
vn 0.548368 0.216437 0.807743
vn 0.548367 0.072883 0.833055
vn 0.548377 -0.072881 0.833049
vn 0.548372 -0.216433 0.807740
vn 0.548379 -0.353405 0.757882
vn 0.548387 -0.479638 0.684996
vn 0.548385 -0.591301 0.591301
vn 0.548387 -0.684996 0.479638
vn 0.548392 -0.757873 0.353404
vn 0.548386 -0.807731 0.216433
vn 0.548363 -0.833059 0.072879
vn 0.548353 -0.833065 -0.072881
vn 0.548366 -0.807744 -0.216437
vn 0.548357 -0.757895 -0.353411
vn 0.548348 -0.685016 -0.479654
vn 0.548355 -0.591316 -0.591313
vn 0.548356 -0.479650 -0.685012
vn 0.548360 -0.353411 -0.757893
vn 0.548347 -0.216439 -0.807756
vn 0.548346 0.072881 -0.833070
vn 0.548331 -0.072883 -0.833079
vn 0.895933 0.114965 -0.429053
vn 0.895932 0.187723 -0.402574
vn 0.895935 0.254775 -0.363856
vn 0.895937 0.314084 -0.314084
vn 0.895934 0.363856 -0.254776
vn 0.895935 0.402568 -0.187721
vn 0.895932 0.442502 -0.038713
vn 0.895932 0.442502 0.038713
vn 0.895933 0.429053 0.114965
vn 0.895935 0.402568 0.187721
vn 0.895933 0.363858 0.254777
vn 0.895931 0.314093 0.314090
vn 0.895931 0.254779 0.363862
vn 0.895930 0.187723 0.402578
vn 0.895931 0.114968 0.429058
vn 0.895932 0.038713 0.442501
vn 0.895932 -0.038713 0.442501
vn 0.895934 -0.114964 0.429051
vn 0.895934 -0.187721 0.402571
vn 0.895931 -0.254779 0.363862
vn 0.895934 -0.314089 0.314087
vn 0.895933 -0.363858 0.254777
vn 0.895934 -0.402571 0.187721
vn 0.895936 -0.442493 -0.038713
vn 0.895934 -0.429051 -0.114964
vn 0.895931 -0.402577 -0.187723
vn 0.895933 -0.363858 -0.254777
vn 0.895935 -0.314086 -0.314086
vn 0.895933 -0.254777 -0.363858
vn 0.895932 -0.187722 -0.402575
vn 0.895904 -0.114993 -0.429107
vn 0.895903 0.038731 -0.442559
vn 0.895873 -0.038724 -0.442620
vn 0.145119 0.256078 -0.955701
vn 0.145098 0.418147 -0.896716
vn 0.145079 0.567509 -0.810485
vn 0.145090 0.699623 -0.699626
vn 0.145082 0.810486 -0.567506
vn 0.145116 0.896713 -0.418147
vn 0.145149 0.955697 -0.256076
vn 0.145135 0.985647 -0.086236
vn 0.145135 0.985647 0.086235
vn 0.145143 0.955698 0.256076
vn 0.145120 0.896713 0.418145
vn 0.145106 0.810483 0.567504
vn 0.145114 0.699619 0.699625
vn 0.145111 0.567507 0.810480
vn 0.145129 0.256081 0.955699
vn 0.145135 0.086235 0.985647
vn 0.145130 -0.086235 0.985647
vn 0.145117 -0.256080 0.955701
vn 0.145104 -0.418145 0.896716
vn 0.145100 -0.567505 0.810484
vn 0.145108 -0.699623 0.699623
vn 0.145117 -0.810480 0.567505
vn 0.145122 -0.896712 0.418146
vn 0.145102 -0.955703 0.256079
vn 0.145111 -0.985650 0.086232
vn 0.145135 -0.985647 -0.086229
vn 0.145126 -0.955699 -0.256081
vn 0.145124 -0.896713 -0.418144
vn 0.145140 -0.810479 -0.567501
vn 0.145129 -0.699620 -0.699620
vn 0.145123 -0.567505 -0.810480
vn 0.145138 -0.418144 -0.896711
vn 0.145149 -0.256077 -0.955697
vn 0.145135 0.086229 -0.985647
vn 0.145156 -0.086231 -0.985644
# 1708 normals

vt 0.750000 0.933013 0.000000
vt 0.671010 0.969846 0.000000
vt 0.586824 0.992404 0.000000
vt 0.883022 0.821394 0.000000
vt 0.821394 0.883022 0.000000
vt 0.969846 0.671010 0.000000
vt 0.933013 0.750000 0.000000
vt 1.000000 0.500000 0.000000
vt 0.992404 0.586824 0.000000
vt 0.969846 0.328990 0.000000
vt 0.992404 0.413176 0.000000
vt 0.883022 0.178606 0.000000
vt 0.933013 0.250000 0.000000
vt 0.250000 0.066987 0.000000
vt 0.750000 0.066987 0.000000
vt 0.821394 0.116978 0.000000
vt 0.586824 0.007596 0.000000
vt 0.671010 0.030154 0.000000
vt 0.413176 0.007596 0.000000
vt 0.500000 0.000000 0.000000
vt 0.328990 0.030154 0.000000
vt 0.116978 0.178606 0.000000
vt 0.178606 0.116978 0.000000
vt 0.030154 0.328990 0.000000
vt 0.066987 0.250000 0.000000
vt 0.000000 0.500000 0.000000
vt 0.007596 0.413176 0.000000
vt 0.030154 0.671010 0.000000
vt 0.007596 0.586824 0.000000
vt 0.250000 0.933013 0.000000
vt 0.116978 0.821394 0.000000
vt 0.066987 0.750000 0.000000
vt 0.178606 0.883022 0.000000
vt 0.413176 0.992404 0.000000
vt 0.328990 0.969846 0.000000
vt 0.500000 1.000000 0.000000
# 36 texture coordinates

g ?????????_6
usemtl metal_black_V1_matte
f 3737/3496/4 3741/3495/4 3740/3494/4 3739/3493/4
f 3739/3493/4 3738/3497/4 3737/3496/4
f 3733/3500/4 3737/3496/4 3736/3499/4 3735/3498/4
f 3735/3498/4 3734/3501/4 3733/3500/4
f 3729/3504/4 3733/3500/4 3732/3503/4 3731/3502/4
f 3731/3502/4 3730/3505/4 3729/3504/4
f 3721/3506/4 3737/3496/4 3733/3500/4 3729/3504/4
f 3725/3509/4 3729/3504/4 3728/3508/4 3727/3507/4
f 3727/3507/4 3726/3510/4 3725/3509/4
f 3721/3506/4 3725/3509/4 3724/3512/4 3723/3511/4
f 3723/3511/4 3722/3513/4 3721/3506/4
f 3729/3504/4 3725/3509/4 3721/3506/4
f 3717/3516/4 3721/3506/4 3720/3515/4 3719/3514/4
f 3719/3514/4 3718/3517/4 3717/3516/4
f 3713/3520/4 3717/3516/4 3716/3519/4 3715/3518/4
f 3715/3518/4 3714/3521/4 3713/3520/4
f 3737/3496/4 3721/3506/4 3717/3516/4 3713/3520/4
f 3709/3522/4 3741/3495/4 3737/3496/4 3713/3520/4
f 3709/3522/4 3713/3520/4 3712/3524/4 3711/3523/4
f 3711/3523/4 3710/3525/4 3709/3522/4
f 3741/3495/4 3709/3522/4 3708/3527/4 3707/3526/4
f 3741/3495/4 3707/3526/4 3706/3528/4
f 3671/3526/3712 3707/3526/3712 3708/3527/3712 3672/3527/3712
f 3672/3527/3713 3708/3527/3713 3709/3522/3713 3673/3522/3713
f 3673/3522/3714 3709/3522/3714 3710/3525/3714 3674/3525/3714
f 3674/3525/3715 3710/3525/3715 3711/3523/3715 3675/3523/3715
f 3675/3523/3716 3711/3523/3716 3712/3524/3716 3676/3524/3716
f 3676/3524/3717 3712/3524/3717 3713/3520/3717 3677/3520/3717
f 3677/3520/3718 3713/3520/3718 3714/3521/3718 3678/3521/3718
f 3678/3521/3719 3714/3521/3719 3715/3518/3719 3679/3518/3719
f 3679/3518/3720 3715/3518/3720 3716/3519/3720 3680/3519/3720
f 3680/3519/3721 3716/3519/3721 3717/3516/3721 3681/3516/3721
f 3681/3516/3722 3717/3516/3722 3718/3517/3722 3682/3517/3722
f 3682/3517/3723 3718/3517/3723 3719/3514/3723 3683/3514/3723
f 3683/3514/3724 3719/3514/3724 3720/3515/3724 3684/3515/3724
f 3684/3515/3725 3720/3515/3725 3721/3506/3725 3685/3506/3725
f 3685/3506/3726 3721/3506/3726 3722/3513/3726 3686/3513/3726
f 3686/3513/3727 3722/3513/3727 3723/3511/3727 3687/3511/3727
f 3687/3511/3728 3723/3511/3728 3724/3512/3728 3688/3512/3728
f 3688/3512/3729 3724/3512/3729 3725/3509/3729 3689/3509/3729
f 3689/3509/3730 3725/3509/3730 3726/3510/3730 3690/3510/3730
f 3690/3510/3731 3726/3510/3731 3727/3507/3731 3691/3507/3731
f 3691/3507/3732 3727/3507/3732 3728/3508/3732 3692/3508/3732
f 3692/3508/3733 3728/3508/3733 3729/3504/3733 3693/3504/3733
f 3693/3504/3734 3729/3504/3734 3730/3505/3734 3694/3505/3734
f 3694/3505/3735 3730/3505/3735 3731/3502/3735 3695/3502/3735
f 3695/3502/3736 3731/3502/3736 3732/3503/3736 3696/3503/3736
f 3696/3503/3737 3732/3503/3737 3733/3500/3737 3697/3500/3737
f 3697/3500/3738 3733/3500/3738 3734/3501/3738 3698/3501/3738
f 3698/3501/3739 3734/3501/3739 3735/3498/3739 3699/3498/3739
f 3699/3498/3740 3735/3498/3740 3736/3499/3740 3700/3499/3740
f 3700/3499/3741 3736/3499/3741 3737/3496/3741 3701/3496/3741
f 3701/3496/3742 3737/3496/3742 3738/3497/3742 3702/3497/3742
f 3702/3497/3743 3738/3497/3743 3739/3493/3743 3703/3493/3743
f 3703/3493/3744 3739/3493/3744 3740/3494/3744 3704/3494/3744
f 3704/3494/3745 3740/3494/3745 3741/3495/3745 3778/3495/3745
f 3743/3528/3746 3706/3528/3746 3707/3526/3746 3671/3526/3746
f 3778/3495/3747 3741/3495/3747 3706/3528/3747 3743/3528/3747
f 3744/3526/3751 3745/3527/3750 3746/3522/3749 3742/1752/3748
f 3746/3522/3749 3747/3525/6 3748/3523/3752 3742/1752/3748
f 3748/3523/3752 3749/3524/3754 3750/3520/3753 3742/1752/3748
f 3750/3520/3753 3751/3521/3756 3752/3518/3755 3742/1752/3748
f 3752/3518/3755 3753/3519/3758 3754/3516/3757 3742/1752/3748
f 3754/3516/3757 3755/3517/3760 3756/3514/3759 3742/1752/3748
f 3756/3514/3759 3757/3515/3762 3758/3506/3761 3742/1752/3748
f 3758/3506/3761 3759/3513/3764 3760/3511/3763 3742/1752/3748
f 3760/3511/3763 3761/3512/3766 3762/3509/3765 3742/1752/3748
f 3762/3509/3765 3763/3510/3768 3764/3507/3767 3742/1752/3748
f 3764/3507/3767 3765/3508/3770 3766/3504/3769 3742/1752/3748
f 3766/3504/3769 3767/3505/3772 3768/3502/3771 3742/1752/3748
f 3768/3502/3771 3769/3503/3774 3770/3500/3773 3742/1752/3748
f 3770/3500/3773 3771/3501/3776 3772/3498/3775 3742/1752/3748
f 3772/3498/3775 3773/3499/3778 3774/3496/3777 3742/1752/3748
f 3774/3496/3777 3775/3497/3780 3776/3493/3779 3742/1752/3748
f 3776/3493/3779 3777/3494/3782 3705/3495/3781 3742/1752/3748
f 3705/3495/3781 3670/3528/3783 3744/3526/3751 3742/1752/3748
f 3744/3526/3784 3816/3526/3784 3817/3527/3784 3745/3527/3784
f 3745/3527/3785 3817/3527/3785 3818/3522/3785 3746/3522/3785
f 3746/3522/3786 3818/3522/3786 3819/3525/3786 3747/3525/3786
f 3747/3525/3787 3819/3525/3787 3820/3523/3787 3748/3523/3787
f 3748/3523/3788 3820/3523/3788 3821/3524/3788 3749/3524/3788
f 3749/3524/3789 3821/3524/3789 3822/3520/3789 3750/3520/3789
f 3750/3520/3790 3822/3520/3790 3823/3521/3790 3751/3521/3790
f 3751/3521/3791 3823/3521/3791 3824/3518/3791 3752/3518/3791
f 3752/3518/3792 3824/3518/3792 3825/3519/3792 3753/3519/3792
f 3753/3519/3793 3825/3519/3793 3826/3516/3793 3754/3516/3793
f 3754/3516/3794 3826/3516/3794 3827/3517/3794 3755/3517/3794
f 3755/3517/3795 3827/3517/3795 3828/3514/3795 3756/3514/3795
f 3756/3514/3796 3828/3514/3796 3829/3515/3796 3757/3515/3796
f 3757/3515/3797 3829/3515/3797 3830/3506/3797 3758/3506/3797
f 3758/3506/3798 3830/3506/3798 3831/3513/3798 3759/3513/3798
f 3759/3513/3799 3831/3513/3799 3832/3511/3799 3760/3511/3799
f 3760/3511/3800 3832/3511/3800 3833/3512/3800 3761/3512/3800
f 3761/3512/3801 3833/3512/3801 3834/3509/3801 3762/3509/3801
f 3762/3509/3802 3834/3509/3802 3835/3510/3802 3763/3510/3802
f 3763/3510/3803 3835/3510/3803 3836/3507/3803 3764/3507/3803
f 3764/3507/3804 3836/3507/3804 3837/3508/3804 3765/3508/3804
f 3765/3508/3805 3837/3508/3805 3838/3504/3805 3766/3504/3805
f 3766/3504/3806 3838/3504/3806 3839/3505/3806 3767/3505/3806
f 3767/3505/3807 3839/3505/3807 3840/3502/3807 3768/3502/3807
f 3768/3502/3808 3840/3502/3808 3841/3503/3808 3769/3503/3808
f 3769/3503/3809 3841/3503/3809 3842/3500/3809 3770/3500/3809
f 3770/3500/3810 3842/3500/3810 3843/3501/3810 3771/3501/3810
f 3771/3501/3811 3843/3501/3811 3844/3498/3811 3772/3498/3811
f 3772/3498/3812 3844/3498/3812 3845/3499/3812 3773/3499/3812
f 3773/3499/3813 3845/3499/3813 3846/3496/3813 3774/3496/3813
f 3774/3496/3814 3846/3496/3814 3847/3497/3814 3775/3497/3814
f 3775/3497/3815 3847/3497/3815 3848/3493/3815 3776/3493/3815
f 3776/3493/3816 3848/3493/3816 3849/3494/3816 3777/3494/3816
f 3777/3494/3817 3849/3494/3817 3886/3495/3817 3705/3495/3817
f 3670/3528/3818 3851/3528/3818 3816/3526/3818 3744/3526/3818
f 3705/3495/3819 3886/3495/3819 3851/3528/3819 3670/3528/3819
f 3780/3526/3820 3852/3526/3820 3853/3527/3820 3781/3527/3820
f 3781/3527/3821 3853/3527/3821 3854/3522/3821 3782/3522/3821
f 3782/3522/3822 3854/3522/3822 3855/3525/3822 3783/3525/3822
f 3783/3525/3823 3855/3525/3823 3856/3523/3823 3784/3523/3823
f 3784/3523/3824 3856/3523/3824 3857/3524/3824 3785/3524/3824
f 3785/3524/3825 3857/3524/3825 3858/3520/3825 3786/3520/3825
f 3786/3520/3826 3858/3520/3826 3859/3521/3826 3787/3521/3826
f 3787/3521/3827 3859/3521/3827 3860/3518/3827 3788/3518/3827
f 3788/3518/3828 3860/3518/3828 3861/3519/3828 3789/3519/3828
f 3789/3519/3829 3861/3519/3829 3862/3516/3829 3790/3516/3829
f 3790/3516/3830 3862/3516/3830 3863/3517/3830 3791/3517/3830
f 3791/3517/3831 3863/3517/3831 3864/3514/3831 3792/3514/3831
f 3792/3514/3832 3864/3514/3832 3865/3515/3832 3793/3515/3832
f 3793/3515/3833 3865/3515/3833 3866/3506/3833 3794/3506/3833
f 3794/3506/3834 3866/3506/3834 3867/3513/3834 3795/3513/3834
f 3795/3513/3835 3867/3513/3835 3868/3511/3835 3796/3511/3835
f 3796/3511/3836 3868/3511/3836 3869/3512/3836 3797/3512/3836
f 3797/3512/3837 3869/3512/3837 3870/3509/3837 3798/3509/3837
f 3798/3509/3838 3870/3509/3838 3871/3510/3838 3799/3510/3838
f 3799/3510/3839 3871/3510/3839 3872/3507/3839 3800/3507/3839
f 3800/3507/3840 3872/3507/3840 3873/3508/3840 3801/3508/3840
f 3801/3508/3841 3873/3508/3841 3874/3504/3841 3802/3504/3841
f 3802/3504/3842 3874/3504/3842 3875/3505/3842 3803/3505/3842
f 3803/3505/3843 3875/3505/3843 3876/3502/3843 3804/3502/3843
f 3804/3502/3844 3876/3502/3844 3877/3503/3844 3805/3503/3844
f 3805/3503/3845 3877/3503/3845 3878/3500/3845 3806/3500/3845
f 3806/3500/3846 3878/3500/3846 3879/3501/3846 3807/3501/3846
f 3807/3501/3847 3879/3501/3847 3880/3498/3847 3808/3498/3847
f 3808/3498/3848 3880/3498/3848 3881/3499/3848 3809/3499/3848
f 3809/3499/3849 3881/3499/3849 3882/3496/3849 3810/3496/3849
f 3810/3496/3850 3882/3496/3850 3883/3497/3850 3811/3497/3850
f 3811/3497/3851 3883/3497/3851 3884/3493/3851 3812/3493/3851
f 3812/3493/3852 3884/3493/3852 3885/3494/3852 3813/3494/3852
f 3813/3494/3853 3885/3494/3853 3850/3495/3853 3814/3495/3853
f 3779/3528/3854 3815/3528/3854 3852/3526/3854 3780/3526/3854
f 3814/3495/3855 3850/3495/3855 3815/3528/3855 3779/3528/3855
f 3816/3526/3856 3780/3526/3856 3781/3527/3856 3817/3527/3856
f 3817/3527/3857 3781/3527/3857 3782/3522/3857 3818/3522/3857
f 3818/3522/3858 3782/3522/3858 3783/3525/3858 3819/3525/3858
f 3819/3525/3859 3783/3525/3859 3784/3523/3859 3820/3523/3859
f 3820/3523/3860 3784/3523/3860 3785/3524/3860 3821/3524/3860
f 3821/3524/3861 3785/3524/3861 3786/3520/3861 3822/3520/3861
f 3822/3520/3862 3786/3520/3862 3787/3521/3862 3823/3521/3862
f 3823/3521/3863 3787/3521/3863 3788/3518/3863 3824/3518/3863
f 3824/3518/3864 3788/3518/3864 3789/3519/3864 3825/3519/3864
f 3825/3519/3865 3789/3519/3865 3790/3516/3865 3826/3516/3865
f 3826/3516/3866 3790/3516/3866 3791/3517/3866 3827/3517/3866
f 3827/3517/3867 3791/3517/3867 3792/3514/3867 3828/3514/3867
f 3828/3514/3868 3792/3514/3868 3793/3515/3868 3829/3515/3868
f 3829/3515/3869 3793/3515/3869 3794/3506/3869 3830/3506/3869
f 3830/3506/3870 3794/3506/3870 3795/3513/3870 3831/3513/3870
f 3831/3513/3871 3795/3513/3871 3796/3511/3871 3832/3511/3871
f 3832/3511/3872 3796/3511/3872 3797/3512/3872 3833/3512/3872
f 3833/3512/3873 3797/3512/3873 3798/3509/3873 3834/3509/3873
f 3834/3509/3874 3798/3509/3874 3799/3510/3874 3835/3510/3874
f 3835/3510/3875 3799/3510/3875 3800/3507/3875 3836/3507/3875
f 3836/3507/3876 3800/3507/3876 3801/3508/3876 3837/3508/3876
f 3837/3508/3877 3801/3508/3877 3802/3504/3877 3838/3504/3877
f 3838/3504/3878 3802/3504/3878 3803/3505/3878 3839/3505/3878
f 3839/3505/3879 3803/3505/3879 3804/3502/3879 3840/3502/3879
f 3840/3502/3880 3804/3502/3880 3805/3503/3880 3841/3503/3880
f 3841/3503/3881 3805/3503/3881 3806/3500/3881 3842/3500/3881
f 3842/3500/3882 3806/3500/3882 3807/3501/3882 3843/3501/3882
f 3843/3501/3883 3807/3501/3883 3808/3498/3883 3844/3498/3883
f 3844/3498/3884 3808/3498/3884 3809/3499/3884 3845/3499/3884
f 3845/3499/3885 3809/3499/3885 3810/3496/3885 3846/3496/3885
f 3846/3496/3886 3810/3496/3886 3811/3497/3886 3847/3497/3886
f 3847/3497/3887 3811/3497/3887 3812/3493/3887 3848/3493/3887
f 3848/3493/3888 3812/3493/3888 3813/3494/3888 3849/3494/3888
f 3849/3494/3889 3813/3494/3889 3814/3495/3889 3886/3495/3889
f 3851/3528/3890 3779/3528/3890 3780/3526/3890 3816/3526/3890
f 3886/3495/3891 3814/3495/3891 3779/3528/3891 3851/3528/3891
f 3852/3526/3892 3671/3526/3892 3672/3527/3892 3853/3527/3892
f 3853/3527/3893 3672/3527/3893 3673/3522/3893 3854/3522/3893
f 3854/3522/3894 3673/3522/3894 3674/3525/3894 3855/3525/3894
f 3855/3525/3895 3674/3525/3895 3675/3523/3895 3856/3523/3895
f 3856/3523/3896 3675/3523/3896 3676/3524/3896 3857/3524/3896
f 3857/3524/3897 3676/3524/3897 3677/3520/3897 3858/3520/3897
f 3858/3520/3898 3677/3520/3898 3678/3521/3898 3859/3521/3898
f 3859/3521/3899 3678/3521/3899 3679/3518/3899 3860/3518/3899
f 3860/3518/3900 3679/3518/3900 3680/3519/3900 3861/3519/3900
f 3861/3519/3901 3680/3519/3901 3681/3516/3901 3862/3516/3901
f 3862/3516/3902 3681/3516/3902 3682/3517/3902 3863/3517/3902
f 3863/3517/3903 3682/3517/3903 3683/3514/3903 3864/3514/3903
f 3864/3514/3904 3683/3514/3904 3684/3515/3904 3865/3515/3904
f 3865/3515/3905 3684/3515/3905 3685/3506/3905 3866/3506/3905
f 3866/3506/3906 3685/3506/3906 3686/3513/3906 3867/3513/3906
f 3867/3513/3907 3686/3513/3907 3687/3511/3907 3868/3511/3907
f 3868/3511/3908 3687/3511/3908 3688/3512/3908 3869/3512/3908
f 3869/3512/3909 3688/3512/3909 3689/3509/3909 3870/3509/3909
f 3870/3509/3910 3689/3509/3910 3690/3510/3910 3871/3510/3910
f 3871/3510/3911 3690/3510/3911 3691/3507/3911 3872/3507/3911
f 3872/3507/3912 3691/3507/3912 3692/3508/3912 3873/3508/3912
f 3873/3508/3913 3692/3508/3913 3693/3504/3913 3874/3504/3913
f 3874/3504/3914 3693/3504/3914 3694/3505/3914 3875/3505/3914
f 3875/3505/3915 3694/3505/3915 3695/3502/3915 3876/3502/3915
f 3876/3502/3916 3695/3502/3916 3696/3503/3916 3877/3503/3916
f 3877/3503/3917 3696/3503/3917 3697/3500/3917 3878/3500/3917
f 3878/3500/3918 3697/3500/3918 3698/3501/3918 3879/3501/3918
f 3879/3501/3919 3698/3501/3919 3699/3498/3919 3880/3498/3919
f 3880/3498/3920 3699/3498/3920 3700/3499/3920 3881/3499/3920
f 3881/3499/3921 3700/3499/3921 3701/3496/3921 3882/3496/3921
f 3882/3496/3922 3701/3496/3922 3702/3497/3922 3883/3497/3922
f 3883/3497/3923 3702/3497/3923 3703/3493/3923 3884/3493/3923
f 3884/3493/3924 3703/3493/3924 3704/3494/3924 3885/3494/3924
f 3885/3494/3925 3704/3494/3925 3778/3495/3925 3850/3495/3925
f 3815/3528/3926 3743/3528/3926 3671/3526/3926 3852/3526/3926
f 3850/3495/3927 3778/3495/3927 3743/3528/3927 3815/3528/3927
f 3954/3496/4 3958/3495/4 3957/3494/4 3956/3493/4
f 3956/3493/4 3955/3497/4 3954/3496/4
f 3950/3500/4 3954/3496/4 3953/3499/4 3952/3498/4
f 3952/3498/4 3951/3501/4 3950/3500/4
f 3946/3504/4 3950/3500/4 3949/3503/4 3948/3502/4
f 3948/3502/4 3947/3505/4 3946/3504/4
f 3938/3506/4 3954/3496/4 3950/3500/4 3946/3504/4
f 3942/3509/4 3946/3504/4 3945/3508/4 3944/3507/4
f 3944/3507/4 3943/3510/4 3942/3509/4
f 3938/3506/4 3942/3509/4 3941/3512/4 3940/3511/4
f 3940/3511/4 3939/3513/4 3938/3506/4
f 3946/3504/4 3942/3509/4 3938/3506/4
f 3934/3516/4 3938/3506/4 3937/3515/4 3936/3514/4
f 3936/3514/4 3935/3517/4 3934/3516/4
f 3930/3520/4 3934/3516/4 3933/3519/4 3932/3518/4
f 3932/3518/4 3931/3521/4 3930/3520/4
f 3954/3496/4 3938/3506/4 3934/3516/4 3930/3520/4
f 3926/3522/4 3958/3495/4 3954/3496/4 3930/3520/4
f 3926/3522/4 3930/3520/4 3929/3524/4 3928/3523/4
f 3928/3523/4 3927/3525/4 3926/3522/4
f 3958/3495/4 3926/3522/4 3925/3527/4 3924/3526/4
f 3958/3495/4 3924/3526/4 3923/3528/4
f 3888/3526/3928 3924/3526/3928 3925/3527/3928 3889/3527/3928
f 3889/3527/3929 3925/3527/3929 3926/3522/3929 3890/3522/3929
f 3890/3522/3930 3926/3522/3930 3927/3525/3930 3891/3525/3930
f 3891/3525/3931 3927/3525/3931 3928/3523/3931 3892/3523/3931
f 3892/3523/3932 3928/3523/3932 3929/3524/3932 3893/3524/3932
f 3893/3524/3933 3929/3524/3933 3930/3520/3933 3894/3520/3933
f 3894/3520/3934 3930/3520/3934 3931/3521/3934 3895/3521/3934
f 3895/3521/3935 3931/3521/3935 3932/3518/3935 3896/3518/3935
f 3896/3518/3936 3932/3518/3936 3933/3519/3936 3897/3519/3936
f 3897/3519/3937 3933/3519/3937 3934/3516/3937 3898/3516/3937
f 3898/3516/3722 3934/3516/3722 3935/3517/3722 3899/3517/3722
f 3899/3517/3938 3935/3517/3938 3936/3514/3938 3900/3514/3938
f 3900/3514/3939 3936/3514/3939 3937/3515/3939 3901/3515/3939
f 3901/3515/3940 3937/3515/3940 3938/3506/3940 3902/3506/3940
f 3902/3506/3941 3938/3506/3941 3939/3513/3941 3903/3513/3941
f 3903/3513/3942 3939/3513/3942 3940/3511/3942 3904/3511/3942
f 3904/3511/3943 3940/3511/3943 3941/3512/3943 3905/3512/3943
f 3905/3512/3944 3941/3512/3944 3942/3509/3944 3906/3509/3944
f 3906/3509/3945 3942/3509/3945 3943/3510/3945 3907/3510/3945
f 3907/3510/3946 3943/3510/3946 3944/3507/3946 3908/3507/3946
f 3908/3507/3947 3944/3507/3947 3945/3508/3947 3909/3508/3947
f 3909/3508/3948 3945/3508/3948 3946/3504/3948 3910/3504/3948
f 3910/3504/3949 3946/3504/3949 3947/3505/3949 3911/3505/3949
f 3911/3505/3950 3947/3505/3950 3948/3502/3950 3912/3502/3950
f 3912/3502/3951 3948/3502/3951 3949/3503/3951 3913/3503/3951
f 3913/3503/3952 3949/3503/3952 3950/3500/3952 3914/3500/3952
f 3914/3500/3953 3950/3500/3953 3951/3501/3953 3915/3501/3953
f 3915/3501/3954 3951/3501/3954 3952/3498/3954 3916/3498/3954
f 3916/3498/3740 3952/3498/3740 3953/3499/3740 3917/3499/3740
f 3917/3499/3955 3953/3499/3955 3954/3496/3955 3918/3496/3955
f 3918/3496/3956 3954/3496/3956 3955/3497/3956 3919/3497/3956
f 3919/3497/3957 3955/3497/3957 3956/3493/3957 3920/3493/3957
f 3920/3493/3958 3956/3493/3958 3957/3494/3958 3921/3494/3958
f 3921/3494/3959 3957/3494/3959 3958/3495/3959 3995/3495/3959
f 3960/3528/3960 3923/3528/3960 3924/3526/3960 3888/3526/3960
f 3995/3495/3961 3958/3495/3961 3923/3528/3961 3960/3528/3961
f 3887/3528/3965 3961/3526/3964 3962/3527/3963 3959/1752/3962
f 3962/3527/3963 3963/3522/3967 3964/3525/3966 3959/1752/3962
f 3964/3525/3966 3965/3523/6 3966/3524/3968 3959/1752/3962
f 3966/3524/3968 3967/3520/3970 3968/3521/3969 3959/1752/3962
f 3968/3521/3969 3969/3518/3972 3970/3519/3971 3959/1752/3962
f 3970/3519/3971 3971/3516/3974 3972/3517/3973 3959/1752/3962
f 3972/3517/3973 3973/3514/3976 3974/3515/3975 3959/1752/3962
f 3974/3515/3975 3975/3506/3978 3976/3513/3977 3959/1752/3962
f 3976/3513/3977 3977/3511/3980 3978/3512/3979 3959/1752/3962
f 3978/3512/3979 3979/3509/3982 3980/3510/3981 3959/1752/3962
f 3980/3510/3981 3981/3507/3984 3982/3508/3983 3959/1752/3962
f 3982/3508/3983 3983/3504/3986 3984/3505/3985 3959/1752/3962
f 3984/3505/3985 3985/3502/3988 3986/3503/3987 3959/1752/3962
f 3986/3503/3987 3987/3500/3990 3988/3501/3989 3959/1752/3962
f 3988/3501/3989 3989/3498/3992 3990/3499/3991 3959/1752/3962
f 3990/3499/3991 3991/3496/3994 3992/3497/3993 3959/1752/3962
f 3992/3497/3993 3993/3493/3996 3994/3494/3995 3959/1752/3962
f 3994/3494/3995 3922/3495/3997 3887/3528/3965 3959/1752/3962
f 3961/3526/3998 4033/3526/3998 4034/3527/3998 3962/3527/3998
f 3962/3527/3999 4034/3527/3999 4035/3522/3999 3963/3522/3999
f 3963/3522/4000 4035/3522/4000 4036/3525/4000 3964/3525/4000
f 3964/3525/4001 4036/3525/4001 4037/3523/4001 3965/3523/4001
f 3965/3523/4002 4037/3523/4002 4038/3524/4002 3966/3524/4002
f 3966/3524/4003 4038/3524/4003 4039/3520/4003 3967/3520/4003
f 3967/3520/4004 4039/3520/4004 4040/3521/4004 3968/3521/4004
f 3968/3521/4005 4040/3521/4005 4041/3518/4005 3969/3518/4005
f 3969/3518/4006 4041/3518/4006 4042/3519/4006 3970/3519/4006
f 3970/3519/4007 4042/3519/4007 4043/3516/4007 3971/3516/4007
f 3971/3516/4008 4043/3516/4008 4044/3517/4008 3972/3517/4008
f 3972/3517/4009 4044/3517/4009 4045/3514/4009 3973/3514/4009
f 3973/3514/4010 4045/3514/4010 4046/3515/4010 3974/3515/4010
f 3974/3515/4011 4046/3515/4011 4047/3506/4011 3975/3506/4011
f 3975/3506/4012 4047/3506/4012 4048/3513/4012 3976/3513/4012
f 3976/3513/4013 4048/3513/4013 4049/3511/4013 3977/3511/4013
f 3977/3511/4014 4049/3511/4014 4050/3512/4014 3978/3512/4014
f 3978/3512/4015 4050/3512/4015 4051/3509/4015 3979/3509/4015
f 3979/3509/4016 4051/3509/4016 4052/3510/4016 3980/3510/4016
f 3980/3510/4017 4052/3510/4017 4053/3507/4017 3981/3507/4017
f 3981/3507/4018 4053/3507/4018 4054/3508/4018 3982/3508/4018
f 3982/3508/4019 4054/3508/4019 4055/3504/4019 3983/3504/4019
f 3983/3504/4020 4055/3504/4020 4056/3505/4020 3984/3505/4020
f 3984/3505/4021 4056/3505/4021 4057/3502/4021 3985/3502/4021
f 3985/3502/4022 4057/3502/4022 4058/3503/4022 3986/3503/4022
f 3986/3503/4023 4058/3503/4023 4059/3500/4023 3987/3500/4023
f 3987/3500/4024 4059/3500/4024 4060/3501/4024 3988/3501/4024
f 3988/3501/4025 4060/3501/4025 4061/3498/4025 3989/3498/4025
f 3989/3498/4026 4061/3498/4026 4062/3499/4026 3990/3499/4026
f 3990/3499/4027 4062/3499/4027 4063/3496/4027 3991/3496/4027
f 3991/3496/4028 4063/3496/4028 4064/3497/4028 3992/3497/4028
f 3992/3497/4029 4064/3497/4029 4065/3493/4029 3993/3493/4029
f 3993/3493/4030 4065/3493/4030 4066/3494/4030 3994/3494/4030
f 3994/3494/4031 4066/3494/4031 4103/3495/4031 3922/3495/4031
f 3887/3528/4032 4068/3528/4032 4033/3526/4032 3961/3526/4032
f 3922/3495/4033 4103/3495/4033 4068/3528/4033 3887/3528/4033
f 3997/3526/4034 4069/3526/4034 4070/3527/4034 3998/3527/4034
f 3998/3527/4035 4070/3527/4035 4071/3522/4035 3999/3522/4035
f 3999/3522/4036 4071/3522/4036 4072/3525/4036 4000/3525/4036
f 4000/3525/4037 4072/3525/4037 4073/3523/4037 4001/3523/4037
f 4001/3523/4038 4073/3523/4038 4074/3524/4038 4002/3524/4038
f 4002/3524/4039 4074/3524/4039 4075/3520/4039 4003/3520/4039
f 4003/3520/4040 4075/3520/4040 4076/3521/4040 4004/3521/4040
f 4004/3521/4041 4076/3521/4041 4077/3518/4041 4005/3518/4041
f 4005/3518/4042 4077/3518/4042 4078/3519/4042 4006/3519/4042
f 4006/3519/4043 4078/3519/4043 4079/3516/4043 4007/3516/4043
f 4007/3516/4044 4079/3516/4044 4080/3517/4044 4008/3517/4044
f 4008/3517/4045 4080/3517/4045 4081/3514/4045 4009/3514/4045
f 4009/3514/4046 4081/3514/4046 4082/3515/4046 4010/3515/4046
f 4010/3515/4047 4082/3515/4047 4083/3506/4047 4011/3506/4047
f 4011/3506/4048 4083/3506/4048 4084/3513/4048 4012/3513/4048
f 4012/3513/4049 4084/3513/4049 4085/3511/4049 4013/3511/4049
f 4013/3511/4050 4085/3511/4050 4086/3512/4050 4014/3512/4050
f 4014/3512/4051 4086/3512/4051 4087/3509/4051 4015/3509/4051
f 4015/3509/4052 4087/3509/4052 4088/3510/4052 4016/3510/4052
f 4016/3510/4053 4088/3510/4053 4089/3507/4053 4017/3507/4053
f 4017/3507/4054 4089/3507/4054 4090/3508/4054 4018/3508/4054
f 4018/3508/4055 4090/3508/4055 4091/3504/4055 4019/3504/4055
f 4019/3504/3842 4091/3504/3842 4092/3505/3842 4020/3505/3842
f 4020/3505/4056 4092/3505/4056 4093/3502/4056 4021/3502/4056
f 4021/3502/4057 4093/3502/4057 4094/3503/4057 4022/3503/4057
f 4022/3503/4058 4094/3503/4058 4095/3500/4058 4023/3500/4058
f 4023/3500/4059 4095/3500/4059 4096/3501/4059 4024/3501/4059
f 4024/3501/4060 4096/3501/4060 4097/3498/4060 4025/3498/4060
f 4025/3498/4061 4097/3498/4061 4098/3499/4061 4026/3499/4061
f 4026/3499/4062 4098/3499/4062 4099/3496/4062 4027/3496/4062
f 4027/3496/4063 4099/3496/4063 4100/3497/4063 4028/3497/4063
f 4028/3497/4064 4100/3497/4064 4101/3493/4064 4029/3493/4064
f 4029/3493/4065 4101/3493/4065 4102/3494/4065 4030/3494/4065
f 4030/3494/4066 4102/3494/4066 4067/3495/4066 4031/3495/4066
f 3996/3528/4067 4032/3528/4067 4069/3526/4067 3997/3526/4067
f 4031/3495/4068 4067/3495/4068 4032/3528/4068 3996/3528/4068
f 4033/3526/4069 3997/3526/4069 3998/3527/4069 4034/3527/4069
f 4034/3527/4070 3998/3527/4070 3999/3522/4070 4035/3522/4070
f 4035/3522/4071 3999/3522/4071 4000/3525/4071 4036/3525/4071
f 4036/3525/4072 4000/3525/4072 4001/3523/4072 4037/3523/4072
f 4037/3523/4073 4001/3523/4073 4002/3524/4073 4038/3524/4073
f 4038/3524/4074 4002/3524/4074 4003/3520/4074 4039/3520/4074
f 4039/3520/4075 4003/3520/4075 4004/3521/4075 4040/3521/4075
f 4040/3521/4076 4004/3521/4076 4005/3518/4076 4041/3518/4076
f 4041/3518/4077 4005/3518/4077 4006/3519/4077 4042/3519/4077
f 4042/3519/4078 4006/3519/4078 4007/3516/4078 4043/3516/4078
f 4043/3516/4079 4007/3516/4079 4008/3517/4079 4044/3517/4079
f 4044/3517/4080 4008/3517/4080 4009/3514/4080 4045/3514/4080
f 4045/3514/4081 4009/3514/4081 4010/3515/4081 4046/3515/4081
f 4046/3515/4082 4010/3515/4082 4011/3506/4082 4047/3506/4082
f 4047/3506/4083 4011/3506/4083 4012/3513/4083 4048/3513/4083
f 4048/3513/4084 4012/3513/4084 4013/3511/4084 4049/3511/4084
f 4049/3511/4085 4013/3511/4085 4014/3512/4085 4050/3512/4085
f 4050/3512/4086 4014/3512/4086 4015/3509/4086 4051/3509/4086
f 4051/3509/4087 4015/3509/4087 4016/3510/4087 4052/3510/4087
f 4052/3510/4088 4016/3510/4088 4017/3507/4088 4053/3507/4088
f 4053/3507/4089 4017/3507/4089 4018/3508/4089 4054/3508/4089
f 4054/3508/4090 4018/3508/4090 4019/3504/4090 4055/3504/4090
f 4055/3504/4091 4019/3504/4091 4020/3505/4091 4056/3505/4091
f 4056/3505/4092 4020/3505/4092 4021/3502/4092 4057/3502/4092
f 4057/3502/4093 4021/3502/4093 4022/3503/4093 4058/3503/4093
f 4058/3503/4094 4022/3503/4094 4023/3500/4094 4059/3500/4094
f 4059/3500/4095 4023/3500/4095 4024/3501/4095 4060/3501/4095
f 4060/3501/4096 4024/3501/4096 4025/3498/4096 4061/3498/4096
f 4061/3498/4097 4025/3498/4097 4026/3499/4097 4062/3499/4097
f 4062/3499/4098 4026/3499/4098 4027/3496/4098 4063/3496/4098
f 4063/3496/4099 4027/3496/4099 4028/3497/4099 4064/3497/4099
f 4064/3497/4100 4028/3497/4100 4029/3493/4100 4065/3493/4100
f 4065/3493/4101 4029/3493/4101 4030/3494/4101 4066/3494/4101
f 4066/3494/4102 4030/3494/4102 4031/3495/4102 4103/3495/4102
f 4068/3528/4103 3996/3528/4103 3997/3526/4103 4033/3526/4103
f 4103/3495/4104 4031/3495/4104 3996/3528/4104 4068/3528/4104
f 4069/3526/4105 3888/3526/4105 3889/3527/4105 4070/3527/4105
f 4070/3527/4106 3889/3527/4106 3890/3522/4106 4071/3522/4106
f 4071/3522/4107 3890/3522/4107 3891/3525/4107 4072/3525/4107
f 4072/3525/4108 3891/3525/4108 3892/3523/4108 4073/3523/4108
f 4073/3523/4109 3892/3523/4109 3893/3524/4109 4074/3524/4109
f 4074/3524/4110 3893/3524/4110 3894/3520/4110 4075/3520/4110
f 4075/3520/4111 3894/3520/4111 3895/3521/4111 4076/3521/4111
f 4076/3521/4112 3895/3521/4112 3896/3518/4112 4077/3518/4112
f 4077/3518/4113 3896/3518/4113 3897/3519/4113 4078/3519/4113
f 4078/3519/4114 3897/3519/4114 3898/3516/4114 4079/3516/4114
f 4079/3516/4115 3898/3516/4115 3899/3517/4115 4080/3517/4115
f 4080/3517/4116 3899/3517/4116 3900/3514/4116 4081/3514/4116
f 4081/3514/4117 3900/3514/4117 3901/3515/4117 4082/3515/4117
f 4082/3515/4118 3901/3515/4118 3902/3506/4118 4083/3506/4118
f 4083/3506/4119 3902/3506/4119 3903/3513/4119 4084/3513/4119
f 4084/3513/4120 3903/3513/4120 3904/3511/4120 4085/3511/4120
f 4085/3511/4121 3904/3511/4121 3905/3512/4121 4086/3512/4121
f 4086/3512/4122 3905/3512/4122 3906/3509/4122 4087/3509/4122
f 4087/3509/4123 3906/3509/4123 3907/3510/4123 4088/3510/4123
f 4088/3510/4124 3907/3510/4124 3908/3507/4124 4089/3507/4124
f 4089/3507/4125 3908/3507/4125 3909/3508/4125 4090/3508/4125
f 4090/3508/4126 3909/3508/4126 3910/3504/4126 4091/3504/4126
f 4091/3504/4127 3910/3504/4127 3911/3505/4127 4092/3505/4127
f 4092/3505/4128 3911/3505/4128 3912/3502/4128 4093/3502/4128
f 4093/3502/4129 3912/3502/4129 3913/3503/4129 4094/3503/4129
f 4094/3503/4130 3913/3503/4130 3914/3500/4130 4095/3500/4130
f 4095/3500/4131 3914/3500/4131 3915/3501/4131 4096/3501/4131
f 4096/3501/4132 3915/3501/4132 3916/3498/4132 4097/3498/4132
f 4097/3498/4133 3916/3498/4133 3917/3499/4133 4098/3499/4133
f 4098/3499/4134 3917/3499/4134 3918/3496/4134 4099/3496/4134
f 4099/3496/4135 3918/3496/4135 3919/3497/4135 4100/3497/4135
f 4100/3497/4136 3919/3497/4136 3920/3493/4136 4101/3493/4136
f 4101/3493/4137 3920/3493/4137 3921/3494/4137 4102/3494/4137
f 4102/3494/4138 3921/3494/4138 3995/3495/4138 4067/3495/4138
f 4032/3528/4139 3960/3528/4139 3888/3526/4139 4069/3526/4139
f 4067/3495/4140 3995/3495/4140 3960/3528/4140 4032/3528/4140
f 4171/3496/4 4175/3495/4 4174/3494/4 4173/3493/4
f 4173/3493/4 4172/3497/4 4171/3496/4
f 4167/3500/4 4171/3496/4 4170/3499/4 4169/3498/4
f 4169/3498/4 4168/3501/4 4167/3500/4
f 4163/3504/4 4167/3500/4 4166/3503/4 4165/3502/4
f 4165/3502/4 4164/3505/4 4163/3504/4
f 4155/3506/4 4171/3496/4 4167/3500/4 4163/3504/4
f 4159/3509/4 4163/3504/4 4162/3508/4 4161/3507/4
f 4161/3507/4 4160/3510/4 4159/3509/4
f 4155/3506/4 4159/3509/4 4158/3512/4 4157/3511/4
f 4157/3511/4 4156/3513/4 4155/3506/4
f 4163/3504/4 4159/3509/4 4155/3506/4
f 4151/3516/4 4155/3506/4 4154/3515/4 4153/3514/4
f 4153/3514/4 4152/3517/4 4151/3516/4
f 4147/3520/4 4151/3516/4 4150/3519/4 4149/3518/4
f 4149/3518/4 4148/3521/4 4147/3520/4
f 4171/3496/4 4155/3506/4 4151/3516/4 4147/3520/4
f 4143/3522/4 4175/3495/4 4171/3496/4 4147/3520/4
f 4143/3522/4 4147/3520/4 4146/3524/4 4145/3523/4
f 4145/3523/4 4144/3525/4 4143/3522/4
f 4175/3495/4 4143/3522/4 4142/3527/4 4141/3526/4
f 4175/3495/4 4141/3526/4 4140/3528/4
f 4105/3526/4141 4141/3526/4141 4142/3527/4141 4106/3527/4141
f 4106/3527/4142 4142/3527/4142 4143/3522/4142 4107/3522/4142
f 4107/3522/4143 4143/3522/4143 4144/3525/4143 4108/3525/4143
f 4108/3525/4144 4144/3525/4144 4145/3523/4144 4109/3523/4144
f 4109/3523/4145 4145/3523/4145 4146/3524/4145 4110/3524/4145
f 4110/3524/4146 4146/3524/4146 4147/3520/4146 4111/3520/4146
f 4111/3520/4147 4147/3520/4147 4148/3521/4147 4112/3521/4147
f 4112/3521/4148 4148/3521/4148 4149/3518/4148 4113/3518/4148
f 4113/3518/4149 4149/3518/4149 4150/3519/4149 4114/3519/4149
f 4114/3519/4150 4150/3519/4150 4151/3516/4150 4115/3516/4150
f 4115/3516/4151 4151/3516/4151 4152/3517/4151 4116/3517/4151
f 4116/3517/4152 4152/3517/4152 4153/3514/4152 4117/3514/4152
f 4117/3514/4153 4153/3514/4153 4154/3515/4153 4118/3515/4153
f 4118/3515/4154 4154/3515/4154 4155/3506/4154 4119/3506/4154
f 4119/3506/4155 4155/3506/4155 4156/3513/4155 4120/3513/4155
f 4120/3513/4156 4156/3513/4156 4157/3511/4156 4121/3511/4156
f 4121/3511/4157 4157/3511/4157 4158/3512/4157 4122/3512/4157
f 4122/3512/4158 4158/3512/4158 4159/3509/4158 4123/3509/4158
f 4123/3509/4159 4159/3509/4159 4160/3510/4159 4124/3510/4159
f 4124/3510/4160 4160/3510/4160 4161/3507/4160 4125/3507/4160
f 4125/3507/4161 4161/3507/4161 4162/3508/4161 4126/3508/4161
f 4126/3508/4162 4162/3508/4162 4163/3504/4162 4127/3504/4162
f 4127/3504/4163 4163/3504/4163 4164/3505/4163 4128/3505/4163
f 4128/3505/4164 4164/3505/4164 4165/3502/4164 4129/3502/4164
f 4129/3502/4165 4165/3502/4165 4166/3503/4165 4130/3503/4165
f 4130/3503/4166 4166/3503/4166 4167/3500/4166 4131/3500/4166
f 4131/3500/4167 4167/3500/4167 4168/3501/4167 4132/3501/4167
f 4132/3501/4168 4168/3501/4168 4169/3498/4168 4133/3498/4168
f 4133/3498/4169 4169/3498/4169 4170/3499/4169 4134/3499/4169
f 4134/3499/4170 4170/3499/4170 4171/3496/4170 4135/3496/4170
f 4135/3496/4171 4171/3496/4171 4172/3497/4171 4136/3497/4171
f 4136/3497/4172 4172/3497/4172 4173/3493/4172 4137/3493/4172
f 4137/3493/4173 4173/3493/4173 4174/3494/4173 4138/3494/4173
f 4138/3494/4174 4174/3494/4174 4175/3495/4174 4212/3495/4174
f 4177/3528/4175 4140/3528/4175 4141/3526/4175 4105/3526/4175
f 4212/3495/4176 4175/3495/4176 4140/3528/4176 4177/3528/4176
f 4104/3528/4180 4178/3526/4179 4179/3527/4178 4176/1752/4177
f 4179/3527/4178 4180/3522/4182 4181/3525/4181 4176/1752/4177
f 4181/3525/4181 4182/3523/6 4183/3524/4183 4176/1752/4177
f 4183/3524/4183 4184/3520/4185 4185/3521/4184 4176/1752/4177
f 4185/3521/4184 4186/3518/4187 4187/3519/4186 4176/1752/4177
f 4187/3519/4186 4188/3516/4189 4189/3517/4188 4176/1752/4177
f 4189/3517/4188 4190/3514/4191 4191/3515/4190 4176/1752/4177
f 4191/3515/4190 4192/3506/4193 4193/3513/4192 4176/1752/4177
f 4193/3513/4192 4194/3511/4195 4195/3512/4194 4176/1752/4177
f 4195/3512/4194 4196/3509/4197 4197/3510/4196 4176/1752/4177
f 4197/3510/4196 4198/3507/4199 4199/3508/4198 4176/1752/4177
f 4199/3508/4198 4200/3504/4201 4201/3505/4200 4176/1752/4177
f 4201/3505/4200 4202/3502/4203 4203/3503/4202 4176/1752/4177
f 4203/3503/4202 4204/3500/4205 4205/3501/4204 4176/1752/4177
f 4205/3501/4204 4206/3498/4207 4207/3499/4206 4176/1752/4177
f 4207/3499/4206 4208/3496/4209 4209/3497/4208 4176/1752/4177
f 4209/3497/4208 4210/3493/4211 4211/3494/4210 4176/1752/4177
f 4211/3494/4210 4139/3495/4212 4104/3528/4180 4176/1752/4177
f 4178/3526/4213 4250/3526/4213 4251/3527/4213 4179/3527/4213
f 4179/3527/4214 4251/3527/4214 4252/3522/4214 4180/3522/4214
f 4180/3522/4215 4252/3522/4215 4253/3525/4215 4181/3525/4215
f 4181/3525/4216 4253/3525/4216 4254/3523/4216 4182/3523/4216
f 4182/3523/4217 4254/3523/4217 4255/3524/4217 4183/3524/4217
f 4183/3524/4218 4255/3524/4218 4256/3520/4218 4184/3520/4218
f 4184/3520/4219 4256/3520/4219 4257/3521/4219 4185/3521/4219
f 4185/3521/4220 4257/3521/4220 4258/3518/4220 4186/3518/4220
f 4186/3518/4221 4258/3518/4221 4259/3519/4221 4187/3519/4221
f 4187/3519/4222 4259/3519/4222 4260/3516/4222 4188/3516/4222
f 4188/3516/4223 4260/3516/4223 4261/3517/4223 4189/3517/4223
f 4189/3517/4224 4261/3517/4224 4262/3514/4224 4190/3514/4224
f 4190/3514/4225 4262/3514/4225 4263/3515/4225 4191/3515/4225
f 4191/3515/4226 4263/3515/4226 4264/3506/4226 4192/3506/4226
f 4192/3506/4227 4264/3506/4227 4265/3513/4227 4193/3513/4227
f 4193/3513/4228 4265/3513/4228 4266/3511/4228 4194/3511/4228
f 4194/3511/4229 4266/3511/4229 4267/3512/4229 4195/3512/4229
f 4195/3512/4230 4267/3512/4230 4268/3509/4230 4196/3509/4230
f 4196/3509/4231 4268/3509/4231 4269/3510/4231 4197/3510/4231
f 4197/3510/4232 4269/3510/4232 4270/3507/4232 4198/3507/4232
f 4198/3507/4233 4270/3507/4233 4271/3508/4233 4199/3508/4233
f 4199/3508/4234 4271/3508/4234 4272/3504/4234 4200/3504/4234
f 4200/3504/4235 4272/3504/4235 4273/3505/4235 4201/3505/4235
f 4201/3505/4236 4273/3505/4236 4274/3502/4236 4202/3502/4236
f 4202/3502/4237 4274/3502/4237 4275/3503/4237 4203/3503/4237
f 4203/3503/4238 4275/3503/4238 4276/3500/4238 4204/3500/4238
f 4204/3500/4239 4276/3500/4239 4277/3501/4239 4205/3501/4239
f 4205/3501/4240 4277/3501/4240 4278/3498/4240 4206/3498/4240
f 4206/3498/4241 4278/3498/4241 4279/3499/4241 4207/3499/4241
f 4207/3499/4242 4279/3499/4242 4280/3496/4242 4208/3496/4242
f 4208/3496/4243 4280/3496/4243 4281/3497/4243 4209/3497/4243
f 4209/3497/4244 4281/3497/4244 4282/3493/4244 4210/3493/4244
f 4210/3493/4245 4282/3493/4245 4283/3494/4245 4211/3494/4245
f 4211/3494/4246 4283/3494/4246 4320/3495/4246 4139/3495/4246
f 4104/3528/4247 4285/3528/4247 4250/3526/4247 4178/3526/4247
f 4139/3495/4248 4320/3495/4248 4285/3528/4248 4104/3528/4248
f 4214/3526/4249 4286/3526/4249 4287/3527/4249 4215/3527/4249
f 4215/3527/4250 4287/3527/4250 4288/3522/4250 4216/3522/4250
f 4216/3522/4251 4288/3522/4251 4289/3525/4251 4217/3525/4251
f 4217/3525/4252 4289/3525/4252 4290/3523/4252 4218/3523/4252
f 4218/3523/4253 4290/3523/4253 4291/3524/4253 4219/3524/4253
f 4219/3524/4254 4291/3524/4254 4292/3520/4254 4220/3520/4254
f 4220/3520/4255 4292/3520/4255 4293/3521/4255 4221/3521/4255
f 4221/3521/4256 4293/3521/4256 4294/3518/4256 4222/3518/4256
f 4222/3518/4257 4294/3518/4257 4295/3519/4257 4223/3519/4257
f 4223/3519/4258 4295/3519/4258 4296/3516/4258 4224/3516/4258
f 4224/3516/4259 4296/3516/4259 4297/3517/4259 4225/3517/4259
f 4225/3517/4260 4297/3517/4260 4298/3514/4260 4226/3514/4260
f 4226/3514/4261 4298/3514/4261 4299/3515/4261 4227/3515/4261
f 4227/3515/4262 4299/3515/4262 4300/3506/4262 4228/3506/4262
f 4228/3506/4263 4300/3506/4263 4301/3513/4263 4229/3513/4263
f 4229/3513/4264 4301/3513/4264 4302/3511/4264 4230/3511/4264
f 4230/3511/4265 4302/3511/4265 4303/3512/4265 4231/3512/4265
f 4231/3512/4266 4303/3512/4266 4304/3509/4266 4232/3509/4266
f 4232/3509/4267 4304/3509/4267 4305/3510/4267 4233/3510/4267
f 4233/3510/4268 4305/3510/4268 4306/3507/4268 4234/3507/4268
f 4234/3507/4269 4306/3507/4269 4307/3508/4269 4235/3508/4269
f 4235/3508/4270 4307/3508/4270 4308/3504/4270 4236/3504/4270
f 4236/3504/4271 4308/3504/4271 4309/3505/4271 4237/3505/4271
f 4237/3505/4272 4309/3505/4272 4310/3502/4272 4238/3502/4272
f 4238/3502/4273 4310/3502/4273 4311/3503/4273 4239/3503/4273
f 4239/3503/4274 4311/3503/4274 4312/3500/4274 4240/3500/4274
f 4240/3500/4275 4312/3500/4275 4313/3501/4275 4241/3501/4275
f 4241/3501/4276 4313/3501/4276 4314/3498/4276 4242/3498/4276
f 4242/3498/4277 4314/3498/4277 4315/3499/4277 4243/3499/4277
f 4243/3499/4278 4315/3499/4278 4316/3496/4278 4244/3496/4278
f 4244/3496/4279 4316/3496/4279 4317/3497/4279 4245/3497/4279
f 4245/3497/4280 4317/3497/4280 4318/3493/4280 4246/3493/4280
f 4246/3493/4281 4318/3493/4281 4319/3494/4281 4247/3494/4281
f 4247/3494/4282 4319/3494/4282 4284/3495/4282 4248/3495/4282
f 4213/3528/4283 4249/3528/4283 4286/3526/4283 4214/3526/4283
f 4248/3495/4284 4284/3495/4284 4249/3528/4284 4213/3528/4284
f 4250/3526/4285 4214/3526/4285 4215/3527/4285 4251/3527/4285
f 4251/3527/4286 4215/3527/4286 4216/3522/4286 4252/3522/4286
f 4252/3522/4287 4216/3522/4287 4217/3525/4287 4253/3525/4287
f 4253/3525/4288 4217/3525/4288 4218/3523/4288 4254/3523/4288
f 4254/3523/4289 4218/3523/4289 4219/3524/4289 4255/3524/4289
f 4255/3524/4290 4219/3524/4290 4220/3520/4290 4256/3520/4290
f 4256/3520/4291 4220/3520/4291 4221/3521/4291 4257/3521/4291
f 4257/3521/4292 4221/3521/4292 4222/3518/4292 4258/3518/4292
f 4258/3518/4293 4222/3518/4293 4223/3519/4293 4259/3519/4293
f 4259/3519/4294 4223/3519/4294 4224/3516/4294 4260/3516/4294
f 4260/3516/4295 4224/3516/4295 4225/3517/4295 4261/3517/4295
f 4261/3517/4296 4225/3517/4296 4226/3514/4296 4262/3514/4296
f 4262/3514/4297 4226/3514/4297 4227/3515/4297 4263/3515/4297
f 4263/3515/4298 4227/3515/4298 4228/3506/4298 4264/3506/4298
f 4264/3506/4299 4228/3506/4299 4229/3513/4299 4265/3513/4299
f 4265/3513/4300 4229/3513/4300 4230/3511/4300 4266/3511/4300
f 4266/3511/4301 4230/3511/4301 4231/3512/4301 4267/3512/4301
f 4267/3512/4302 4231/3512/4302 4232/3509/4302 4268/3509/4302
f 4268/3509/4303 4232/3509/4303 4233/3510/4303 4269/3510/4303
f 4269/3510/4304 4233/3510/4304 4234/3507/4304 4270/3507/4304
f 4270/3507/4305 4234/3507/4305 4235/3508/4305 4271/3508/4305
f 4271/3508/4306 4235/3508/4306 4236/3504/4306 4272/3504/4306
f 4272/3504/4307 4236/3504/4307 4237/3505/4307 4273/3505/4307
f 4273/3505/4308 4237/3505/4308 4238/3502/4308 4274/3502/4308
f 4274/3502/4309 4238/3502/4309 4239/3503/4309 4275/3503/4309
f 4275/3503/4310 4239/3503/4310 4240/3500/4310 4276/3500/4310
f 4276/3500/4311 4240/3500/4311 4241/3501/4311 4277/3501/4311
f 4277/3501/4312 4241/3501/4312 4242/3498/4312 4278/3498/4312
f 4278/3498/4313 4242/3498/4313 4243/3499/4313 4279/3499/4313
f 4279/3499/4314 4243/3499/4314 4244/3496/4314 4280/3496/4314
f 4280/3496/4315 4244/3496/4315 4245/3497/4315 4281/3497/4315
f 4281/3497/4316 4245/3497/4316 4246/3493/4316 4282/3493/4316
f 4282/3493/4317 4246/3493/4317 4247/3494/4317 4283/3494/4317
f 4283/3494/4318 4247/3494/4318 4248/3495/4318 4320/3495/4318
f 4285/3528/4319 4213/3528/4319 4214/3526/4319 4250/3526/4319
f 4320/3495/4320 4248/3495/4320 4213/3528/4320 4285/3528/4320
f 4286/3526/4321 4105/3526/4321 4106/3527/4321 4287/3527/4321
f 4287/3527/4322 4106/3527/4322 4107/3522/4322 4288/3522/4322
f 4288/3522/4323 4107/3522/4323 4108/3525/4323 4289/3525/4323
f 4289/3525/4324 4108/3525/4324 4109/3523/4324 4290/3523/4324
f 4290/3523/4325 4109/3523/4325 4110/3524/4325 4291/3524/4325
f 4291/3524/4326 4110/3524/4326 4111/3520/4326 4292/3520/4326
f 4292/3520/4327 4111/3520/4327 4112/3521/4327 4293/3521/4327
f 4293/3521/4328 4112/3521/4328 4113/3518/4328 4294/3518/4328
f 4294/3518/4329 4113/3518/4329 4114/3519/4329 4295/3519/4329
f 4295/3519/4330 4114/3519/4330 4115/3516/4330 4296/3516/4330
f 4296/3516/4331 4115/3516/4331 4116/3517/4331 4297/3517/4331
f 4297/3517/4332 4116/3517/4332 4117/3514/4332 4298/3514/4332
f 4298/3514/4333 4117/3514/4333 4118/3515/4333 4299/3515/4333
f 4299/3515/4334 4118/3515/4334 4119/3506/4334 4300/3506/4334
f 4300/3506/4335 4119/3506/4335 4120/3513/4335 4301/3513/4335
f 4301/3513/4336 4120/3513/4336 4121/3511/4336 4302/3511/4336
f 4302/3511/4337 4121/3511/4337 4122/3512/4337 4303/3512/4337
f 4303/3512/4338 4122/3512/4338 4123/3509/4338 4304/3509/4338
f 4304/3509/4339 4123/3509/4339 4124/3510/4339 4305/3510/4339
f 4305/3510/4340 4124/3510/4340 4125/3507/4340 4306/3507/4340
f 4306/3507/4341 4125/3507/4341 4126/3508/4341 4307/3508/4341
f 4307/3508/4342 4126/3508/4342 4127/3504/4342 4308/3504/4342
f 4308/3504/4343 4127/3504/4343 4128/3505/4343 4309/3505/4343
f 4309/3505/4344 4128/3505/4344 4129/3502/4344 4310/3502/4344
f 4310/3502/4345 4129/3502/4345 4130/3503/4345 4311/3503/4345
f 4311/3503/4346 4130/3503/4346 4131/3500/4346 4312/3500/4346
f 4312/3500/4347 4131/3500/4347 4132/3501/4347 4313/3501/4347
f 4313/3501/4348 4132/3501/4348 4133/3498/4348 4314/3498/4348
f 4314/3498/4349 4133/3498/4349 4134/3499/4349 4315/3499/4349
f 4315/3499/4350 4134/3499/4350 4135/3496/4350 4316/3496/4350
f 4316/3496/4351 4135/3496/4351 4136/3497/4351 4317/3497/4351
f 4317/3497/4352 4136/3497/4352 4137/3493/4352 4318/3493/4352
f 4318/3493/4353 4137/3493/4353 4138/3494/4353 4319/3494/4353
f 4319/3494/4354 4138/3494/4354 4212/3495/4354 4284/3495/4354
f 4249/3528/4355 4177/3528/4355 4105/3526/4355 4286/3526/4355
f 4284/3495/4356 4212/3495/4356 4177/3528/4356 4249/3528/4356
f 4388/3496/4358 4392/3495/4357 4391/3494/4 4390/3493/4
f 4390/3493/4 4389/3497/4 4388/3496/4358
f 4384/3500/4359 4388/3496/4358 4387/3499/4 4386/3498/4
f 4386/3498/4 4385/3501/4 4384/3500/4359
f 4380/3504/4362 4384/3500/4359 4383/3503/4361 4382/3502/4360
f 4382/3502/4360 4381/3505/4 4380/3504/4362
f 4372/3506/4363 4388/3496/4358 4384/3500/4359 4380/3504/4362
f 4376/3509/4 4380/3504/4362 4379/3508/4 4378/3507/4
f 4378/3507/4 4377/3510/4 4376/3509/4
f 4372/3506/4363 4376/3509/4 4375/3512/4 4374/3511/4
f 4374/3511/4 4373/3513/4 4372/3506/4363
f 4380/3504/4362 4376/3509/4 4372/3506/4363
f 4368/3516/4364 4372/3506/4363 4371/3515/4 4370/3514/4
f 4370/3514/4 4369/3517/4 4368/3516/4364
f 4364/3520/4365 4368/3516/4364 4367/3519/4 4366/3518/4
f 4366/3518/4 4365/3521/4 4364/3520/4365
f 4388/3496/4358 4372/3506/4363 4368/3516/4364 4364/3520/4365
f 4360/3522/4357 4392/3495/4357 4388/3496/4358 4364/3520/4365
f 4360/3522/4357 4364/3520/4365 4363/3524/4 4362/3523/4
f 4362/3523/4 4361/3525/4 4360/3522/4357
f 4392/3495/4357 4360/3522/4357 4359/3527/4367 4358/3526/4366
f 4392/3495/4357 4358/3526/4366 4357/3528/4
f 4322/3526/4368 4358/3526/4368 4359/3527/4368 4323/3527/4368
f 4323/3527/4369 4359/3527/4369 4360/3522/4369 4324/3522/4369
f 4324/3522/4370 4360/3522/4370 4361/3525/4370 4325/3525/4370
f 4325/3525/4371 4361/3525/4371 4362/3523/4371 4326/3523/4371
f 4326/3523/3716 4362/3523/3716 4363/3524/3716 4327/3524/3716
f 4327/3524/3933 4363/3524/3933 4364/3520/3933 4328/3520/3933
f 4328/3520/4372 4364/3520/4372 4365/3521/4372 4329/3521/4372
f 4329/3521/4373 4365/3521/4373 4366/3518/4373 4330/3518/4373
f 4330/3518/4374 4366/3518/4374 4367/3519/4374 4331/3519/4374
f 4331/3519/3721 4367/3519/3721 4368/3516/3721 4332/3516/3721
f 4332/3516/4375 4368/3516/4375 4369/3517/4375 4333/3517/4375
f 4333/3517/4376 4369/3517/4376 4370/3514/4376 4334/3514/4376
f 4334/3514/4377 4370/3514/4377 4371/3515/4377 4335/3515/4377
f 4335/3515/4378 4371/3515/4378 4372/3506/4378 4336/3506/4378
f 4336/3506/4379 4372/3506/4379 4373/3513/4379 4337/3513/4379
f 4337/3513/4380 4373/3513/4380 4374/3511/4380 4338/3511/4380
f 4338/3511/4381 4374/3511/4381 4375/3512/4381 4339/3512/4381
f 4339/3512/4382 4375/3512/4382 4376/3509/4382 4340/3509/4382
f 4340/3509/4383 4376/3509/4383 4377/3510/4383 4341/3510/4383
f 4341/3510/4384 4377/3510/4384 4378/3507/4384 4342/3507/4384
f 4342/3507/4385 4378/3507/4385 4379/3508/4385 4343/3508/4385
f 4343/3508/4386 4379/3508/4386 4380/3504/4386 4344/3504/4386
f 4344/3504/4387 4380/3504/4387 4381/3505/4387 4345/3505/4387
f 4345/3505/4388 4381/3505/4388 4382/3502/4388 4346/3502/4388
f 4346/3502/4389 4382/3502/4389 4383/3503/4389 4347/3503/4389
f 4347/3503/4390 4383/3503/4390 4384/3500/4390 4348/3500/4390
f 4348/3500/4391 4384/3500/4391 4385/3501/4391 4349/3501/4391
f 4349/3501/4392 4385/3501/4392 4386/3498/4392 4350/3498/4392
f 4350/3498/4393 4386/3498/4393 4387/3499/4393 4351/3499/4393
f 4351/3499/3741 4387/3499/3741 4388/3496/3741 4352/3496/3741
f 4352/3496/4394 4388/3496/4394 4389/3497/4394 4353/3497/4394
f 4353/3497/4395 4389/3497/4395 4390/3493/4395 4354/3493/4395
f 4354/3493/4396 4390/3493/4396 4391/3494/4396 4355/3494/4396
f 4355/3494/4397 4391/3494/4397 4392/3495/4397 4429/3495/4397
f 4394/3528/4398 4357/3528/4398 4358/3526/4398 4322/3526/4398
f 4429/3495/4399 4392/3495/4399 4357/3528/4399 4394/3528/4399
f 4321/3528/4403 4395/3526/4402 4396/3527/4401 4393/1752/4400
f 4396/3527/4401 4397/3522/4405 4398/3525/4404 4393/1752/4400
f 4398/3525/4404 4399/3523/6 4400/3524/4406 4393/1752/4400
f 4400/3524/4406 4401/3520/4408 4402/3521/4407 4393/1752/4400
f 4402/3521/4407 4403/3518/4410 4404/3519/4409 4393/1752/4400
f 4404/3519/4409 4405/3516/4412 4406/3517/4411 4393/1752/4400
f 4406/3517/4411 4407/3514/4414 4408/3515/4413 4393/1752/4400
f 4408/3515/4413 4409/3506/4416 4410/3513/4415 4393/1752/4400
f 4410/3513/4415 4411/3511/4418 4412/3512/4417 4393/1752/4400
f 4412/3512/4417 4413/3509/4420 4414/3510/4419 4393/1752/4400
f 4414/3510/4419 4415/3507/4422 4416/3508/4421 4393/1752/4400
f 4416/3508/4421 4417/3504/4424 4418/3505/4423 4393/1752/4400
f 4418/3505/4423 4419/3502/4426 4420/3503/4425 4393/1752/4400
f 4420/3503/4425 4421/3500/4428 4422/3501/4427 4393/1752/4400
f 4422/3501/4427 4423/3498/4430 4424/3499/4429 4393/1752/4400
f 4424/3499/4429 4425/3496/4432 4426/3497/4431 4393/1752/4400
f 4426/3497/4431 4427/3493/4434 4428/3494/4433 4393/1752/4400
f 4428/3494/4433 4356/3495/4435 4321/3528/4403 4393/1752/4400
f 4395/3526/4436 4467/3526/4436 4468/3527/4436 4396/3527/4436
f 4396/3527/4437 4468/3527/4437 4469/3522/4437 4397/3522/4437
f 4397/3522/4438 4469/3522/4438 4470/3525/4438 4398/3525/4438
f 4398/3525/4439 4470/3525/4439 4471/3523/4439 4399/3523/4439
f 4399/3523/4440 4471/3523/4440 4472/3524/4440 4400/3524/4440
f 4400/3524/4441 4472/3524/4441 4473/3520/4441 4401/3520/4441
f 4401/3520/4442 4473/3520/4442 4474/3521/4442 4402/3521/4442
f 4402/3521/4443 4474/3521/4443 4475/3518/4443 4403/3518/4443
f 4403/3518/4444 4475/3518/4444 4476/3519/4444 4404/3519/4444
f 4404/3519/4445 4476/3519/4445 4477/3516/4445 4405/3516/4445
f 4405/3516/4446 4477/3516/4446 4478/3517/4446 4406/3517/4446
f 4406/3517/4447 4478/3517/4447 4479/3514/4447 4407/3514/4447
f 4407/3514/4448 4479/3514/4448 4480/3515/4448 4408/3515/4448
f 4408/3515/4449 4480/3515/4449 4481/3506/4449 4409/3506/4449
f 4409/3506/4450 4481/3506/4450 4482/3513/4450 4410/3513/4450
f 4410/3513/4451 4482/3513/4451 4483/3511/4451 4411/3511/4451
f 4411/3511/4452 4483/3511/4452 4484/3512/4452 4412/3512/4452
f 4412/3512/4453 4484/3512/4453 4485/3509/4453 4413/3509/4453
f 4413/3509/4454 4485/3509/4454 4486/3510/4454 4414/3510/4454
f 4414/3510/4455 4486/3510/4455 4487/3507/4455 4415/3507/4455
f 4415/3507/4456 4487/3507/4456 4488/3508/4456 4416/3508/4456
f 4416/3508/4457 4488/3508/4457 4489/3504/4457 4417/3504/4457
f 4417/3504/4458 4489/3504/4458 4490/3505/4458 4418/3505/4458
f 4418/3505/4459 4490/3505/4459 4491/3502/4459 4419/3502/4459
f 4419/3502/4460 4491/3502/4460 4492/3503/4460 4420/3503/4460
f 4420/3503/4461 4492/3503/4461 4493/3500/4461 4421/3500/4461
f 4421/3500/4462 4493/3500/4462 4494/3501/4462 4422/3501/4462
f 4422/3501/4463 4494/3501/4463 4495/3498/4463 4423/3498/4463
f 4423/3498/4464 4495/3498/4464 4496/3499/4464 4424/3499/4464
f 4424/3499/4465 4496/3499/4465 4497/3496/4465 4425/3496/4465
f 4425/3496/4466 4497/3496/4466 4498/3497/4466 4426/3497/4466
f 4426/3497/4467 4498/3497/4467 4499/3493/4467 4427/3493/4467
f 4427/3493/4468 4499/3493/4468 4500/3494/4468 4428/3494/4468
f 4428/3494/4469 4500/3494/4469 4537/3495/4469 4356/3495/4469
f 4321/3528/4470 4502/3528/4470 4467/3526/4470 4395/3526/4470
f 4356/3495/4471 4537/3495/4471 4502/3528/4471 4321/3528/4471
f 4431/3526/4472 4503/3526/4472 4504/3527/4472 4432/3527/4472
f 4432/3527/4473 4504/3527/4473 4505/3522/4473 4433/3522/4473
f 4433/3522/4474 4505/3522/4474 4506/3525/4474 4434/3525/4474
f 4434/3525/4475 4506/3525/4475 4507/3523/4475 4435/3523/4475
f 4435/3523/4253 4507/3523/4253 4508/3524/4253 4436/3524/4253
f 4436/3524/4476 4508/3524/4476 4509/3520/4476 4437/3520/4476
f 4437/3520/4477 4509/3520/4477 4510/3521/4477 4438/3521/4477
f 4438/3521/4256 4510/3521/4256 4511/3518/4256 4439/3518/4256
f 4439/3518/4478 4511/3518/4478 4512/3519/4478 4440/3519/4478
f 4440/3519/4479 4512/3519/4479 4513/3516/4479 4441/3516/4479
f 4441/3516/4480 4513/3516/4480 4514/3517/4480 4442/3517/4480
f 4442/3517/4481 4514/3517/4481 4515/3514/4481 4443/3514/4481
f 4443/3514/4482 4515/3514/4482 4516/3515/4482 4444/3515/4482
f 4444/3515/4483 4516/3515/4483 4517/3506/4483 4445/3506/4483
f 4445/3506/4484 4517/3506/4484 4518/3513/4484 4446/3513/4484
f 4446/3513/4485 4518/3513/4485 4519/3511/4485 4447/3511/4485
f 4447/3511/4486 4519/3511/4486 4520/3512/4486 4448/3512/4486
f 4448/3512/4487 4520/3512/4487 4521/3509/4487 4449/3509/4487
f 4449/3509/4488 4521/3509/4488 4522/3510/4488 4450/3510/4488
f 4450/3510/4489 4522/3510/4489 4523/3507/4489 4451/3507/4489
f 4451/3507/4490 4523/3507/4490 4524/3508/4490 4452/3508/4490
f 4452/3508/4491 4524/3508/4491 4525/3504/4491 4453/3504/4491
f 4453/3504/4492 4525/3504/4492 4526/3505/4492 4454/3505/4492
f 4454/3505/4493 4526/3505/4493 4527/3502/4493 4455/3502/4493
f 4455/3502/4494 4527/3502/4494 4528/3503/4494 4456/3503/4494
f 4456/3503/4274 4528/3503/4274 4529/3500/4274 4457/3500/4274
f 4457/3500/4495 4529/3500/4495 4530/3501/4495 4458/3501/4495
f 4458/3501/4496 4530/3501/4496 4531/3498/4496 4459/3498/4496
f 4459/3498/4497 4531/3498/4497 4532/3499/4497 4460/3499/4497
f 4460/3499/4498 4532/3499/4498 4533/3496/4498 4461/3496/4498
f 4461/3496/4499 4533/3496/4499 4534/3497/4499 4462/3497/4499
f 4462/3497/4500 4534/3497/4500 4535/3493/4500 4463/3493/4500
f 4463/3493/4501 4535/3493/4501 4536/3494/4501 4464/3494/4501
f 4464/3494/4502 4536/3494/4502 4501/3495/4502 4465/3495/4502
f 4430/3528/4503 4466/3528/4503 4503/3526/4503 4431/3526/4503
f 4465/3495/4504 4501/3495/4504 4466/3528/4504 4430/3528/4504
f 4467/3526/4505 4431/3526/4505 4432/3527/4505 4468/3527/4505
f 4468/3527/4506 4432/3527/4506 4433/3522/4506 4469/3522/4506
f 4469/3522/4507 4433/3522/4507 4434/3525/4507 4470/3525/4507
f 4470/3525/4508 4434/3525/4508 4435/3523/4508 4471/3523/4508
f 4471/3523/4509 4435/3523/4509 4436/3524/4509 4472/3524/4509
f 4472/3524/4510 4436/3524/4510 4437/3520/4510 4473/3520/4510
f 4473/3520/4511 4437/3520/4511 4438/3521/4511 4474/3521/4511
f 4474/3521/4512 4438/3521/4512 4439/3518/4512 4475/3518/4512
f 4475/3518/4513 4439/3518/4513 4440/3519/4513 4476/3519/4513
f 4476/3519/4514 4440/3519/4514 4441/3516/4514 4477/3516/4514
f 4477/3516/4515 4441/3516/4515 4442/3517/4515 4478/3517/4515
f 4478/3517/4516 4442/3517/4516 4443/3514/4516 4479/3514/4516
f 4479/3514/4517 4443/3514/4517 4444/3515/4517 4480/3515/4517
f 4480/3515/4518 4444/3515/4518 4445/3506/4518 4481/3506/4518
f 4481/3506/4519 4445/3506/4519 4446/3513/4519 4482/3513/4519
f 4482/3513/4520 4446/3513/4520 4447/3511/4520 4483/3511/4520
f 4483/3511/4521 4447/3511/4521 4448/3512/4521 4484/3512/4521
f 4484/3512/4522 4448/3512/4522 4449/3509/4522 4485/3509/4522
f 4485/3509/4523 4449/3509/4523 4450/3510/4523 4486/3510/4523
f 4486/3510/4524 4450/3510/4524 4451/3507/4524 4487/3507/4524
f 4487/3507/3876 4451/3507/3876 4452/3508/3876 4488/3508/3876
f 4488/3508/4525 4452/3508/4525 4453/3504/4525 4489/3504/4525
f 4489/3504/4091 4453/3504/4091 4454/3505/4091 4490/3505/4091
f 4490/3505/4526 4454/3505/4526 4455/3502/4526 4491/3502/4526
f 4491/3502/4527 4455/3502/4527 4456/3503/4527 4492/3503/4527
f 4492/3503/3881 4456/3503/3881 4457/3500/3881 4493/3500/3881
f 4493/3500/4528 4457/3500/4528 4458/3501/4528 4494/3501/4528
f 4494/3501/4529 4458/3501/4529 4459/3498/4529 4495/3498/4529
f 4495/3498/4530 4459/3498/4530 4460/3499/4530 4496/3499/4530
f 4496/3499/4531 4460/3499/4531 4461/3496/4531 4497/3496/4531
f 4497/3496/4532 4461/3496/4532 4462/3497/4532 4498/3497/4532
f 4498/3497/4533 4462/3497/4533 4463/3493/4533 4499/3493/4533
f 4499/3493/4534 4463/3493/4534 4464/3494/4534 4500/3494/4534
f 4500/3494/4535 4464/3494/4535 4465/3495/4535 4537/3495/4535
f 4502/3528/4536 4430/3528/4536 4431/3526/4536 4467/3526/4536
f 4537/3495/4537 4465/3495/4537 4430/3528/4537 4502/3528/4537
f 4503/3526/4538 4322/3526/4538 4323/3527/4538 4504/3527/4538
f 4504/3527/4539 4323/3527/4539 4324/3522/4539 4505/3522/4539
f 4505/3522/4540 4324/3522/4540 4325/3525/4540 4506/3525/4540
f 4506/3525/4541 4325/3525/4541 4326/3523/4541 4507/3523/4541
f 4507/3523/4542 4326/3523/4542 4327/3524/4542 4508/3524/4542
f 4508/3524/4543 4327/3524/4543 4328/3520/4543 4509/3520/4543
f 4509/3520/4544 4328/3520/4544 4329/3521/4544 4510/3521/4544
f 4510/3521/4545 4329/3521/4545 4330/3518/4545 4511/3518/4545
f 4511/3518/4546 4330/3518/4546 4331/3519/4546 4512/3519/4546
f 4512/3519/4547 4331/3519/4547 4332/3516/4547 4513/3516/4547
f 4513/3516/4548 4332/3516/4548 4333/3517/4548 4514/3517/4548
f 4514/3517/4549 4333/3517/4549 4334/3514/4549 4515/3514/4549
f 4515/3514/4550 4334/3514/4550 4335/3515/4550 4516/3515/4550
f 4516/3515/4551 4335/3515/4551 4336/3506/4551 4517/3506/4551
f 4517/3506/3906 4336/3506/3906 4337/3513/3906 4518/3513/3906
f 4518/3513/4552 4337/3513/4552 4338/3511/4552 4519/3511/4552
f 4519/3511/4553 4338/3511/4553 4339/3512/4553 4520/3512/4553
f 4520/3512/4554 4339/3512/4554 4340/3509/4554 4521/3509/4554
f 4521/3509/4555 4340/3509/4555 4341/3510/4555 4522/3510/4555
f 4522/3510/4556 4341/3510/4556 4342/3507/4556 4523/3507/4556
f 4523/3507/4557 4342/3507/4557 4343/3508/4557 4524/3508/4557
f 4524/3508/4558 4343/3508/4558 4344/3504/4558 4525/3504/4558
f 4525/3504/4559 4344/3504/4559 4345/3505/4559 4526/3505/4559
f 4526/3505/4560 4345/3505/4560 4346/3502/4560 4527/3502/4560
f 4527/3502/4561 4346/3502/4561 4347/3503/4561 4528/3503/4561
f 4528/3503/4562 4347/3503/4562 4348/3500/4562 4529/3500/4562
f 4529/3500/4563 4348/3500/4563 4349/3501/4563 4530/3501/4563
f 4530/3501/4564 4349/3501/4564 4350/3498/4564 4531/3498/4564
f 4531/3498/4565 4350/3498/4565 4351/3499/4565 4532/3499/4565
f 4532/3499/4566 4351/3499/4566 4352/3496/4566 4533/3496/4566
f 4533/3496/4567 4352/3496/4567 4353/3497/4567 4534/3497/4567
f 4534/3497/4568 4353/3497/4568 4354/3493/4568 4535/3493/4568
f 4535/3493/4569 4354/3493/4569 4355/3494/4569 4536/3494/4569
f 4536/3494/4570 4355/3494/4570 4429/3495/4570 4501/3495/4570
f 4466/3528/4571 4394/3528/4571 4322/3526/4571 4503/3526/4571
f 4501/3495/4572 4429/3495/4572 4394/3528/4572 4466/3528/4572
f 4605/3496/6 4609/3495/6 4608/3494/6 4607/3493/6
f 4607/3493/6 4606/3497/6 4605/3496/6
f 4601/3500/6 4605/3496/6 4604/3499/6 4603/3498/6
f 4603/3498/6 4602/3501/6 4601/3500/6
f 4597/3504/6 4601/3500/6 4600/3503/6 4599/3502/6
f 4599/3502/6 4598/3505/6 4597/3504/6
f 4589/3506/6 4605/3496/6 4601/3500/6 4597/3504/6
f 4593/3509/6 4597/3504/6 4596/3508/6 4595/3507/6
f 4595/3507/6 4594/3510/6 4593/3509/6
f 4589/3506/6 4593/3509/6 4592/3512/6 4591/3511/6
f 4591/3511/6 4590/3513/6 4589/3506/6
f 4597/3504/6 4593/3509/6 4589/3506/6
f 4585/3516/6 4589/3506/6 4588/3515/6 4587/3514/6
f 4587/3514/6 4586/3517/6 4585/3516/6
f 4581/3520/6 4585/3516/6 4584/3519/6 4583/3518/6
f 4583/3518/6 4582/3521/6 4581/3520/6
f 4605/3496/6 4589/3506/6 4585/3516/6 4581/3520/6
f 4577/3522/6 4609/3495/6 4605/3496/6 4581/3520/6
f 4577/3522/6 4581/3520/6 4580/3524/6 4579/3523/6
f 4579/3523/6 4578/3525/6 4577/3522/6
f 4609/3495/6 4577/3522/6 4576/3527/6 4575/3526/6
f 4609/3495/6 4575/3526/6 4574/3528/6
f 4539/3526/4573 4575/3526/4573 4576/3527/4573 4540/3527/4573
f 4540/3527/4574 4576/3527/4574 4577/3522/4574 4541/3522/4574
f 4541/3522/4575 4577/3522/4575 4578/3525/4575 4542/3525/4575
f 4542/3525/4576 4578/3525/4576 4579/3523/4576 4543/3523/4576
f 4543/3523/4577 4579/3523/4577 4580/3524/4577 4544/3524/4577
f 4544/3524/4578 4580/3524/4578 4581/3520/4578 4545/3520/4578
f 4545/3520/4579 4581/3520/4579 4582/3521/4579 4546/3521/4579
f 4546/3521/4580 4582/3521/4580 4583/3518/4580 4547/3518/4580
f 4547/3518/4373 4583/3518/4373 4584/3519/4373 4548/3519/4373
f 4548/3519/4581 4584/3519/4581 4585/3516/4581 4549/3516/4581
f 4549/3516/4582 4585/3516/4582 4586/3517/4582 4550/3517/4582
f 4550/3517/4583 4586/3517/4583 4587/3514/4583 4551/3514/4583
f 4551/3514/4584 4587/3514/4584 4588/3515/4584 4552/3515/4584
f 4552/3515/4585 4588/3515/4585 4589/3506/4585 4553/3506/4585
f 4553/3506/4586 4589/3506/4586 4590/3513/4586 4554/3513/4586
f 4554/3513/4587 4590/3513/4587 4591/3511/4587 4555/3511/4587
f 4555/3511/4588 4591/3511/4588 4592/3512/4588 4556/3512/4588
f 4556/3512/4589 4592/3512/4589 4593/3509/4589 4557/3509/4589
f 4557/3509/4590 4593/3509/4590 4594/3510/4590 4558/3510/4590
f 4558/3510/4591 4594/3510/4591 4595/3507/4591 4559/3507/4591
f 4559/3507/4592 4595/3507/4592 4596/3508/4592 4560/3508/4592
f 4560/3508/4593 4596/3508/4593 4597/3504/4593 4561/3504/4593
f 4561/3504/4594 4597/3504/4594 4598/3505/4594 4562/3505/4594
f 4562/3505/4393 4598/3505/4393 4599/3502/4393 4563/3502/4393
f 4563/3502/3739 4599/3502/3739 4600/3503/3739 4564/3503/3739
f 4564/3503/4391 4600/3503/4391 4601/3500/4391 4565/3500/4391
f 4565/3500/4595 4601/3500/4595 4602/3501/4595 4566/3501/4595
f 4566/3501/4596 4602/3501/4596 4603/3498/4596 4567/3498/4596
f 4567/3498/4597 4603/3498/4597 4604/3499/4597 4568/3499/4597
f 4568/3499/4598 4604/3499/4598 4605/3496/4598 4569/3496/4598
f 4569/3496/4599 4605/3496/4599 4606/3497/4599 4570/3497/4599
f 4570/3497/4600 4606/3497/4600 4607/3493/4600 4571/3493/4600
f 4571/3493/4601 4607/3493/4601 4608/3494/4601 4572/3494/4601
f 4572/3494/4602 4608/3494/4602 4609/3495/4602 4646/3495/4602
f 4611/3528/4603 4574/3528/4603 4575/3526/4603 4539/3526/4603
f 4646/3495/4604 4609/3495/4604 4574/3528/4604 4611/3528/4604
f 4538/3528/4608 4612/3526/4607 4613/3527/4606 4610/1752/4605
f 4613/3527/4606 4614/3522/4610 4615/3525/4609 4610/1752/4605
f 4615/3525/4609 4616/3523/4 4617/3524/4611 4610/1752/4605
f 4617/3524/4611 4618/3520/4613 4619/3521/4612 4610/1752/4605
f 4619/3521/4612 4620/3518/4615 4621/3519/4614 4610/1752/4605
f 4621/3519/4614 4622/3516/4617 4623/3517/4616 4610/1752/4605
f 4623/3517/4616 4624/3514/4619 4625/3515/4618 4610/1752/4605
f 4625/3515/4618 4626/3506/4621 4627/3513/4620 4610/1752/4605
f 4627/3513/4620 4628/3511/4623 4629/3512/4622 4610/1752/4605
f 4629/3512/4622 4630/3509/4625 4631/3510/4624 4610/1752/4605
f 4631/3510/4624 4632/3507/4627 4633/3508/4626 4610/1752/4605
f 4633/3508/4626 4634/3504/4629 4635/3505/4628 4610/1752/4605
f 4635/3505/4628 4636/3502/4631 4637/3503/4630 4610/1752/4605
f 4637/3503/4630 4638/3500/4633 4639/3501/4632 4610/1752/4605
f 4639/3501/4632 4640/3498/4635 4641/3499/4634 4610/1752/4605
f 4641/3499/4634 4642/3496/4637 4643/3497/4636 4610/1752/4605
f 4643/3497/4636 4644/3493/4639 4645/3494/4638 4610/1752/4605
f 4645/3494/4638 4573/3495/4640 4538/3528/4608 4610/1752/4605
f 4612/3526/4641 4684/3526/4641 4685/3527/4641 4613/3527/4641
f 4613/3527/4642 4685/3527/4642 4686/3522/4642 4614/3522/4642
f 4614/3522/4643 4686/3522/4643 4687/3525/4643 4615/3525/4643
f 4615/3525/4644 4687/3525/4644 4688/3523/4644 4616/3523/4644
f 4616/3523/4645 4688/3523/4645 4689/3524/4645 4617/3524/4645
f 4617/3524/4646 4689/3524/4646 4690/3520/4646 4618/3520/4646
f 4618/3520/4647 4690/3520/4647 4691/3521/4647 4619/3521/4647
f 4619/3521/4648 4691/3521/4648 4692/3518/4648 4620/3518/4648
f 4620/3518/4649 4692/3518/4649 4693/3519/4649 4621/3519/4649
f 4621/3519/4650 4693/3519/4650 4694/3516/4650 4622/3516/4650
f 4622/3516/4651 4694/3516/4651 4695/3517/4651 4623/3517/4651
f 4623/3517/4652 4695/3517/4652 4696/3514/4652 4624/3514/4652
f 4624/3514/4653 4696/3514/4653 4697/3515/4653 4625/3515/4653
f 4625/3515/4654 4697/3515/4654 4698/3506/4654 4626/3506/4654
f 4626/3506/4655 4698/3506/4655 4699/3513/4655 4627/3513/4655
f 4627/3513/4656 4699/3513/4656 4700/3511/4656 4628/3511/4656
f 4628/3511/4657 4700/3511/4657 4701/3512/4657 4629/3512/4657
f 4629/3512/4658 4701/3512/4658 4702/3509/4658 4630/3509/4658
f 4630/3509/4659 4702/3509/4659 4703/3510/4659 4631/3510/4659
f 4631/3510/4660 4703/3510/4660 4704/3507/4660 4632/3507/4660
f 4632/3507/4661 4704/3507/4661 4705/3508/4661 4633/3508/4661
f 4633/3508/4662 4705/3508/4662 4706/3504/4662 4634/3504/4662
f 4634/3504/4663 4706/3504/4663 4707/3505/4663 4635/3505/4663
f 4635/3505/4664 4707/3505/4664 4708/3502/4664 4636/3502/4664
f 4636/3502/4665 4708/3502/4665 4709/3503/4665 4637/3503/4665
f 4637/3503/4666 4709/3503/4666 4710/3500/4666 4638/3500/4666
f 4638/3500/4667 4710/3500/4667 4711/3501/4667 4639/3501/4667
f 4639/3501/4668 4711/3501/4668 4712/3498/4668 4640/3498/4668
f 4640/3498/4669 4712/3498/4669 4713/3499/4669 4641/3499/4669
f 4641/3499/4670 4713/3499/4670 4714/3496/4670 4642/3496/4670
f 4642/3496/4671 4714/3496/4671 4715/3497/4671 4643/3497/4671
f 4643/3497/4672 4715/3497/4672 4716/3493/4672 4644/3493/4672
f 4644/3493/4673 4716/3493/4673 4717/3494/4673 4645/3494/4673
f 4645/3494/4674 4717/3494/4674 4754/3495/4674 4573/3495/4674
f 4538/3528/4675 4719/3528/4675 4684/3526/4675 4612/3526/4675
f 4573/3495/4676 4754/3495/4676 4719/3528/4676 4538/3528/4676
f 4648/3526/4677 4720/3526/4677 4721/3527/4677 4649/3527/4677
f 4649/3527/4678 4721/3527/4678 4722/3522/4678 4650/3522/4678
f 4650/3522/4679 4722/3522/4679 4723/3525/4679 4651/3525/4679
f 4651/3525/4680 4723/3525/4680 4724/3523/4680 4652/3523/4680
f 4652/3523/4681 4724/3523/4681 4725/3524/4681 4653/3524/4681
f 4653/3524/4682 4725/3524/4682 4726/3520/4682 4654/3520/4682
f 4654/3520/4683 4726/3520/4683 4727/3521/4683 4655/3521/4683
f 4655/3521/4684 4727/3521/4684 4728/3518/4684 4656/3518/4684
f 4656/3518/4685 4728/3518/4685 4729/3519/4685 4657/3519/4685
f 4657/3519/4686 4729/3519/4686 4730/3516/4686 4658/3516/4686
f 4658/3516/4687 4730/3516/4687 4731/3517/4687 4659/3517/4687
f 4659/3517/4688 4731/3517/4688 4732/3514/4688 4660/3514/4688
f 4660/3514/4689 4732/3514/4689 4733/3515/4689 4661/3515/4689
f 4661/3515/4690 4733/3515/4690 4734/3506/4690 4662/3506/4690
f 4662/3506/4691 4734/3506/4691 4735/3513/4691 4663/3513/4691
f 4663/3513/4692 4735/3513/4692 4736/3511/4692 4664/3511/4692
f 4664/3511/4693 4736/3511/4693 4737/3512/4693 4665/3512/4693
f 4665/3512/4694 4737/3512/4694 4738/3509/4694 4666/3509/4694
f 4666/3509/4695 4738/3509/4695 4739/3510/4695 4667/3510/4695
f 4667/3510/4696 4739/3510/4696 4740/3507/4696 4668/3507/4696
f 4668/3507/4697 4740/3507/4697 4741/3508/4697 4669/3508/4697
f 4669/3508/4698 4741/3508/4698 4742/3504/4698 4670/3504/4698
f 4670/3504/4699 4742/3504/4699 4743/3505/4699 4671/3505/4699
f 4671/3505/4700 4743/3505/4700 4744/3502/4700 4672/3502/4700
f 4672/3502/4701 4744/3502/4701 4745/3503/4701 4673/3503/4701
f 4673/3503/4702 4745/3503/4702 4746/3500/4702 4674/3500/4702
f 4674/3500/4703 4746/3500/4703 4747/3501/4703 4675/3501/4703
f 4675/3501/4704 4747/3501/4704 4748/3498/4704 4676/3498/4704
f 4676/3498/4705 4748/3498/4705 4749/3499/4705 4677/3499/4705
f 4677/3499/4706 4749/3499/4706 4750/3496/4706 4678/3496/4706
f 4678/3496/4707 4750/3496/4707 4751/3497/4707 4679/3497/4707
f 4679/3497/4708 4751/3497/4708 4752/3493/4708 4680/3493/4708
f 4680/3493/4709 4752/3493/4709 4753/3494/4709 4681/3494/4709
f 4681/3494/4710 4753/3494/4710 4718/3495/4710 4682/3495/4710
f 4647/3528/4711 4683/3528/4711 4720/3526/4711 4648/3526/4711
f 4682/3495/4712 4718/3495/4712 4683/3528/4712 4647/3528/4712
f 4684/3526/4713 4648/3526/4713 4649/3527/4713 4685/3527/4713
f 4685/3527/4714 4649/3527/4714 4650/3522/4714 4686/3522/4714
f 4686/3522/4715 4650/3522/4715 4651/3525/4715 4687/3525/4715
f 4687/3525/4716 4651/3525/4716 4652/3523/4716 4688/3523/4716
f 4688/3523/4717 4652/3523/4717 4653/3524/4717 4689/3524/4717
f 4689/3524/4718 4653/3524/4718 4654/3520/4718 4690/3520/4718
f 4690/3520/4719 4654/3520/4719 4655/3521/4719 4691/3521/4719
f 4691/3521/4720 4655/3521/4720 4656/3518/4720 4692/3518/4720
f 4692/3518/4721 4656/3518/4721 4657/3519/4721 4693/3519/4721
f 4693/3519/4722 4657/3519/4722 4658/3516/4722 4694/3516/4722
f 4694/3516/4723 4658/3516/4723 4659/3517/4723 4695/3517/4723
f 4695/3517/4724 4659/3517/4724 4660/3514/4724 4696/3514/4724
f 4696/3514/4725 4660/3514/4725 4661/3515/4725 4697/3515/4725
f 4697/3515/4726 4661/3515/4726 4662/3506/4726 4698/3506/4726
f 4698/3506/4727 4662/3506/4727 4663/3513/4727 4699/3513/4727
f 4699/3513/4728 4663/3513/4728 4664/3511/4728 4700/3511/4728
f 4700/3511/4729 4664/3511/4729 4665/3512/4729 4701/3512/4729
f 4701/3512/4730 4665/3512/4730 4666/3509/4730 4702/3509/4730
f 4702/3509/4731 4666/3509/4731 4667/3510/4731 4703/3510/4731
f 4703/3510/4732 4667/3510/4732 4668/3507/4732 4704/3507/4732
f 4704/3507/4733 4668/3507/4733 4669/3508/4733 4705/3508/4733
f 4705/3508/4734 4669/3508/4734 4670/3504/4734 4706/3504/4734
f 4706/3504/4735 4670/3504/4735 4671/3505/4735 4707/3505/4735
f 4707/3505/4736 4671/3505/4736 4672/3502/4736 4708/3502/4736
f 4708/3502/4737 4672/3502/4737 4673/3503/4737 4709/3503/4737
f 4709/3503/4738 4673/3503/4738 4674/3500/4738 4710/3500/4738
f 4710/3500/4739 4674/3500/4739 4675/3501/4739 4711/3501/4739
f 4711/3501/4740 4675/3501/4740 4676/3498/4740 4712/3498/4740
f 4712/3498/4741 4676/3498/4741 4677/3499/4741 4713/3499/4741
f 4713/3499/4742 4677/3499/4742 4678/3496/4742 4714/3496/4742
f 4714/3496/4743 4678/3496/4743 4679/3497/4743 4715/3497/4743
f 4715/3497/4744 4679/3497/4744 4680/3493/4744 4716/3493/4744
f 4716/3493/4745 4680/3493/4745 4681/3494/4745 4717/3494/4745
f 4717/3494/4746 4681/3494/4746 4682/3495/4746 4754/3495/4746
f 4719/3528/4747 4647/3528/4747 4648/3526/4747 4684/3526/4747
f 4754/3495/4748 4682/3495/4748 4647/3528/4748 4719/3528/4748
f 4720/3526/4749 4539/3526/4749 4540/3527/4749 4721/3527/4749
f 4721/3527/4750 4540/3527/4750 4541/3522/4750 4722/3522/4750
f 4722/3522/4751 4541/3522/4751 4542/3525/4751 4723/3525/4751
f 4723/3525/4752 4542/3525/4752 4543/3523/4752 4724/3523/4752
f 4724/3523/4753 4543/3523/4753 4544/3524/4753 4725/3524/4753
f 4725/3524/4754 4544/3524/4754 4545/3520/4754 4726/3520/4754
f 4726/3520/4755 4545/3520/4755 4546/3521/4755 4727/3521/4755
f 4727/3521/4756 4546/3521/4756 4547/3518/4756 4728/3518/4756
f 4728/3518/4757 4547/3518/4757 4548/3519/4757 4729/3519/4757
f 4729/3519/4758 4548/3519/4758 4549/3516/4758 4730/3516/4758
f 4730/3516/4759 4549/3516/4759 4550/3517/4759 4731/3517/4759
f 4731/3517/4760 4550/3517/4760 4551/3514/4760 4732/3514/4760
f 4732/3514/4761 4551/3514/4761 4552/3515/4761 4733/3515/4761
f 4733/3515/4762 4552/3515/4762 4553/3506/4762 4734/3506/4762
f 4734/3506/4763 4553/3506/4763 4554/3513/4763 4735/3513/4763
f 4735/3513/4764 4554/3513/4764 4555/3511/4764 4736/3511/4764
f 4736/3511/4765 4555/3511/4765 4556/3512/4765 4737/3512/4765
f 4737/3512/4766 4556/3512/4766 4557/3509/4766 4738/3509/4766
f 4738/3509/4767 4557/3509/4767 4558/3510/4767 4739/3510/4767
f 4739/3510/4768 4558/3510/4768 4559/3507/4768 4740/3507/4768
f 4740/3507/4769 4559/3507/4769 4560/3508/4769 4741/3508/4769
f 4741/3508/4770 4560/3508/4770 4561/3504/4770 4742/3504/4770
f 4742/3504/4771 4561/3504/4771 4562/3505/4771 4743/3505/4771
f 4743/3505/4772 4562/3505/4772 4563/3502/4772 4744/3502/4772
f 4744/3502/4773 4563/3502/4773 4564/3503/4773 4745/3503/4773
f 4745/3503/4774 4564/3503/4774 4565/3500/4774 4746/3500/4774
f 4746/3500/4775 4565/3500/4775 4566/3501/4775 4747/3501/4775
f 4747/3501/4776 4566/3501/4776 4567/3498/4776 4748/3498/4776
f 4748/3498/4777 4567/3498/4777 4568/3499/4777 4749/3499/4777
f 4749/3499/4778 4568/3499/4778 4569/3496/4778 4750/3496/4778
f 4750/3496/4779 4569/3496/4779 4570/3497/4779 4751/3497/4779
f 4751/3497/4780 4570/3497/4780 4571/3493/4780 4752/3493/4780
f 4752/3493/4781 4571/3493/4781 4572/3494/4781 4753/3494/4781
f 4753/3494/4782 4572/3494/4782 4646/3495/4782 4718/3495/4782
f 4683/3528/4783 4611/3528/4783 4539/3526/4783 4720/3526/4783
f 4718/3495/4784 4646/3495/4784 4611/3528/4784 4683/3528/4784
f 4822/3496/6 4826/3495/6 4825/3494/6 4824/3493/6
f 4824/3493/6 4823/3497/6 4822/3496/6
f 4818/3500/6 4822/3496/6 4821/3499/6 4820/3498/6
f 4820/3498/6 4819/3501/6 4818/3500/6
f 4814/3504/6 4818/3500/6 4817/3503/6 4816/3502/6
f 4816/3502/6 4815/3505/6 4814/3504/6
f 4806/3506/6 4822/3496/6 4818/3500/6 4814/3504/6
f 4810/3509/6 4814/3504/6 4813/3508/6 4812/3507/6
f 4812/3507/6 4811/3510/6 4810/3509/6
f 4806/3506/6 4810/3509/6 4809/3512/6 4808/3511/6
f 4808/3511/6 4807/3513/6 4806/3506/6
f 4814/3504/6 4810/3509/6 4806/3506/6
f 4802/3516/6 4806/3506/6 4805/3515/6 4804/3514/6
f 4804/3514/6 4803/3517/6 4802/3516/6
f 4798/3520/6 4802/3516/6 4801/3519/6 4800/3518/6
f 4800/3518/6 4799/3521/6 4798/3520/6
f 4822/3496/6 4806/3506/6 4802/3516/6 4798/3520/6
f 4794/3522/6 4826/3495/6 4822/3496/6 4798/3520/6
f 4794/3522/6 4798/3520/6 4797/3524/6 4796/3523/6
f 4796/3523/6 4795/3525/6 4794/3522/6
f 4826/3495/6 4794/3522/6 4793/3527/6 4792/3526/6
f 4826/3495/6 4792/3526/6 4791/3528/6
f 4756/3526/4785 4792/3526/4785 4793/3527/4785 4757/3527/4785
f 4757/3527/4786 4793/3527/4786 4794/3522/4786 4758/3522/4786
f 4758/3522/4787 4794/3522/4787 4795/3525/4787 4759/3525/4787
f 4759/3525/4788 4795/3525/4788 4796/3523/4788 4760/3523/4788
f 4760/3523/4789 4796/3523/4789 4797/3524/4789 4761/3524/4789
f 4761/3524/4790 4797/3524/4790 4798/3520/4790 4762/3520/4790
f 4762/3520/4791 4798/3520/4791 4799/3521/4791 4763/3521/4791
f 4763/3521/4792 4799/3521/4792 4800/3518/4792 4764/3518/4792
f 4764/3518/3935 4800/3518/3935 4801/3519/3935 4765/3519/3935
f 4765/3519/4793 4801/3519/4793 4802/3516/4793 4766/3516/4793
f 4766/3516/4794 4802/3516/4794 4803/3517/4794 4767/3517/4794
f 4767/3517/4795 4803/3517/4795 4804/3514/4795 4768/3514/4795
f 4768/3514/4796 4804/3514/4796 4805/3515/4796 4769/3515/4796
f 4769/3515/4797 4805/3515/4797 4806/3506/4797 4770/3506/4797
f 4770/3506/4798 4806/3506/4798 4807/3513/4798 4771/3513/4798
f 4771/3513/4799 4807/3513/4799 4808/3511/4799 4772/3511/4799
f 4772/3511/4800 4808/3511/4800 4809/3512/4800 4773/3512/4800
f 4773/3512/4801 4809/3512/4801 4810/3509/4801 4774/3509/4801
f 4774/3509/4802 4810/3509/4802 4811/3510/4802 4775/3510/4802
f 4775/3510/4803 4811/3510/4803 4812/3507/4803 4776/3507/4803
f 4776/3507/4804 4812/3507/4804 4813/3508/4804 4777/3508/4804
f 4777/3508/4805 4813/3508/4805 4814/3504/4805 4778/3504/4805
f 4778/3504/4806 4814/3504/4806 4815/3505/4806 4779/3505/4806
f 4779/3505/4807 4815/3505/4807 4816/3502/4807 4780/3502/4807
f 4780/3502/4808 4816/3502/4808 4817/3503/4808 4781/3503/4808
f 4781/3503/3953 4817/3503/3953 4818/3500/3953 4782/3500/3953
f 4782/3500/4809 4818/3500/4809 4819/3501/4809 4783/3501/4809
f 4783/3501/4810 4819/3501/4810 4820/3498/4810 4784/3498/4810
f 4784/3498/4811 4820/3498/4811 4821/3499/4811 4785/3499/4811
f 4785/3499/4812 4821/3499/4812 4822/3496/4812 4786/3496/4812
f 4786/3496/4813 4822/3496/4813 4823/3497/4813 4787/3497/4813
f 4787/3497/4814 4823/3497/4814 4824/3493/4814 4788/3493/4814
f 4788/3493/4815 4824/3493/4815 4825/3494/4815 4789/3494/4815
f 4789/3494/4816 4825/3494/4816 4826/3495/4816 4863/3495/4816
f 4828/3528/4817 4791/3528/4817 4792/3526/4817 4756/3526/4817
f 4863/3495/4818 4826/3495/4818 4791/3528/4818 4828/3528/4818
f 4755/3528/4822 4829/3526/4821 4830/3527/4820 4827/1752/4819
f 4830/3527/4820 4831/3522/4824 4832/3525/4823 4827/1752/4819
f 4832/3525/4823 4833/3523/4 4834/3524/4825 4827/1752/4819
f 4834/3524/4825 4835/3520/4827 4836/3521/4826 4827/1752/4819
f 4836/3521/4826 4837/3518/4829 4838/3519/4828 4827/1752/4819
f 4838/3519/4828 4839/3516/4831 4840/3517/4830 4827/1752/4819
f 4840/3517/4830 4841/3514/4833 4842/3515/4832 4827/1752/4819
f 4842/3515/4832 4843/3506/4835 4844/3513/4834 4827/1752/4819
f 4844/3513/4834 4845/3511/4836 4846/3512/4622 4827/1752/4819
f 4846/3512/4622 4847/3509/4838 4848/3510/4837 4827/1752/4819
f 4848/3510/4837 4849/3507/4840 4850/3508/4839 4827/1752/4819
f 4850/3508/4839 4851/3504/4842 4852/3505/4841 4827/1752/4819
f 4852/3505/4841 4853/3502/4844 4854/3503/4843 4827/1752/4819
f 4854/3503/4843 4855/3500/4846 4856/3501/4845 4827/1752/4819
f 4856/3501/4845 4857/3498/4848 4858/3499/4847 4827/1752/4819
f 4858/3499/4847 4859/3496/4850 4860/3497/4849 4827/1752/4819
f 4860/3497/4849 4861/3493/4852 4862/3494/4851 4827/1752/4819
f 4862/3494/4851 4790/3495/4853 4755/3528/4822 4827/1752/4819
f 4829/3526/4854 4901/3526/4854 4902/3527/4854 4830/3527/4854
f 4830/3527/4855 4902/3527/4855 4903/3522/4855 4831/3522/4855
f 4831/3522/4856 4903/3522/4856 4904/3525/4856 4832/3525/4856
f 4832/3525/4857 4904/3525/4857 4905/3523/4857 4833/3523/4857
f 4833/3523/4858 4905/3523/4858 4906/3524/4858 4834/3524/4858
f 4834/3524/4859 4906/3524/4859 4907/3520/4859 4835/3520/4859
f 4835/3520/4860 4907/3520/4860 4908/3521/4860 4836/3521/4860
f 4836/3521/4861 4908/3521/4861 4909/3518/4861 4837/3518/4861
f 4837/3518/4862 4909/3518/4862 4910/3519/4862 4838/3519/4862
f 4838/3519/4863 4910/3519/4863 4911/3516/4863 4839/3516/4863
f 4839/3516/4864 4911/3516/4864 4912/3517/4864 4840/3517/4864
f 4840/3517/4865 4912/3517/4865 4913/3514/4865 4841/3514/4865
f 4841/3514/4866 4913/3514/4866 4914/3515/4866 4842/3515/4866
f 4842/3515/4867 4914/3515/4867 4915/3506/4867 4843/3506/4867
f 4843/3506/4868 4915/3506/4868 4916/3513/4868 4844/3513/4868
f 4844/3513/4869 4916/3513/4869 4917/3511/4869 4845/3511/4869
f 4845/3511/4870 4917/3511/4870 4918/3512/4870 4846/3512/4870
f 4846/3512/4871 4918/3512/4871 4919/3509/4871 4847/3509/4871
f 4847/3509/4872 4919/3509/4872 4920/3510/4872 4848/3510/4872
f 4848/3510/4873 4920/3510/4873 4921/3507/4873 4849/3507/4873
f 4849/3507/4874 4921/3507/4874 4922/3508/4874 4850/3508/4874
f 4850/3508/4875 4922/3508/4875 4923/3504/4875 4851/3504/4875
f 4851/3504/4876 4923/3504/4876 4924/3505/4876 4852/3505/4876
f 4852/3505/4877 4924/3505/4877 4925/3502/4877 4853/3502/4877
f 4853/3502/4878 4925/3502/4878 4926/3503/4878 4854/3503/4878
f 4854/3503/4879 4926/3503/4879 4927/3500/4879 4855/3500/4879
f 4855/3500/4880 4927/3500/4880 4928/3501/4880 4856/3501/4880
f 4856/3501/4881 4928/3501/4881 4929/3498/4881 4857/3498/4881
f 4857/3498/4882 4929/3498/4882 4930/3499/4882 4858/3499/4882
f 4858/3499/4883 4930/3499/4883 4931/3496/4883 4859/3496/4883
f 4859/3496/4884 4931/3496/4884 4932/3497/4884 4860/3497/4884
f 4860/3497/4885 4932/3497/4885 4933/3493/4885 4861/3493/4885
f 4861/3493/4886 4933/3493/4886 4934/3494/4886 4862/3494/4886
f 4862/3494/4887 4934/3494/4887 4971/3495/4887 4790/3495/4887
f 4755/3528/4888 4936/3528/4888 4901/3526/4888 4829/3526/4888
f 4790/3495/4889 4971/3495/4889 4936/3528/4889 4755/3528/4889
f 4865/3526/4890 4937/3526/4890 4938/3527/4890 4866/3527/4890
f 4866/3527/4891 4938/3527/4891 4939/3522/4891 4867/3522/4891
f 4867/3522/4892 4939/3522/4892 4940/3525/4892 4868/3525/4892
f 4868/3525/4893 4940/3525/4893 4941/3523/4893 4869/3523/4893
f 4869/3523/4894 4941/3523/4894 4942/3524/4894 4870/3524/4894
f 4870/3524/4895 4942/3524/4895 4943/3520/4895 4871/3520/4895
f 4871/3520/4896 4943/3520/4896 4944/3521/4896 4872/3521/4896
f 4872/3521/4684 4944/3521/4684 4945/3518/4684 4873/3518/4684
f 4873/3518/4897 4945/3518/4897 4946/3519/4897 4874/3519/4897
f 4874/3519/4898 4946/3519/4898 4947/3516/4898 4875/3516/4898
f 4875/3516/4899 4947/3516/4899 4948/3517/4899 4876/3517/4899
f 4876/3517/4900 4948/3517/4900 4949/3514/4900 4877/3514/4900
f 4877/3514/4901 4949/3514/4901 4950/3515/4901 4878/3515/4901
f 4878/3515/4902 4950/3515/4902 4951/3506/4902 4879/3506/4902
f 4879/3506/4903 4951/3506/4903 4952/3513/4903 4880/3513/4903
f 4880/3513/4904 4952/3513/4904 4953/3511/4904 4881/3511/4904
f 4881/3511/4905 4953/3511/4905 4954/3512/4905 4882/3512/4905
f 4882/3512/4906 4954/3512/4906 4955/3509/4906 4883/3509/4906
f 4883/3509/4907 4955/3509/4907 4956/3510/4907 4884/3510/4907
f 4884/3510/4908 4956/3510/4908 4957/3507/4908 4885/3507/4908
f 4885/3507/4909 4957/3507/4909 4958/3508/4909 4886/3508/4909
f 4886/3508/4910 4958/3508/4910 4959/3504/4910 4887/3504/4910
f 4887/3504/4911 4959/3504/4911 4960/3505/4911 4888/3505/4911
f 4888/3505/4912 4960/3505/4912 4961/3502/4912 4889/3502/4912
f 4889/3502/4913 4961/3502/4913 4962/3503/4913 4890/3503/4913
f 4890/3503/4914 4962/3503/4914 4963/3500/4914 4891/3500/4914
f 4891/3500/4915 4963/3500/4915 4964/3501/4915 4892/3501/4915
f 4892/3501/4916 4964/3501/4916 4965/3498/4916 4893/3498/4916
f 4893/3498/4917 4965/3498/4917 4966/3499/4917 4894/3499/4917
f 4894/3499/4918 4966/3499/4918 4967/3496/4918 4895/3496/4918
f 4895/3496/4919 4967/3496/4919 4968/3497/4919 4896/3497/4919
f 4896/3497/4920 4968/3497/4920 4969/3493/4920 4897/3493/4920
f 4897/3493/4921 4969/3493/4921 4970/3494/4921 4898/3494/4921
f 4898/3494/4922 4970/3494/4922 4935/3495/4922 4899/3495/4922
f 4864/3528/4923 4900/3528/4923 4937/3526/4923 4865/3526/4923
f 4899/3495/4924 4935/3495/4924 4900/3528/4924 4864/3528/4924
f 4901/3526/4925 4865/3526/4925 4866/3527/4925 4902/3527/4925
f 4902/3527/4926 4866/3527/4926 4867/3522/4926 4903/3522/4926
f 4903/3522/4927 4867/3522/4927 4868/3525/4927 4904/3525/4927
f 4904/3525/4928 4868/3525/4928 4869/3523/4928 4905/3523/4928
f 4905/3523/4929 4869/3523/4929 4870/3524/4929 4906/3524/4929
f 4906/3524/4930 4870/3524/4930 4871/3520/4930 4907/3520/4930
f 4907/3520/4931 4871/3520/4931 4872/3521/4931 4908/3521/4931
f 4908/3521/4932 4872/3521/4932 4873/3518/4932 4909/3518/4932
f 4909/3518/4933 4873/3518/4933 4874/3519/4933 4910/3519/4933
f 4910/3519/4934 4874/3519/4934 4875/3516/4934 4911/3516/4934
f 4911/3516/4935 4875/3516/4935 4876/3517/4935 4912/3517/4935
f 4912/3517/4936 4876/3517/4936 4877/3514/4936 4913/3514/4936
f 4913/3514/4937 4877/3514/4937 4878/3515/4937 4914/3515/4937
f 4914/3515/4938 4878/3515/4938 4879/3506/4938 4915/3506/4938
f 4915/3506/4939 4879/3506/4939 4880/3513/4939 4916/3513/4939
f 4916/3513/4940 4880/3513/4940 4881/3511/4940 4917/3511/4940
f 4917/3511/4941 4881/3511/4941 4882/3512/4941 4918/3512/4941
f 4918/3512/4942 4882/3512/4942 4883/3509/4942 4919/3509/4942
f 4919/3509/4943 4883/3509/4943 4884/3510/4943 4920/3510/4943
f 4920/3510/4944 4884/3510/4944 4885/3507/4944 4921/3507/4944
f 4921/3507/4945 4885/3507/4945 4886/3508/4945 4922/3508/4945
f 4922/3508/4946 4886/3508/4946 4887/3504/4946 4923/3504/4946
f 4923/3504/4947 4887/3504/4947 4888/3505/4947 4924/3505/4947
f 4924/3505/4948 4888/3505/4948 4889/3502/4948 4925/3502/4948
f 4925/3502/4949 4889/3502/4949 4890/3503/4949 4926/3503/4949
f 4926/3503/4950 4890/3503/4950 4891/3500/4950 4927/3500/4950
f 4927/3500/4951 4891/3500/4951 4892/3501/4951 4928/3501/4951
f 4928/3501/4952 4892/3501/4952 4893/3498/4952 4929/3498/4952
f 4929/3498/4953 4893/3498/4953 4894/3499/4953 4930/3499/4953
f 4930/3499/4742 4894/3499/4742 4895/3496/4742 4931/3496/4742
f 4931/3496/4954 4895/3496/4954 4896/3497/4954 4932/3497/4954
f 4932/3497/4955 4896/3497/4955 4897/3493/4955 4933/3493/4955
f 4933/3493/4956 4897/3493/4956 4898/3494/4956 4934/3494/4956
f 4934/3494/4957 4898/3494/4957 4899/3495/4957 4971/3495/4957
f 4936/3528/4958 4864/3528/4958 4865/3526/4958 4901/3526/4958
f 4971/3495/4959 4899/3495/4959 4864/3528/4959 4936/3528/4959
f 4937/3526/4960 4756/3526/4960 4757/3527/4960 4938/3527/4960
f 4938/3527/4961 4757/3527/4961 4758/3522/4961 4939/3522/4961
f 4939/3522/4962 4758/3522/4962 4759/3525/4962 4940/3525/4962
f 4940/3525/4963 4759/3525/4963 4760/3523/4963 4941/3523/4963
f 4941/3523/4964 4760/3523/4964 4761/3524/4964 4942/3524/4964
f 4942/3524/4965 4761/3524/4965 4762/3520/4965 4943/3520/4965
f 4943/3520/4966 4762/3520/4966 4763/3521/4966 4944/3521/4966
f 4944/3521/4756 4763/3521/4756 4764/3518/4756 4945/3518/4756
f 4945/3518/4967 4764/3518/4967 4765/3519/4967 4946/3519/4967
f 4946/3519/4968 4765/3519/4968 4766/3516/4968 4947/3516/4968
f 4947/3516/4759 4766/3516/4759 4767/3517/4759 4948/3517/4759
f 4948/3517/4969 4767/3517/4969 4768/3514/4969 4949/3514/4969
f 4949/3514/4970 4768/3514/4970 4769/3515/4970 4950/3515/4970
f 4950/3515/4971 4769/3515/4971 4770/3506/4971 4951/3506/4971
f 4951/3506/4972 4770/3506/4972 4771/3513/4972 4952/3513/4972
f 4952/3513/4973 4771/3513/4973 4772/3511/4973 4953/3511/4973
f 4953/3511/4974 4772/3511/4974 4773/3512/4974 4954/3512/4974
f 4954/3512/4975 4773/3512/4975 4774/3509/4975 4955/3509/4975
f 4955/3509/4976 4774/3509/4976 4775/3510/4976 4956/3510/4976
f 4956/3510/4977 4775/3510/4977 4776/3507/4977 4957/3507/4977
f 4957/3507/4978 4776/3507/4978 4777/3508/4978 4958/3508/4978
f 4958/3508/4979 4777/3508/4979 4778/3504/4979 4959/3504/4979
f 4959/3504/4980 4778/3504/4980 4779/3505/4980 4960/3505/4980
f 4960/3505/4981 4779/3505/4981 4780/3502/4981 4961/3502/4981
f 4961/3502/4982 4780/3502/4982 4781/3503/4982 4962/3503/4982
f 4962/3503/4983 4781/3503/4983 4782/3500/4983 4963/3500/4983
f 4963/3500/4984 4782/3500/4984 4783/3501/4984 4964/3501/4984
f 4964/3501/4985 4783/3501/4985 4784/3498/4985 4965/3498/4985
f 4965/3498/4986 4784/3498/4986 4785/3499/4986 4966/3499/4986
f 4966/3499/4987 4785/3499/4987 4786/3496/4987 4967/3496/4987
f 4967/3496/4988 4786/3496/4988 4787/3497/4988 4968/3497/4988
f 4968/3497/4989 4787/3497/4989 4788/3493/4989 4969/3493/4989
f 4969/3493/4990 4788/3493/4990 4789/3494/4990 4970/3494/4990
f 4970/3494/4991 4789/3494/4991 4863/3495/4991 4935/3495/4991
f 4900/3528/4992 4828/3528/4992 4756/3526/4992 4937/3526/4992
f 4935/3495/4993 4863/3495/4993 4828/3528/4993 4900/3528/4993
f 5039/3496/4994 5043/3495/6 5042/3494/6 5041/3493/6
f 5041/3493/6 5040/3497/6 5039/3496/4994
f 5035/3500/4995 5039/3496/4994 5038/3499/6 5037/3498/6
f 5037/3498/6 5036/3501/6 5035/3500/4995
f 5031/3504/4998 5035/3500/4995 5034/3503/4997 5033/3502/4996
f 5033/3502/4996 5032/3505/6 5031/3504/4998
f 5023/3506/4999 5039/3496/4994 5035/3500/4995 5031/3504/4998
f 5027/3509/5000 5031/3504/4998 5030/3508/6 5029/3507/6
f 5029/3507/6 5028/3510/6 5027/3509/5000
f 5023/3506/4999 5027/3509/5000 5026/3512/5002 5025/3511/5001
f 5025/3511/5001 5024/3513/6 5023/3506/4999
f 5031/3504/4998 5027/3509/5000 5023/3506/4999
f 5019/3516/6 5023/3506/4999 5022/3515/6 5021/3514/6
f 5021/3514/6 5020/3517/6 5019/3516/6
f 5015/3520/6 5019/3516/6 5018/3519/6 5017/3518/6
f 5017/3518/6 5016/3521/6 5015/3520/6
f 5039/3496/4994 5023/3506/4999 5019/3516/6 5015/3520/6
f 5011/3522/6 5043/3495/6 5039/3496/4994 5015/3520/6
f 5011/3522/6 5015/3520/6 5014/3524/6 5013/3523/6
f 5013/3523/6 5012/3525/6 5011/3522/6
f 5043/3495/6 5011/3522/6 5010/3527/6 5009/3526/6
f 5043/3495/6 5009/3526/6 5008/3528/6
f 4973/3526/5003 5009/3526/5003 5010/3527/5003 4974/3527/5003
f 4974/3527/5004 5010/3527/5004 5011/3522/5004 4975/3522/5004
f 4975/3522/5005 5011/3522/5005 5012/3525/5005 4976/3525/5005
f 4976/3525/5006 5012/3525/5006 5013/3523/5006 4977/3523/5006
f 4977/3523/5007 5013/3523/5007 5014/3524/5007 4978/3524/5007
f 4978/3524/5008 5014/3524/5008 5015/3520/5008 4979/3520/5008
f 4979/3520/3937 5015/3520/3937 5016/3521/3937 4980/3521/3937
f 4980/3521/5009 5016/3521/5009 5017/3518/5009 4981/3518/5009
f 4981/3518/5010 5017/3518/5010 5018/3519/5010 4982/3519/5010
f 4982/3519/5011 5018/3519/5011 5019/3516/5011 4983/3516/5011
f 4983/3516/5012 5019/3516/5012 5020/3517/5012 4984/3517/5012
f 4984/3517/5013 5020/3517/5013 5021/3514/5013 4985/3514/5013
f 4985/3514/5014 5021/3514/5014 5022/3515/5014 4986/3515/5014
f 4986/3515/5015 5022/3515/5015 5023/3506/5015 4987/3506/5015
f 4987/3506/5016 5023/3506/5016 5024/3513/5016 4988/3513/5016
f 4988/3513/5017 5024/3513/5017 5025/3511/5017 4989/3511/5017
f 4989/3511/5018 5025/3511/5018 5026/3512/5018 4990/3512/5018
f 4990/3512/5019 5026/3512/5019 5027/3509/5019 4991/3509/5019
f 4991/3509/5020 5027/3509/5020 5028/3510/5020 4992/3510/5020
f 4992/3510/5021 5028/3510/5021 5029/3507/5021 4993/3507/5021
f 4993/3507/5022 5029/3507/5022 5030/3508/5022 4994/3508/5022
f 4994/3508/5023 5030/3508/5023 5031/3504/5023 4995/3504/5023
f 4995/3504/5024 5031/3504/5024 5032/3505/5024 4996/3505/5024
f 4996/3505/5025 5032/3505/5025 5033/3502/5025 4997/3502/5025
f 4997/3502/5026 5033/3502/5026 5034/3503/5026 4998/3503/5026
f 4998/3503/5027 5034/3503/5027 5035/3500/5027 4999/3500/5027
f 4999/3500/4595 5035/3500/4595 5036/3501/4595 5000/3501/4595
f 5000/3501/5028 5036/3501/5028 5037/3498/5028 5001/3498/5028
f 5001/3498/5029 5037/3498/5029 5038/3499/5029 5002/3499/5029
f 5002/3499/5030 5038/3499/5030 5039/3496/5030 5003/3496/5030
f 5003/3496/5031 5039/3496/5031 5040/3497/5031 5004/3497/5031
f 5004/3497/5032 5040/3497/5032 5041/3493/5032 5005/3493/5032
f 5005/3493/5033 5041/3493/5033 5042/3494/5033 5006/3494/5033
f 5006/3494/5034 5042/3494/5034 5043/3495/5034 5080/3495/5034
f 5045/3528/5035 5008/3528/5035 5009/3526/5035 4973/3526/5035
f 5080/3495/5036 5043/3495/5036 5008/3528/5036 5045/3528/5036
f 4972/3528/5040 5046/3526/5039 5047/3527/5038 5044/1752/5037
f 5047/3527/5038 5048/3522/5042 5049/3525/5041 5044/1752/5037
f 5049/3525/5041 5050/3523/4 5051/3524/5043 5044/1752/5037
f 5051/3524/5043 5052/3520/5045 5053/3521/5044 5044/1752/5037
f 5053/3521/5044 5054/3518/5047 5055/3519/5046 5044/1752/5037
f 5055/3519/5046 5056/3516/5049 5057/3517/5048 5044/1752/5037
f 5057/3517/5048 5058/3514/5051 5059/3515/5050 5044/1752/5037
f 5059/3515/5050 5060/3506/5053 5061/3513/5052 5044/1752/5037
f 5061/3513/5052 5062/3511/5055 5063/3512/5054 5044/1752/5037
f 5063/3512/5054 5064/3509/5057 5065/3510/5056 5044/1752/5037
f 5065/3510/5056 5066/3507/5059 5067/3508/5058 5044/1752/5037
f 5067/3508/5058 5068/3504/5061 5069/3505/5060 5044/1752/5037
f 5069/3505/5060 5070/3502/5063 5071/3503/5062 5044/1752/5037
f 5071/3503/5062 5072/3500/5065 5073/3501/5064 5044/1752/5037
f 5073/3501/5064 5074/3498/5067 5075/3499/5066 5044/1752/5037
f 5075/3499/5066 5076/3496/5069 5077/3497/5068 5044/1752/5037
f 5077/3497/5068 5078/3493/5071 5079/3494/5070 5044/1752/5037
f 5079/3494/5070 5007/3495/5072 4972/3528/5040 5044/1752/5037
f 5046/3526/5073 5118/3526/5073 5119/3527/5073 5047/3527/5073
f 5047/3527/5074 5119/3527/5074 5120/3522/5074 5048/3522/5074
f 5048/3522/5075 5120/3522/5075 5121/3525/5075 5049/3525/5075
f 5049/3525/5076 5121/3525/5076 5122/3523/5076 5050/3523/5076
f 5050/3523/5077 5122/3523/5077 5123/3524/5077 5051/3524/5077
f 5051/3524/5078 5123/3524/5078 5124/3520/5078 5052/3520/5078
f 5052/3520/5079 5124/3520/5079 5125/3521/5079 5053/3521/5079
f 5053/3521/5080 5125/3521/5080 5126/3518/5080 5054/3518/5080
f 5054/3518/5081 5126/3518/5081 5127/3519/5081 5055/3519/5081
f 5055/3519/5082 5127/3519/5082 5128/3516/5082 5056/3516/5082
f 5056/3516/5083 5128/3516/5083 5129/3517/5083 5057/3517/5083
f 5057/3517/5084 5129/3517/5084 5130/3514/5084 5058/3514/5084
f 5058/3514/5085 5130/3514/5085 5131/3515/5085 5059/3515/5085
f 5059/3515/5086 5131/3515/5086 5132/3506/5086 5060/3506/5086
f 5060/3506/5087 5132/3506/5087 5133/3513/5087 5061/3513/5087
f 5061/3513/5088 5133/3513/5088 5134/3511/5088 5062/3511/5088
f 5062/3511/5089 5134/3511/5089 5135/3512/5089 5063/3512/5089
f 5063/3512/5090 5135/3512/5090 5136/3509/5090 5064/3509/5090
f 5064/3509/5091 5136/3509/5091 5137/3510/5091 5065/3510/5091
f 5065/3510/5092 5137/3510/5092 5138/3507/5092 5066/3507/5092
f 5066/3507/5093 5138/3507/5093 5139/3508/5093 5067/3508/5093
f 5067/3508/5094 5139/3508/5094 5140/3504/5094 5068/3504/5094
f 5068/3504/5095 5140/3504/5095 5141/3505/5095 5069/3505/5095
f 5069/3505/5096 5141/3505/5096 5142/3502/5096 5070/3502/5096
f 5070/3502/5097 5142/3502/5097 5143/3503/5097 5071/3503/5097
f 5071/3503/5098 5143/3503/5098 5144/3500/5098 5072/3500/5098
f 5072/3500/5099 5144/3500/5099 5145/3501/5099 5073/3501/5099
f 5073/3501/5100 5145/3501/5100 5146/3498/5100 5074/3498/5100
f 5074/3498/5101 5146/3498/5101 5147/3499/5101 5075/3499/5101
f 5075/3499/5102 5147/3499/5102 5148/3496/5102 5076/3496/5102
f 5076/3496/5103 5148/3496/5103 5149/3497/5103 5077/3497/5103
f 5077/3497/5104 5149/3497/5104 5150/3493/5104 5078/3493/5104
f 5078/3493/5105 5150/3493/5105 5151/3494/5105 5079/3494/5105
f 5079/3494/5106 5151/3494/5106 5188/3495/5106 5007/3495/5106
f 4972/3528/5107 5153/3528/5107 5118/3526/5107 5046/3526/5107
f 5007/3495/5108 5188/3495/5108 5153/3528/5108 4972/3528/5108
f 5082/3526/5109 5154/3526/5109 5155/3527/5109 5083/3527/5109
f 5083/3527/5110 5155/3527/5110 5156/3522/5110 5084/3522/5110
f 5084/3522/5111 5156/3522/5111 5157/3525/5111 5085/3525/5111
f 5085/3525/5112 5157/3525/5112 5158/3523/5112 5086/3523/5112
f 5086/3523/5113 5158/3523/5113 5159/3524/5113 5087/3524/5113
f 5087/3524/5114 5159/3524/5114 5160/3520/5114 5088/3520/5114
f 5088/3520/5115 5160/3520/5115 5161/3521/5115 5089/3521/5115
f 5089/3521/5116 5161/3521/5116 5162/3518/5116 5090/3518/5116
f 5090/3518/5117 5162/3518/5117 5163/3519/5117 5091/3519/5117
f 5091/3519/5118 5163/3519/5118 5164/3516/5118 5092/3516/5118
f 5092/3516/5119 5164/3516/5119 5165/3517/5119 5093/3517/5119
f 5093/3517/5120 5165/3517/5120 5166/3514/5120 5094/3514/5120
f 5094/3514/5121 5166/3514/5121 5167/3515/5121 5095/3515/5121
f 5095/3515/5122 5167/3515/5122 5168/3506/5122 5096/3506/5122
f 5096/3506/5123 5168/3506/5123 5169/3513/5123 5097/3513/5123
f 5097/3513/5124 5169/3513/5124 5170/3511/5124 5098/3511/5124
f 5098/3511/5125 5170/3511/5125 5171/3512/5125 5099/3512/5125
f 5099/3512/5126 5171/3512/5126 5172/3509/5126 5100/3509/5126
f 5100/3509/5127 5172/3509/5127 5173/3510/5127 5101/3510/5127
f 5101/3510/5128 5173/3510/5128 5174/3507/5128 5102/3507/5128
f 5102/3507/5129 5174/3507/5129 5175/3508/5129 5103/3508/5129
f 5103/3508/5130 5175/3508/5130 5176/3504/5130 5104/3504/5130
f 5104/3504/5131 5176/3504/5131 5177/3505/5131 5105/3505/5131
f 5105/3505/5132 5177/3505/5132 5178/3502/5132 5106/3502/5132
f 5106/3502/5133 5178/3502/5133 5179/3503/5133 5107/3503/5133
f 5107/3503/5134 5179/3503/5134 5180/3500/5134 5108/3500/5134
f 5108/3500/5135 5180/3500/5135 5181/3501/5135 5109/3501/5135
f 5109/3501/5136 5181/3501/5136 5182/3498/5136 5110/3498/5136
f 5110/3498/5137 5182/3498/5137 5183/3499/5137 5111/3499/5137
f 5111/3499/5138 5183/3499/5138 5184/3496/5138 5112/3496/5138
f 5112/3496/5139 5184/3496/5139 5185/3497/5139 5113/3497/5139
f 5113/3497/5140 5185/3497/5140 5186/3493/5140 5114/3493/5140
f 5114/3493/5141 5186/3493/5141 5187/3494/5141 5115/3494/5141
f 5115/3494/5142 5187/3494/5142 5152/3495/5142 5116/3495/5142
f 5081/3528/5143 5117/3528/5143 5154/3526/5143 5082/3526/5143
f 5116/3495/5144 5152/3495/5144 5117/3528/5144 5081/3528/5144
f 5118/3526/5145 5082/3526/5145 5083/3527/5145 5119/3527/5145
f 5119/3527/5146 5083/3527/5146 5084/3522/5146 5120/3522/5146
f 5120/3522/5147 5084/3522/5147 5085/3525/5147 5121/3525/5147
f 5121/3525/5148 5085/3525/5148 5086/3523/5148 5122/3523/5148
f 5122/3523/5149 5086/3523/5149 5087/3524/5149 5123/3524/5149
f 5123/3524/5150 5087/3524/5150 5088/3520/5150 5124/3520/5150
f 5124/3520/5151 5088/3520/5151 5089/3521/5151 5125/3521/5151
f 5125/3521/5152 5089/3521/5152 5090/3518/5152 5126/3518/5152
f 5126/3518/5153 5090/3518/5153 5091/3519/5153 5127/3519/5153
f 5127/3519/5154 5091/3519/5154 5092/3516/5154 5128/3516/5154
f 5128/3516/5155 5092/3516/5155 5093/3517/5155 5129/3517/5155
f 5129/3517/5156 5093/3517/5156 5094/3514/5156 5130/3514/5156
f 5130/3514/5157 5094/3514/5157 5095/3515/5157 5131/3515/5157
f 5131/3515/5158 5095/3515/5158 5096/3506/5158 5132/3506/5158
f 5132/3506/5159 5096/3506/5159 5097/3513/5159 5133/3513/5159
f 5133/3513/5160 5097/3513/5160 5098/3511/5160 5134/3511/5160
f 5134/3511/5161 5098/3511/5161 5099/3512/5161 5135/3512/5161
f 5135/3512/5162 5099/3512/5162 5100/3509/5162 5136/3509/5162
f 5136/3509/5163 5100/3509/5163 5101/3510/5163 5137/3510/5163
f 5137/3510/5164 5101/3510/5164 5102/3507/5164 5138/3507/5164
f 5138/3507/5165 5102/3507/5165 5103/3508/5165 5139/3508/5165
f 5139/3508/5166 5103/3508/5166 5104/3504/5166 5140/3504/5166
f 5140/3504/5167 5104/3504/5167 5105/3505/5167 5141/3505/5167
f 5141/3505/5168 5105/3505/5168 5106/3502/5168 5142/3502/5168
f 5142/3502/5169 5106/3502/5169 5107/3503/5169 5143/3503/5169
f 5143/3503/5170 5107/3503/5170 5108/3500/5170 5144/3500/5170
f 5144/3500/5171 5108/3500/5171 5109/3501/5171 5145/3501/5171
f 5145/3501/5172 5109/3501/5172 5110/3498/5172 5146/3498/5172
f 5146/3498/5173 5110/3498/5173 5111/3499/5173 5147/3499/5173
f 5147/3499/5174 5111/3499/5174 5112/3496/5174 5148/3496/5174
f 5148/3496/5175 5112/3496/5175 5113/3497/5175 5149/3497/5175
f 5149/3497/5176 5113/3497/5176 5114/3493/5176 5150/3493/5176
f 5150/3493/5177 5114/3493/5177 5115/3494/5177 5151/3494/5177
f 5151/3494/5178 5115/3494/5178 5116/3495/5178 5188/3495/5178
f 5153/3528/5179 5081/3528/5179 5082/3526/5179 5118/3526/5179
f 5188/3495/5180 5116/3495/5180 5081/3528/5180 5153/3528/5180
f 5154/3526/5181 4973/3526/5181 4974/3527/5181 5155/3527/5181
f 5155/3527/5182 4974/3527/5182 4975/3522/5182 5156/3522/5182
f 5156/3522/5183 4975/3522/5183 4976/3525/5183 5157/3525/5183
f 5157/3525/5184 4976/3525/5184 4977/3523/5184 5158/3523/5184
f 5158/3523/5185 4977/3523/5185 4978/3524/5185 5159/3524/5185
f 5159/3524/5186 4978/3524/5186 4979/3520/5186 5160/3520/5186
f 5160/3520/5187 4979/3520/5187 4980/3521/5187 5161/3521/5187
f 5161/3521/5188 4980/3521/5188 4981/3518/5188 5162/3518/5188
f 5162/3518/5189 4981/3518/5189 4982/3519/5189 5163/3519/5189
f 5163/3519/5190 4982/3519/5190 4983/3516/5190 5164/3516/5190
f 5164/3516/5191 4983/3516/5191 4984/3517/5191 5165/3517/5191
f 5165/3517/5192 4984/3517/5192 4985/3514/5192 5166/3514/5192
f 5166/3514/5193 4985/3514/5193 4986/3515/5193 5167/3515/5193
f 5167/3515/5194 4986/3515/5194 4987/3506/5194 5168/3506/5194
f 5168/3506/5195 4987/3506/5195 4988/3513/5195 5169/3513/5195
f 5169/3513/5196 4988/3513/5196 4989/3511/5196 5170/3511/5196
f 5170/3511/5197 4989/3511/5197 4990/3512/5197 5171/3512/5197
f 5171/3512/5198 4990/3512/5198 4991/3509/5198 5172/3509/5198
f 5172/3509/5199 4991/3509/5199 4992/3510/5199 5173/3510/5199
f 5173/3510/5200 4992/3510/5200 4993/3507/5200 5174/3507/5200
f 5174/3507/5201 4993/3507/5201 4994/3508/5201 5175/3508/5201
f 5175/3508/5202 4994/3508/5202 4995/3504/5202 5176/3504/5202
f 5176/3504/5203 4995/3504/5203 4996/3505/5203 5177/3505/5203
f 5177/3505/5204 4996/3505/5204 4997/3502/5204 5178/3502/5204
f 5178/3502/5205 4997/3502/5205 4998/3503/5205 5179/3503/5205
f 5179/3503/5206 4998/3503/5206 4999/3500/5206 5180/3500/5206
f 5180/3500/5207 4999/3500/5207 5000/3501/5207 5181/3501/5207
f 5181/3501/5208 5000/3501/5208 5001/3498/5208 5182/3498/5208
f 5182/3498/5209 5001/3498/5209 5002/3499/5209 5183/3499/5209
f 5183/3499/5210 5002/3499/5210 5003/3496/5210 5184/3496/5210
f 5184/3496/5211 5003/3496/5211 5004/3497/5211 5185/3497/5211
f 5185/3497/5212 5004/3497/5212 5005/3493/5212 5186/3493/5212
f 5186/3493/5213 5005/3493/5213 5006/3494/5213 5187/3494/5213
f 5187/3494/4991 5006/3494/4991 5080/3495/4991 5152/3495/4991
f 5117/3528/5214 5045/3528/5214 4973/3526/5214 5154/3526/5214
f 5152/3495/5215 5080/3495/5215 5045/3528/5215 5117/3528/5215
f 5256/3496/6 5260/3495/6 5259/3494/6 5258/3493/6
f 5258/3493/6 5257/3497/6 5256/3496/6
f 5252/3500/6 5256/3496/6 5255/3499/6 5254/3498/6
f 5254/3498/6 5253/3501/6 5252/3500/6
f 5248/3504/6 5252/3500/6 5251/3503/6 5250/3502/6
f 5250/3502/6 5249/3505/6 5248/3504/6
f 5240/3506/6 5256/3496/6 5252/3500/6 5248/3504/6
f 5244/3509/6 5248/3504/6 5247/3508/6 5246/3507/6
f 5246/3507/6 5245/3510/6 5244/3509/6
f 5240/3506/6 5244/3509/6 5243/3512/6 5242/3511/6
f 5242/3511/6 5241/3513/6 5240/3506/6
f 5248/3504/6 5244/3509/6 5240/3506/6
f 5236/3516/6 5240/3506/6 5239/3515/6 5238/3514/6
f 5238/3514/6 5237/3517/6 5236/3516/6
f 5232/3520/6 5236/3516/6 5235/3519/6 5234/3518/6
f 5234/3518/6 5233/3521/6 5232/3520/6
f 5256/3496/6 5240/3506/6 5236/3516/6 5232/3520/6
f 5228/3522/6 5260/3495/6 5256/3496/6 5232/3520/6
f 5228/3522/6 5232/3520/6 5231/3524/6 5230/3523/6
f 5230/3523/6 5229/3525/6 5228/3522/6
f 5260/3495/6 5228/3522/6 5227/3527/6 5226/3526/6
f 5260/3495/6 5226/3526/6 5225/3528/6
f 5190/3526/5216 5226/3526/5216 5227/3527/5216 5191/3527/5216
f 5191/3527/4574 5227/3527/4574 5228/3522/4574 5192/3522/4574
f 5192/3522/4787 5228/3522/4787 5229/3525/4787 5193/3525/4787
f 5193/3525/5217 5229/3525/5217 5230/3523/5217 5194/3523/5217
f 5194/3523/5218 5230/3523/5218 5231/3524/5218 5195/3524/5218
f 5195/3524/5219 5231/3524/5219 5232/3520/5219 5196/3520/5219
f 5196/3520/5220 5232/3520/5220 5233/3521/5220 5197/3521/5220
f 5197/3521/5221 5233/3521/5221 5234/3518/5221 5198/3518/5221
f 5198/3518/5222 5234/3518/5222 5235/3519/5222 5199/3519/5222
f 5199/3519/4581 5235/3519/4581 5236/3516/4581 5200/3516/4581
f 5200/3516/5223 5236/3516/5223 5237/3517/5223 5201/3517/5223
f 5201/3517/5224 5237/3517/5224 5238/3514/5224 5202/3514/5224
f 5202/3514/5225 5238/3514/5225 5239/3515/5225 5203/3515/5225
f 5203/3515/5226 5239/3515/5226 5240/3506/5226 5204/3506/5226
f 5204/3506/4586 5240/3506/4586 5241/3513/4586 5205/3513/4586
f 5205/3513/5227 5241/3513/5227 5242/3511/5227 5206/3511/5227
f 5206/3511/4588 5242/3511/4588 5243/3512/4588 5207/3512/4588
f 5207/3512/5228 5243/3512/5228 5244/3509/5228 5208/3509/5228
f 5208/3509/5229 5244/3509/5229 5245/3510/5229 5209/3510/5229
f 5209/3510/5230 5245/3510/5230 5246/3507/5230 5210/3507/5230
f 5210/3507/3743 5246/3507/3743 5247/3508/3743 5211/3508/3743
f 5211/3508/5231 5247/3508/5231 5248/3504/5231 5212/3504/5231
f 5212/3504/5232 5248/3504/5232 5249/3505/5232 5213/3505/5232
f 5213/3505/5233 5249/3505/5233 5250/3502/5233 5214/3502/5233
f 5214/3502/3739 5250/3502/3739 5251/3503/3739 5215/3503/3739
f 5215/3503/3738 5251/3503/3738 5252/3500/3738 5216/3500/3738
f 5216/3500/5234 5252/3500/5234 5253/3501/5234 5217/3501/5234
f 5217/3501/5235 5253/3501/5235 5254/3498/5235 5218/3498/5235
f 5218/3498/5236 5254/3498/5236 5255/3499/5236 5219/3499/5236
f 5219/3499/5237 5255/3499/5237 5256/3496/5237 5220/3496/5237
f 5220/3496/5238 5256/3496/5238 5257/3497/5238 5221/3497/5238
f 5221/3497/5239 5257/3497/5239 5258/3493/5239 5222/3493/5239
f 5222/3493/5240 5258/3493/5240 5259/3494/5240 5223/3494/5240
f 5223/3494/5241 5259/3494/5241 5260/3495/5241 5297/3495/5241
f 5262/3528/5242 5225/3528/5242 5226/3526/5242 5190/3526/5242
f 5297/3495/5243 5260/3495/5243 5225/3528/5243 5262/3528/5243
f 5263/3526/5247 5264/3527/5246 5265/3522/5245 5261/1752/5244
f 5265/3522/5245 5266/3525/5249 5267/3523/5248 5261/1752/5244
f 5267/3523/5248 5268/3524/5251 5269/3520/5250 5261/1752/5244
f 5269/3520/5250 5270/3521/5253 5271/3518/5252 5261/1752/5244
f 5271/3518/5252 5272/3519/5255 5273/3516/5254 5261/1752/5244
f 5273/3516/5254 5274/3517/5257 5275/3514/5256 5261/1752/5244
f 5275/3514/5256 5276/3515/5259 5277/3506/5258 5261/1752/5244
f 5277/3506/5258 5278/3513/5261 5279/3511/5260 5261/1752/5244
f 5279/3511/5260 5280/3512/5263 5281/3509/5262 5261/1752/5244
f 5281/3509/5262 5282/3510/5265 5283/3507/5264 5261/1752/5244
f 5283/3507/5264 5284/3508/5267 5285/3504/5266 5261/1752/5244
f 5285/3504/5266 5286/3505/5269 5287/3502/5268 5261/1752/5244
f 5287/3502/5268 5288/3503/5271 5289/3500/5270 5261/1752/5244
f 5289/3500/5270 5290/3501/5273 5291/3498/5272 5261/1752/5244
f 5291/3498/5272 5292/3499/5275 5293/3496/5274 5261/1752/5244
f 5293/3496/5274 5294/3497/5277 5295/3493/5276 5261/1752/5244
f 5295/3493/5276 5296/3494/5279 5224/3495/5278 5261/1752/5244
f 5224/3495/5278 5189/3528/5280 5263/3526/5247 5261/1752/5244
f 5263/3526/5281 5335/3526/5281 5336/3527/5281 5264/3527/5281
f 5264/3527/5282 5336/3527/5282 5337/3522/5282 5265/3522/5282
f 5265/3522/5283 5337/3522/5283 5338/3525/5283 5266/3525/5283
f 5266/3525/5284 5338/3525/5284 5339/3523/5284 5267/3523/5284
f 5267/3523/5285 5339/3523/5285 5340/3524/5285 5268/3524/5285
f 5268/3524/5286 5340/3524/5286 5341/3520/5286 5269/3520/5286
f 5269/3520/5287 5341/3520/5287 5342/3521/5287 5270/3521/5287
f 5270/3521/5288 5342/3521/5288 5343/3518/5288 5271/3518/5288
f 5271/3518/5289 5343/3518/5289 5344/3519/5289 5272/3519/5289
f 5272/3519/5290 5344/3519/5290 5345/3516/5290 5273/3516/5290
f 5273/3516/5291 5345/3516/5291 5346/3517/5291 5274/3517/5291
f 5274/3517/5292 5346/3517/5292 5347/3514/5292 5275/3514/5292
f 5275/3514/5293 5347/3514/5293 5348/3515/5293 5276/3515/5293
f 5276/3515/5294 5348/3515/5294 5349/3506/5294 5277/3506/5294
f 5277/3506/5295 5349/3506/5295 5350/3513/5295 5278/3513/5295
f 5278/3513/5296 5350/3513/5296 5351/3511/5296 5279/3511/5296
f 5279/3511/5297 5351/3511/5297 5352/3512/5297 5280/3512/5297
f 5280/3512/5298 5352/3512/5298 5353/3509/5298 5281/3509/5298
f 5281/3509/5299 5353/3509/5299 5354/3510/5299 5282/3510/5299
f 5282/3510/5300 5354/3510/5300 5355/3507/5300 5283/3507/5300
f 5283/3507/5301 5355/3507/5301 5356/3508/5301 5284/3508/5301
f 5284/3508/5302 5356/3508/5302 5357/3504/5302 5285/3504/5302
f 5285/3504/5303 5357/3504/5303 5358/3505/5303 5286/3505/5303
f 5286/3505/5304 5358/3505/5304 5359/3502/5304 5287/3502/5304
f 5287/3502/5305 5359/3502/5305 5360/3503/5305 5288/3503/5305
f 5288/3503/5306 5360/3503/5306 5361/3500/5306 5289/3500/5306
f 5289/3500/5307 5361/3500/5307 5362/3501/5307 5290/3501/5307
f 5290/3501/5308 5362/3501/5308 5363/3498/5308 5291/3498/5308
f 5291/3498/4669 5363/3498/4669 5364/3499/4669 5292/3499/4669
f 5292/3499/5309 5364/3499/5309 5365/3496/5309 5293/3496/5309
f 5293/3496/5310 5365/3496/5310 5366/3497/5310 5294/3497/5310
f 5294/3497/5311 5366/3497/5311 5367/3493/5311 5295/3493/5311
f 5295/3493/5312 5367/3493/5312 5368/3494/5312 5296/3494/5312
f 5296/3494/5313 5368/3494/5313 5405/3495/5313 5224/3495/5313
f 5189/3528/5314 5370/3528/5314 5335/3526/5314 5263/3526/5314
f 5224/3495/5315 5405/3495/5315 5370/3528/5315 5189/3528/5315
f 5299/3526/5316 5371/3526/5316 5372/3527/5316 5300/3527/5316
f 5300/3527/5317 5372/3527/5317 5373/3522/5317 5301/3522/5317
f 5301/3522/5318 5373/3522/5318 5374/3525/5318 5302/3525/5318
f 5302/3525/5319 5374/3525/5319 5375/3523/5319 5303/3523/5319
f 5303/3523/5320 5375/3523/5320 5376/3524/5320 5304/3524/5320
f 5304/3524/5321 5376/3524/5321 5377/3520/5321 5305/3520/5321
f 5305/3520/5322 5377/3520/5322 5378/3521/5322 5306/3521/5322
f 5306/3521/5323 5378/3521/5323 5379/3518/5323 5307/3518/5323
f 5307/3518/5324 5379/3518/5324 5380/3519/5324 5308/3519/5324
f 5308/3519/5325 5380/3519/5325 5381/3516/5325 5309/3516/5325
f 5309/3516/5326 5381/3516/5326 5382/3517/5326 5310/3517/5326
f 5310/3517/5327 5382/3517/5327 5383/3514/5327 5311/3514/5327
f 5311/3514/5328 5383/3514/5328 5384/3515/5328 5312/3515/5328
f 5312/3515/5329 5384/3515/5329 5385/3506/5329 5313/3506/5329
f 5313/3506/5330 5385/3506/5330 5386/3513/5330 5314/3513/5330
f 5314/3513/5331 5386/3513/5331 5387/3511/5331 5315/3511/5331
f 5315/3511/5332 5387/3511/5332 5388/3512/5332 5316/3512/5332
f 5316/3512/5333 5388/3512/5333 5389/3509/5333 5317/3509/5333
f 5317/3509/5334 5389/3509/5334 5390/3510/5334 5318/3510/5334
f 5318/3510/5335 5390/3510/5335 5391/3507/5335 5319/3507/5335
f 5319/3507/5336 5391/3507/5336 5392/3508/5336 5320/3508/5336
f 5320/3508/5337 5392/3508/5337 5393/3504/5337 5321/3504/5337
f 5321/3504/5338 5393/3504/5338 5394/3505/5338 5322/3505/5338
f 5322/3505/5339 5394/3505/5339 5395/3502/5339 5323/3502/5339
f 5323/3502/5340 5395/3502/5340 5396/3503/5340 5324/3503/5340
f 5324/3503/5341 5396/3503/5341 5397/3500/5341 5325/3500/5341
f 5325/3500/5342 5397/3500/5342 5398/3501/5342 5326/3501/5342
f 5326/3501/5343 5398/3501/5343 5399/3498/5343 5327/3498/5343
f 5327/3498/5344 5399/3498/5344 5400/3499/5344 5328/3499/5344
f 5328/3499/5345 5400/3499/5345 5401/3496/5345 5329/3496/5345
f 5329/3496/5346 5401/3496/5346 5402/3497/5346 5330/3497/5346
f 5330/3497/5347 5402/3497/5347 5403/3493/5347 5331/3493/5347
f 5331/3493/5348 5403/3493/5348 5404/3494/5348 5332/3494/5348
f 5332/3494/5349 5404/3494/5349 5369/3495/5349 5333/3495/5349
f 5298/3528/5350 5334/3528/5350 5371/3526/5350 5299/3526/5350
f 5333/3495/5351 5369/3495/5351 5334/3528/5351 5298/3528/5351
f 5335/3526/5352 5299/3526/5352 5300/3527/5352 5336/3527/5352
f 5336/3527/5353 5300/3527/5353 5301/3522/5353 5337/3522/5353
f 5337/3522/5354 5301/3522/5354 5302/3525/5354 5338/3525/5354
f 5338/3525/5355 5302/3525/5355 5303/3523/5355 5339/3523/5355
f 5339/3523/5356 5303/3523/5356 5304/3524/5356 5340/3524/5356
f 5340/3524/5357 5304/3524/5357 5305/3520/5357 5341/3520/5357
f 5341/3520/4719 5305/3520/4719 5306/3521/4719 5342/3521/4719
f 5342/3521/5358 5306/3521/5358 5307/3518/5358 5343/3518/5358
f 5343/3518/5359 5307/3518/5359 5308/3519/5359 5344/3519/5359
f 5344/3519/5360 5308/3519/5360 5309/3516/5360 5345/3516/5360
f 5345/3516/5361 5309/3516/5361 5310/3517/5361 5346/3517/5361
f 5346/3517/5362 5310/3517/5362 5311/3514/5362 5347/3514/5362
f 5347/3514/5363 5311/3514/5363 5312/3515/5363 5348/3515/5363
f 5348/3515/5364 5312/3515/5364 5313/3506/5364 5349/3506/5364
f 5349/3506/5365 5313/3506/5365 5314/3513/5365 5350/3513/5365
f 5350/3513/5366 5314/3513/5366 5315/3511/5366 5351/3511/5366
f 5351/3511/5367 5315/3511/5367 5316/3512/5367 5352/3512/5367
f 5352/3512/5368 5316/3512/5368 5317/3509/5368 5353/3509/5368
f 5353/3509/5369 5317/3509/5369 5318/3510/5369 5354/3510/5369
f 5354/3510/5370 5318/3510/5370 5319/3507/5370 5355/3507/5370
f 5355/3507/5371 5319/3507/5371 5320/3508/5371 5356/3508/5371
f 5356/3508/5372 5320/3508/5372 5321/3504/5372 5357/3504/5372
f 5357/3504/5373 5321/3504/5373 5322/3505/5373 5358/3505/5373
f 5358/3505/5374 5322/3505/5374 5323/3502/5374 5359/3502/5374
f 5359/3502/4737 5323/3502/4737 5324/3503/4737 5360/3503/4737
f 5360/3503/4738 5324/3503/4738 5325/3500/4738 5361/3500/4738
f 5361/3500/5375 5325/3500/5375 5326/3501/5375 5362/3501/5375
f 5362/3501/5376 5326/3501/5376 5327/3498/5376 5363/3498/5376
f 5363/3498/5377 5327/3498/5377 5328/3499/5377 5364/3499/5377
f 5364/3499/5378 5328/3499/5378 5329/3496/5378 5365/3496/5378
f 5365/3496/5379 5329/3496/5379 5330/3497/5379 5366/3497/5379
f 5366/3497/5380 5330/3497/5380 5331/3493/5380 5367/3493/5380
f 5367/3493/5381 5331/3493/5381 5332/3494/5381 5368/3494/5381
f 5368/3494/5382 5332/3494/5382 5333/3495/5382 5405/3495/5382
f 5370/3528/5383 5298/3528/5383 5299/3526/5383 5335/3526/5383
f 5405/3495/5384 5333/3495/5384 5298/3528/5384 5370/3528/5384
f 5371/3526/5385 5190/3526/5385 5191/3527/5385 5372/3527/5385
f 5372/3527/5386 5191/3527/5386 5192/3522/5386 5373/3522/5386
f 5373/3522/5387 5192/3522/5387 5193/3525/5387 5374/3525/5387
f 5374/3525/5388 5193/3525/5388 5194/3523/5388 5375/3523/5388
f 5375/3523/5389 5194/3523/5389 5195/3524/5389 5376/3524/5389
f 5376/3524/5390 5195/3524/5390 5196/3520/5390 5377/3520/5390
f 5377/3520/5391 5196/3520/5391 5197/3521/5391 5378/3521/5391
f 5378/3521/5392 5197/3521/5392 5198/3518/5392 5379/3518/5392
f 5379/3518/5393 5198/3518/5393 5199/3519/5393 5380/3519/5393
f 5380/3519/5394 5199/3519/5394 5200/3516/5394 5381/3516/5394
f 5381/3516/5395 5200/3516/5395 5201/3517/5395 5382/3517/5395
f 5382/3517/5396 5201/3517/5396 5202/3514/5396 5383/3514/5396
f 5383/3514/5397 5202/3514/5397 5203/3515/5397 5384/3515/5397
f 5384/3515/5398 5203/3515/5398 5204/3506/5398 5385/3506/5398
f 5385/3506/4763 5204/3506/4763 5205/3513/4763 5386/3513/4763
f 5386/3513/5399 5205/3513/5399 5206/3511/5399 5387/3511/5399
f 5387/3511/5400 5206/3511/5400 5207/3512/5400 5388/3512/5400
f 5388/3512/5401 5207/3512/5401 5208/3509/5401 5389/3509/5401
f 5389/3509/5402 5208/3509/5402 5209/3510/5402 5390/3510/5402
f 5390/3510/5403 5209/3510/5403 5210/3507/5403 5391/3507/5403
f 5391/3507/5404 5210/3507/5404 5211/3508/5404 5392/3508/5404
f 5392/3508/5405 5211/3508/5405 5212/3504/5405 5393/3504/5405
f 5393/3504/5406 5212/3504/5406 5213/3505/5406 5394/3505/5406
f 5394/3505/5407 5213/3505/5407 5214/3502/5407 5395/3502/5407
f 5395/3502/5408 5214/3502/5408 5215/3503/5408 5396/3503/5408
f 5396/3503/5409 5215/3503/5409 5216/3500/5409 5397/3500/5409
f 5397/3500/5410 5216/3500/5410 5217/3501/5410 5398/3501/5410
f 5398/3501/5411 5217/3501/5411 5218/3498/5411 5399/3498/5411
f 5399/3498/5412 5218/3498/5412 5219/3499/5412 5400/3499/5412
f 5400/3499/5413 5219/3499/5413 5220/3496/5413 5401/3496/5413
f 5401/3496/5414 5220/3496/5414 5221/3497/5414 5402/3497/5414
f 5402/3497/5415 5221/3497/5415 5222/3493/5415 5403/3493/5415
f 5403/3493/5416 5222/3493/5416 5223/3494/5416 5404/3494/5416
f 5404/3494/5417 5223/3494/5417 5297/3495/5417 5369/3495/5417
f 5334/3528/5418 5262/3528/5418 5190/3526/5418 5371/3526/5418
f 5369/3495/5419 5297/3495/5419 5262/3528/5419 5334/3528/5419

v 21.919485 -24.657473 18.021702
v 21.919492 -24.940726 17.996909
v -22.268492 -24.657485 18.021705
v -22.268477 -24.374231 17.996935
v -22.268492 -24.099587 17.923333
v -22.268492 -23.841895 17.803170
v -22.268492 -23.608984 17.640084
v -22.268492 -23.407931 17.439031
v -22.268492 -23.244845 17.206120
v -22.268493 -23.124681 16.948428
v -22.268493 -23.051091 16.673784
v -22.268477 -23.026298 16.390532
v -22.268500 -23.051102 16.107284
v -22.268477 -23.124671 15.832635
v -22.268500 -23.244856 15.574953
v -22.268477 -23.407923 15.342029
v -22.268500 -23.608992 15.140992
v -22.268493 -23.841895 14.977899
v -22.268477 -24.099585 14.857724
v -22.268500 -24.374234 14.784155
v -22.268493 -24.657480 14.759363
v -22.268493 -24.940730 14.784144
v -22.268493 -25.215373 14.857735
v -22.268492 -25.473065 14.977898
v -22.268492 -25.705976 15.140984
v -22.268492 -25.907029 15.342037
v -22.268492 -26.070115 15.574948
v -22.268492 -26.190279 15.832640
v -22.268492 -26.263870 16.107284
v -22.268492 -26.288651 16.390533
v -22.268492 -26.263870 16.673783
v -22.268492 -26.190280 16.948427
v -22.268492 -26.070116 17.206119
v -22.268492 -25.907030 17.439030
v -22.268492 -25.705978 17.640083
v -22.268500 -25.473063 17.803158
v -22.268492 -25.215379 17.923332
v -22.268492 -24.940736 17.996923
v 21.919504 -24.374225 17.996898
v 21.919492 -24.099582 17.923319
v 21.919492 -23.841890 17.803156
v 21.919492 -23.608978 17.640069
v 21.919492 -23.407926 17.439017
v 21.919492 -23.244840 17.206106
v 21.919503 -23.124687 16.948412
v 21.919484 -23.051075 16.673774
v 21.919492 -23.026304 16.390520
v 21.919503 -23.051096 16.107274
v 21.919484 -23.124664 15.832625
v 21.919492 -23.244839 15.574935
v 21.919492 -23.407925 15.342024
v 21.919503 -23.608984 15.140981
v 21.919484 -23.841882 14.977876
v 21.919492 -24.099581 14.857721
v 21.919492 -24.374225 14.784130
v 21.919492 -24.657474 14.759349
v 21.919492 -24.940724 14.784130
v 21.919492 -25.215368 14.857721
v 21.919492 -25.473060 14.977884
v 21.919492 -25.705971 15.140970
v 21.919492 -25.907024 15.342023
v 21.919492 -26.070110 15.574934
v 21.919485 -26.190285 15.832624
v 21.919504 -26.263854 16.107274
v 21.919492 -26.288646 16.390519
v 21.919492 -26.263865 16.673769
v 21.919492 -26.190274 16.948413
v 21.919492 -26.070111 17.206105
v 21.919492 -25.907025 17.439016
v 21.919485 -25.705978 17.640079
v 21.919492 -25.473058 17.803157
v 21.919504 -25.215364 17.923309
v 21.919491 -24.657475 7.069264
v 21.919491 -24.940726 7.044483
v -22.268494 -24.657480 7.069279
v -22.268494 -24.374230 7.044498
v -22.268494 -24.099587 6.970907
v -22.268494 -23.841895 6.850744
v -22.268494 -23.608984 6.687657
v -22.268494 -23.407931 6.486604
v -22.268479 -23.244834 6.253697
v -22.268494 -23.124680 5.995997
v -22.268502 -23.051101 5.721353
v -22.268479 -23.026298 5.438106
v -22.268494 -23.051091 5.154854
v -22.268495 -23.124682 4.880212
v -22.268502 -23.244856 4.622527
v -22.268479 -23.407923 4.389603
v -22.268502 -23.608992 4.188566
v -22.268495 -23.841894 4.025472
v -22.268479 -24.099585 3.905298
v -22.268502 -24.374234 3.831730
v -22.268494 -24.657480 3.806937
v -22.268494 -24.940729 3.831718
v -22.268494 -25.215373 3.905309
v -22.268494 -25.473065 4.025472
v -22.268494 -25.705976 4.188558
v -22.268494 -25.907029 4.389612
v -22.268494 -26.070115 4.622522
v -22.268494 -26.190279 4.880214
v -22.268494 -26.263870 5.154857
v -22.268494 -26.288651 5.438107
v -22.268501 -26.263859 5.721352
v -22.268479 -26.190291 5.996002
v -22.268501 -26.070107 6.253685
v -22.268494 -25.907033 6.486600
v -22.268479 -25.705987 6.687664
v -22.268494 -25.473067 6.850743
v -22.268494 -25.215375 6.970907
v -22.268494 -24.940731 7.044498
v 21.919491 -24.374225 7.044484
v 21.919490 -24.099582 6.970893
v 21.919490 -23.841889 6.850729
v 21.919490 -23.608979 6.687644
v 21.919490 -23.407926 6.486590
v 21.919490 -23.244839 6.253680
v 21.919490 -23.124676 5.995987
v 21.919490 -23.051085 5.721344
v 21.919490 -23.026304 5.438094
v 21.919501 -23.051096 5.154848
v 21.919482 -23.124664 4.880199
v 21.919490 -23.244839 4.622509
v 21.919501 -23.407933 4.389607
v 21.919490 -23.608975 4.188547
v 21.919482 -23.841882 4.025450
v 21.919490 -24.099581 3.905295
v 21.919490 -24.374225 3.831705
v 21.919490 -24.657475 3.806922
v 21.919490 -24.940724 3.831704
v 21.919490 -25.215368 3.905294
v 21.919490 -25.473060 4.025457
v 21.919490 -25.705971 4.188544
v 21.919490 -25.907024 4.389597
v 21.919490 -26.070110 4.622508
v 21.919490 -26.190274 4.880200
v 21.919483 -26.263876 5.154843
v 21.919502 -26.288635 5.438095
v 21.919491 -26.263865 5.721343
v 21.919491 -26.190274 5.995986
v 21.919491 -26.070111 6.253679
v 21.919483 -25.907032 6.486598
v 21.919491 -25.705969 6.687646
v 21.919491 -25.473058 6.850731
v 21.919502 -25.215364 6.970882
v 21.919487 -24.657475 -13.157351
v 21.919487 -24.940727 -13.182132
v -22.268497 -24.657480 -13.157335
v -22.268497 -24.374231 -13.182116
v -22.268497 -24.099587 -13.255708
v -22.268497 -23.841895 -13.375871
v -22.268497 -23.608984 -13.538956
v -22.268497 -23.407931 -13.740009
v -22.268498 -23.244845 -13.972921
v -22.268482 -23.124670 -14.230610
v -22.268505 -23.051101 -14.505260
v -22.268482 -23.026298 -14.788510
v -22.268498 -23.051091 -15.071762
v -22.268505 -23.124692 -15.346399
v -22.268498 -23.244845 -15.604092
v -22.268483 -23.407923 -15.837013
v -22.268505 -23.608992 -16.038048
v -22.268498 -23.841894 -16.201142
v -22.268483 -24.099585 -16.321318
v -22.268505 -24.374234 -16.394886
v -22.268498 -24.657480 -16.419678
v -22.268498 -24.940729 -16.394897
v -22.268498 -25.215373 -16.321304
v -22.268498 -25.473065 -16.201142
v -22.268497 -25.705976 -16.038057
v -22.268497 -25.907030 -15.837004
v -22.268497 -26.070115 -15.604094
v -22.268497 -26.190279 -15.346401
v -22.268497 -26.263870 -15.071757
v -22.268497 -26.288651 -14.788508
v -22.268505 -26.263859 -14.505262
v -22.268482 -26.190291 -14.230612
v -22.268497 -26.070116 -13.972921
v -22.268497 -25.907030 -13.740011
v -22.268497 -25.705977 -13.538956
v -22.268497 -25.473067 -13.375871
v -22.268497 -25.215375 -13.255708
v -22.268497 -24.940731 -13.182116
v 21.919487 -24.374225 -13.182132
v 21.919487 -24.099582 -13.255722
v 21.919487 -23.841890 -13.375885
v 21.919487 -23.608978 -13.538970
v 21.919487 -23.407926 -13.740023
v 21.919487 -23.244839 -13.972935
v 21.919487 -23.124676 -14.230626
v 21.919487 -23.051085 -14.505272
v 21.919487 -23.026304 -14.788521
v 21.919498 -23.051096 -15.071767
v 21.919479 -23.124664 -15.346417
v 21.919487 -23.244839 -15.604106
v 21.919498 -23.407933 -15.837009
v 21.919487 -23.608975 -16.038066
v 21.919479 -23.841882 -16.201165
v 21.919487 -24.099581 -16.321318
v 21.919487 -24.374225 -16.394911
v 21.919487 -24.657474 -16.419692
v 21.919487 -24.940724 -16.394911
v 21.919487 -25.215368 -16.321318
v 21.919487 -25.473060 -16.201156
v 21.919487 -25.705971 -16.038071
v 21.919487 -25.907024 -15.837016
v 21.919487 -26.070110 -15.604108
v 21.919487 -26.190274 -15.346415
v 21.919480 -26.263876 -15.071771
v 21.919499 -26.288635 -14.788519
v 21.919487 -26.263865 -14.505272
v 21.919487 -26.190274 -14.230628
v 21.919487 -26.070111 -13.972935
v 21.919480 -25.907033 -13.740016
v 21.919487 -25.705969 -13.538970
v 21.919487 -25.473057 -13.375885
v 21.919499 -25.215363 -13.255731
v 21.919489 -24.657475 -3.024191
v 21.919489 -24.940727 -3.048972
v -22.268496 -24.657480 -3.024175
v -22.268496 -24.374231 -3.048956
v -22.268496 -24.099587 -3.122549
v -22.268496 -23.841895 -3.242711
v -22.268496 -23.608984 -3.405796
v -22.268496 -23.407931 -3.606849
v -22.268496 -23.244845 -3.839761
v -22.268481 -23.124670 -4.097450
v -22.268504 -23.051101 -4.372100
v -22.268481 -23.026298 -4.655350
v -22.268496 -23.051091 -4.938602
v -22.268504 -23.124692 -5.213239
v -22.268496 -23.244845 -5.470932
v -22.268481 -23.407923 -5.703853
v -22.268504 -23.608992 -5.904888
v -22.268496 -23.841894 -6.067982
v -22.268481 -24.099585 -6.188158
v -22.268504 -24.374234 -6.261726
v -22.268496 -24.657480 -6.286518
v -22.268496 -24.940729 -6.261737
v -22.268496 -25.215373 -6.188144
v -22.268496 -25.473065 -6.067982
v -22.268496 -25.705976 -5.904897
v -22.268496 -25.907030 -5.703844
v -22.268496 -26.070115 -5.470934
v -22.268496 -26.190279 -5.213241
v -22.268496 -26.263870 -4.938597
v -22.268496 -26.288651 -4.655348
v -22.268503 -26.263859 -4.372102
v -22.268480 -26.190291 -4.097452
v -22.268495 -26.070116 -3.839761
v -22.268495 -25.907030 -3.606851
v -22.268495 -25.705977 -3.405796
v -22.268495 -25.473067 -3.242711
v -22.268495 -25.215375 -3.122549
v -22.268495 -24.940731 -3.048956
v 21.919489 -24.374225 -3.048972
v 21.919489 -24.099582 -3.122562
v 21.919489 -23.841890 -3.242725
v 21.919489 -23.608978 -3.405810
v 21.919489 -23.407926 -3.606863
v 21.919489 -23.244839 -3.839775
v 21.919489 -23.124676 -4.097466
v 21.919488 -23.051085 -4.372112
v 21.919488 -23.026304 -4.655361
v 21.919500 -23.051096 -4.938607
v 21.919481 -23.124664 -5.213257
v 21.919488 -23.244839 -5.470946
v 21.919500 -23.407933 -5.703849
v 21.919488 -23.608975 -5.904906
v 21.919481 -23.841882 -6.068005
v 21.919488 -24.099581 -6.188158
v 21.919488 -24.374225 -6.261751
v 21.919488 -24.657474 -6.286532
v 21.919488 -24.940724 -6.261751
v 21.919489 -25.215368 -6.188158
v 21.919489 -25.473060 -6.067996
v 21.919489 -25.705971 -5.904911
v 21.919489 -25.907024 -5.703856
v 21.919489 -26.070110 -5.470948
v 21.919489 -26.190274 -5.213255
v 21.919481 -26.263876 -4.938611
v 21.919500 -26.288635 -4.655359
v 21.919489 -26.263865 -4.372112
v 21.919489 -26.190274 -4.097468
v 21.919489 -26.070111 -3.839775
v 21.919481 -25.907033 -3.606856
v 21.919489 -25.705969 -3.405810
v 21.919489 -25.473057 -3.242725
v 21.919500 -25.215363 -3.122571
# 288 vertices

vn 0.000000 0.087176 0.996193
vn 0.000001 0.258818 0.965926
vn 0.000000 0.422618 0.906308
vn 0.000000 0.573576 0.819152
vn 0.000000 0.707107 0.707107
vn 0.000000 0.819151 0.573578
vn 0.000000 0.906317 0.422598
vn -0.000000 0.965915 0.258859
vn -0.000000 0.996195 0.087155
vn -0.000000 0.996190 -0.087214
vn -0.000000 0.965946 -0.258744
vn -0.000000 0.906283 -0.422671
vn -0.000000 0.819176 -0.573542
vn -0.000000 0.707064 -0.707150
vn -0.000000 0.573626 -0.819117
vn -0.000000 0.422616 -0.906309
vn -0.000000 0.258781 -0.965936
vn -0.000000 0.087177 -0.996193
vn -0.000000 -0.087156 -0.996195
vn -0.000000 -0.258818 -0.965926
vn -0.000000 -0.422618 -0.906308
vn -0.000000 -0.573576 -0.819152
vn -0.000000 -0.707105 -0.707108
vn -0.000000 -0.819152 -0.573576
vn -0.000000 -0.906301 -0.422633
vn 0.000000 -0.965936 -0.258781
vn 0.000000 -0.996193 -0.087177
vn 0.000000 -0.996195 0.087156
vn 0.000000 -0.965926 0.258818
vn 0.000000 -0.906308 0.422618
vn 0.000000 -0.819152 0.573576
vn 0.000000 -0.707124 0.707090
vn 0.000000 -0.573542 0.819176
vn 0.000000 -0.422619 0.906307
vn 0.000000 -0.258840 0.965920
vn 0.000000 -0.087175 0.996193
vn 0.000000 0.087155 0.996195
vn 0.000000 0.258818 0.965926
vn 0.000000 0.422618 0.906308
vn 0.000000 0.573576 0.819152
vn 0.000000 0.707107 0.707107
vn 0.000000 0.819141 0.573592
vn 0.000000 0.906317 0.422599
vn -0.000000 0.965931 0.258800
vn -0.000000 0.996191 0.087193
vn 0.000000 0.996191 -0.087196
vn -0.000000 0.965936 -0.258782
vn -0.000001 0.906292 -0.422653
vn -0.000000 0.819165 -0.573559
vn -0.000000 0.707093 -0.707120
vn -0.000001 0.573610 -0.819128
vn -0.000000 0.422616 -0.906309
vn -0.000000 0.258780 -0.965936
vn -0.000000 0.087177 -0.996193
vn -0.000000 -0.087156 -0.996195
vn -0.000000 -0.258819 -0.965926
vn -0.000000 -0.422616 -0.906309
vn -0.000000 -0.573576 -0.819152
vn -0.000000 -0.707107 -0.707107
vn -0.000000 -0.819151 -0.573578
vn -0.000000 -0.906309 -0.422616
vn -0.000000 -0.965920 -0.258840
vn 0.000000 -0.996198 -0.087116
vn 0.000000 -0.996195 0.087157
vn 0.000000 -0.965937 0.258778
vn 0.000000 -0.906292 0.422653
vn 0.000000 -0.819176 0.573542
vn 0.000000 -0.707107 0.707106
vn 0.000000 -0.573560 0.819164
vn 0.000000 -0.422600 0.906316
vn 0.000000 -0.258838 0.965921
vn 0.000000 -0.087155 0.996195
vn 0.000000 0.087156 0.996195
vn 0.000000 0.258823 0.965925
vn 0.000000 0.422615 0.906309
vn 0.000000 0.573574 0.819154
vn 0.000000 0.707106 0.707108
vn 0.000000 0.819153 0.573574
vn 0.000000 0.906300 0.422635
vn -0.000000 0.965936 0.258780
vn -0.000000 0.996192 0.087193
vn 0.000000 0.996191 -0.087196
vn -0.000000 0.965931 -0.258800
vn -0.000001 0.906308 -0.422617
vn -0.000000 0.819153 -0.573574
vn -0.000000 0.707091 -0.707123
vn -0.000001 0.573610 -0.819129
vn -0.000000 0.422617 -0.906308
vn -0.000000 0.258784 -0.965935
vn -0.000000 0.087177 -0.996193
vn -0.000000 -0.087156 -0.996195
vn -0.000000 -0.258827 -0.965924
vn -0.000000 -0.422613 -0.906310
vn -0.000000 -0.573574 -0.819154
vn -0.000000 -0.707108 -0.707105
vn -0.000000 -0.819149 -0.573581
vn -0.000000 -0.906310 -0.422614
vn -0.000000 -0.965920 -0.258840
vn 0.000000 -0.996198 -0.087116
vn 0.000000 -0.996195 0.087157
vn 0.000000 -0.965937 0.258777
vn 0.000000 -0.906300 0.422635
vn 0.000000 -0.819162 0.573561
vn 0.000000 -0.707093 0.707120
vn 0.000000 -0.573574 0.819154
vn 0.000000 -0.422602 0.906316
vn 0.000000 -0.258840 0.965920
vn 0.000000 -0.087155 0.996195
vn 0.000000 0.087156 0.996195
vn 0.000000 0.258822 0.965925
vn 0.000000 0.422615 0.906309
vn 0.000000 0.573574 0.819154
vn 0.000000 0.707106 0.707108
vn 0.000000 0.819153 0.573574
vn 0.000000 0.906300 0.422635
vn -0.000000 0.996192 0.087193
vn 0.000000 0.996191 -0.087196
vn -0.000000 0.965931 -0.258799
vn -0.000001 0.906308 -0.422617
vn -0.000000 0.819153 -0.573575
vn -0.000000 0.707091 -0.707123
vn -0.000001 0.573611 -0.819128
vn -0.000000 0.422616 -0.906309
vn -0.000000 0.258784 -0.965935
vn -0.000000 0.087176 -0.996193
vn -0.000000 -0.087156 -0.996195
vn -0.000000 -0.258826 -0.965924
vn -0.000000 -0.422614 -0.906310
vn -0.000000 -0.573574 -0.819154
vn -0.000000 -0.707108 -0.707106
vn -0.000000 -0.819150 -0.573580
vn -0.000000 -0.906310 -0.422614
vn 0.000000 -0.996198 -0.087116
vn 0.000000 -0.996195 0.087157
vn 0.000000 -0.965937 0.258778
vn 0.000000 -0.906300 0.422635
vn 0.000000 -0.819162 0.573562
vn 0.000000 -0.707093 0.707120
vn 0.000000 -0.573574 0.819154
vn 0.000000 -0.422601 0.906316
vn 0.000000 -0.258840 0.965920
vn 0.000000 -0.087155 0.996195
vn -1.000000 0.000053 0.000303
vn -1.000000 0.000037 0.000095
vn -1.000000 0.000070 0.000004
vn -1.000000 0.000602 -0.000143
vn -1.000000 0.000371 0.000013
vn -1.000000 0.000373 -0.000135
vn -1.000000 0.000832 -0.000299
vn -1.000000 0.000098 -0.000073
vn -1.000000 0.000308 -0.000259
vn -1.000000 0.000030 0.000037
vn -1.000000 -0.000112 0.000113
vn -1.000000 0.000009 -0.000017
vn -1.000000 -0.000016 0.000160
vn -1.000000 -0.000033 0.000320
vn -1.000000 -0.000006 0.000082
vn -1.000000 0.000002 0.000001
vn -1.000000 0.000039 -0.000067
vn -1.000000 0.000077 -0.000133
vn -1.000000 0.000107 0.000606
vn 1.000000 -0.000012 -0.000025
vn 1.000000 0.000069 -0.000189
vn 1.000000 0.000024 0.000175
vn 1.000000 0.000032 0.000116
vn 1.000000 -0.000049 0.000059
vn 1.000000 -0.000099 0.000118
vn 1.000000 -0.000019 0.000022
vn 1.000000 0.000314 0.000045
vn 1.000000 0.000019 -0.000003
vn 1.000000 0.000174 0.000037
vn 1.000000 0.000609 0.000094
vn 1.000000 0.000038 0.000030
vn 1.000000 0.000076 0.000059
vn 1.000000 0.000013 0.000011
vn 1.000000 0.000058 0.000024
vn 1.000000 0.000003 0.000005
vn 1.000000 -0.000198 0.000242
vn 1.000000 0.000011 0.000020
vn 1.000000 -0.000084 0.000102
vn 1.000000 -0.000406 0.000463
vn 1.000000 -0.000335 0.000063
vn 1.000000 -0.000023 0.000029
vn 1.000000 -0.000115 0.000035
vn 1.000000 -0.000648 0.000097
vn 1.000000 0.000201 0.000075
vn 1.000000 0.000212 0.000017
vn 1.000000 0.000190 0.000133
vn 1.000000 0.000058 0.000116
vn 1.000000 0.000019 0.000023
vn 1.000000 0.000098 0.000210
vn 1.000000 -0.000020 0.000538
vn -1.000000 -0.000010 -0.000019
vn -1.000000 0.000014 -0.000036
vn -1.000000 -0.000093 -0.000036
vn -1.000000 -0.000027 -0.000058
vn -1.000000 0.000042 -0.000017
vn -1.000000 -0.000158 -0.000015
vn -1.000000 0.000286 -0.000027
vn -1.000000 0.000423 -0.000013
vn -1.000000 0.000215 -0.000078
vn -1.000000 0.000149 -0.000040
vn -1.000000 0.000098 -0.000073
vn -1.000000 0.000308 -0.000259
vn -1.000000 0.000031 0.000042
vn -1.000000 -0.000112 0.000113
vn -1.000000 -0.000019 -0.000014
vn -1.000000 -0.000017 0.000172
vn -1.000000 -0.000033 0.000345
vn -1.000000 -0.000005 0.000089
vn -1.000000 0.000007 0.000001
vn -1.000000 -0.000086 -0.000010
vn -1.000000 -0.000019 -0.000007
vn -1.000000 -0.000127 0.000029
vn -1.000000 -0.000154 -0.000013
vn -1.000000 -0.000117 0.000035
vn -1.000000 -0.000378 0.000138
vn -1.000000 0.000144 -0.000068
vn -1.000000 0.000036 -0.000089
vn -1.000000 0.000072 -0.000179
vn 1.000000 0.000031 -0.000085
vn 1.000000 0.000079 -0.000217
vn 1.000000 0.000040 -0.000109
vn 1.000000 0.000016 -0.000043
vn 1.000000 0.000077 -0.000052
vn 1.000000 0.000015 -0.000038
vn 1.000000 0.000020 -0.000015
vn 1.000000 0.000140 -0.000065
vn 1.000000 -0.000290 -0.000042
vn 1.000000 -0.000054 0.000030
vn 1.000000 -0.000145 -0.000021
vn 1.000000 -0.000527 -0.000113
vn 1.000000 -0.000001 -0.000001
vn 1.000000 0.000001 0.000000
vn 1.000000 0.000001 0.000002
vn 1.000000 0.000017 -0.000034
vn 1.000000 0.000009 0.000013
vn 1.000000 0.000030 -0.000018
vn 1.000000 0.000024 -0.000081
vn 1.000000 -0.000251 0.000035
vn 1.000000 0.000107 -0.000023
vn 1.000000 -0.000122 0.000019
vn 1.000000 -0.000609 0.000094
vn -1.000000 0.000005 0.000007
vn -1.000000 0.000000 0.000001
vn -1.000000 0.000367 0.000144
vn -1.000000 0.000015 0.000013
vn -1.000000 0.000225 0.000055
vn -1.000000 0.000718 0.000276
vn -1.000000 0.000057 0.000046
vn -1.000000 0.000403 -0.000013
vn -1.000000 0.000087 -0.000025
vn -1.000000 -0.000289 0.000105
vn -1.000000 0.000066 -0.000037
vn -1.000000 0.000244 -0.000187
vn -1.000000 0.000020 0.000054
vn -1.000000 -0.000112 0.000113
vn -1.000000 -0.000050 0.000022
vn -1.000000 -0.000017 0.000172
vn -1.000000 -0.000033 0.000345
vn -1.000000 -0.000006 0.000088
vn -1.000000 0.000002 -0.000001
vn -1.000000 -0.000086 -0.000010
vn -1.000000 -0.000019 -0.000007
vn -1.000000 -0.000132 0.000032
vn -1.000000 -0.000187 0.000075
vn -1.000000 -0.000374 0.000151
vn 1.000000 0.000031 -0.000085
vn 1.000000 0.000079 -0.000217
vn 1.000000 0.000040 -0.000109
vn 1.000000 0.000016 -0.000043
vn 1.000000 0.000077 -0.000052
vn 1.000000 0.000015 -0.000038
vn 1.000000 0.000020 -0.000015
vn 1.000000 0.000140 -0.000065
vn 1.000000 -0.000290 -0.000042
vn 1.000000 -0.000054 0.000030
vn 1.000000 -0.000145 -0.000021
vn 1.000000 -0.000527 -0.000113
vn 1.000000 -0.000001 -0.000001
vn 1.000000 0.000001 0.000000
vn 1.000000 0.000001 0.000002
vn 1.000000 0.000017 -0.000034
vn 1.000000 0.000009 0.000013
vn 1.000000 0.000030 -0.000018
vn 1.000000 0.000024 -0.000081
vn 1.000000 -0.000251 0.000035
vn 1.000000 0.000107 -0.000023
vn 1.000000 -0.000122 0.000019
vn 1.000000 -0.000609 0.000094
vn -1.000000 0.000005 0.000007
vn -1.000000 0.000000 0.000001
vn -1.000000 0.000367 0.000144
vn -1.000000 0.000015 0.000013
vn -1.000000 0.000225 0.000055
vn -1.000000 0.000718 0.000276
vn -1.000000 0.000057 0.000046
vn -1.000000 0.000403 -0.000013
vn -1.000000 0.000087 -0.000025
vn -1.000000 -0.000289 0.000105
vn -1.000000 0.000066 -0.000037
vn -1.000000 0.000244 -0.000187
vn -1.000000 0.000020 0.000054
vn -1.000000 -0.000112 0.000113
vn -1.000000 -0.000050 0.000022
vn -1.000000 -0.000017 0.000172
vn -1.000000 -0.000033 0.000345
vn -1.000000 -0.000006 0.000088
vn -1.000000 0.000002 -0.000001
vn -1.000000 -0.000086 -0.000010
vn -1.000000 -0.000019 -0.000007
vn -1.000000 -0.000132 0.000032
vn -1.000000 -0.000154 -0.000013
vn -1.000000 -0.000187 0.000075
vn -1.000000 -0.000374 0.000151
vn 1.000000 0.000031 -0.000085
vn 1.000000 0.000079 -0.000217
vn 1.000000 0.000040 -0.000109
vn 1.000000 0.000016 -0.000043
vn 1.000000 0.000077 -0.000052
vn 1.000000 0.000015 -0.000038
vn 1.000000 0.000020 -0.000015
vn 1.000000 0.000140 -0.000065
vn 1.000000 -0.000290 -0.000042
vn 1.000000 -0.000054 0.000030
vn 1.000000 -0.000145 -0.000021
vn 1.000000 -0.000527 -0.000113
vn 1.000000 -0.000001 -0.000001
vn 1.000000 0.000001 0.000000
vn 1.000000 0.000001 0.000002
vn 1.000000 0.000017 -0.000034
vn 1.000000 0.000009 0.000013
vn 1.000000 0.000030 -0.000018
vn 1.000000 0.000024 -0.000081
vn 1.000000 -0.000251 0.000035
vn 1.000000 0.000107 -0.000023
vn 1.000000 -0.000122 0.000019
vn 1.000000 -0.000609 0.000094
# 338 normals

vt 0.777778 0.999000 0.000000
vt 0.777778 0.001634 0.000000
vt 0.750000 0.001634 0.000000
vt 0.750000 0.999000 0.000000
vt 0.805556 0.999000 0.000000
vt 0.805556 0.001634 0.000000
vt 0.833333 0.999000 0.000000
vt 0.833333 0.001634 0.000000
vt 0.861111 0.999000 0.000000
vt 0.861111 0.001634 0.000000
vt 0.888889 0.999000 0.000000
vt 0.888889 0.001634 0.000000
vt 0.916667 0.999000 0.000000
vt 0.916667 0.001634 0.000000
vt 0.944444 0.999000 0.000000
vt 0.944444 0.001634 0.000000
vt 0.972222 0.999000 0.000000
vt 0.972222 0.001634 0.000000
vt 1.000000 0.999000 0.000000
vt 1.000000 0.001634 0.000000
vt 1.027778 0.999000 0.000000
vt 1.027778 0.001634 0.000000
vt 0.055556 0.999000 0.000000
vt 0.055556 0.001634 0.000000
vt 0.027778 0.001634 0.000000
vt 0.027778 0.999000 0.000000
vt 0.083333 0.999000 0.000000
vt 0.083333 0.001634 0.000000
vt 0.111111 0.999000 0.000000
vt 0.111111 0.001634 0.000000
vt 0.138889 0.999000 0.000000
vt 0.138889 0.001634 0.000000
vt 0.166667 0.999000 0.000000
vt 0.166667 0.001634 0.000000
vt 0.194444 0.999000 0.000000
vt 0.194444 0.001634 0.000000
vt 0.222222 0.999000 0.000000
vt 0.222222 0.001634 0.000000
vt 0.250000 0.999000 0.000000
vt 0.250000 0.001634 0.000000
vt 0.277778 0.999000 0.000000
vt 0.277778 0.001634 0.000000
vt 0.305555 0.999000 0.000000
vt 0.305555 0.001634 0.000000
vt 0.333333 0.999000 0.000000
vt 0.333333 0.001634 0.000000
vt 0.361111 0.999000 0.000000
vt 0.361111 0.001634 0.000000
vt 0.388889 0.999000 0.000000
vt 0.388889 0.001634 0.000000
vt 0.416667 0.999000 0.000000
vt 0.416667 0.001634 0.000000
vt 0.444444 0.999000 0.000000
vt 0.444444 0.001634 0.000000
vt 0.472222 0.999000 0.000000
vt 0.472222 0.001634 0.000000
vt 0.500000 0.999000 0.000000
vt 0.500000 0.001634 0.000000
vt 0.527778 0.999000 0.000000
vt 0.527778 0.001634 0.000000
vt 0.555555 0.999000 0.000000
vt 0.555555 0.001634 0.000000
vt 0.583333 0.999000 0.000000
vt 0.583333 0.001634 0.000000
vt 0.611111 0.999000 0.000000
vt 0.611111 0.001634 0.000000
vt 0.638889 0.999000 0.000000
vt 0.638889 0.001634 0.000000
vt 0.666667 0.999000 0.000000
vt 0.666667 0.001634 0.000000
vt 0.694444 0.999000 0.000000
vt 0.694444 0.001634 0.000000
vt 0.722222 0.999000 0.000000
vt 0.722222 0.001634 0.000000
# 74 texture coordinates

g ?????????_7
usemtl lightbar
f 5408/3532/5420 5406/3531/5420 5444/3530/5420 5409/3529/5420
f 5409/3529/5421 5444/3530/5421 5445/3534/5421 5410/3533/5421
f 5410/3533/5422 5445/3534/5422 5446/3536/5422 5411/3535/5422
f 5411/3535/5423 5446/3536/5423 5447/3538/5423 5412/3537/5423
f 5412/3537/5424 5447/3538/5424 5448/3540/5424 5413/3539/5424
f 5413/3539/5425 5448/3540/5425 5449/3542/5425 5414/3541/5425
f 5414/3541/5426 5449/3542/5426 5450/3544/5426 5415/3543/5426
f 5415/3543/5427 5450/3544/5427 5451/3546/5427 5416/3545/5427
f 5416/3545/5428 5451/3546/5428 5452/3548/5428 5417/3547/5428
f 5417/3547/5429 5452/3548/5429 5453/3550/5429 5418/3549/5429
f 5418/3554/5430 5453/3553/5430 5454/3552/5430 5419/3551/5430
f 5419/3551/5431 5454/3552/5431 5455/3556/5431 5420/3555/5431
f 5420/3555/5432 5455/3556/5432 5456/3558/5432 5421/3557/5432
f 5421/3557/5433 5456/3558/5433 5457/3560/5433 5422/3559/5433
f 5422/3559/5434 5457/3560/5434 5458/3562/5434 5423/3561/5434
f 5423/3561/5435 5458/3562/5435 5459/3564/5435 5424/3563/5435
f 5424/3563/5436 5459/3564/5436 5460/3566/5436 5425/3565/5436
f 5425/3565/5437 5460/3566/5437 5461/3568/5437 5426/3567/5437
f 5426/3567/5438 5461/3568/5438 5462/3570/5438 5427/3569/5438
f 5427/3569/5439 5462/3570/5439 5463/3572/5439 5428/3571/5439
f 5428/3571/5440 5463/3572/5440 5464/3574/5440 5429/3573/5440
f 5429/3573/5441 5464/3574/5441 5465/3576/5441 5430/3575/5441
f 5430/3575/5442 5465/3576/5442 5466/3578/5442 5431/3577/5442
f 5431/3577/5443 5466/3578/5443 5467/3580/5443 5432/3579/5443
f 5432/3579/5444 5467/3580/5444 5468/3582/5444 5433/3581/5444
f 5433/3581/5445 5468/3582/5445 5469/3584/5445 5434/3583/5445
f 5434/3583/5446 5469/3584/5446 5470/3586/5446 5435/3585/5446
f 5435/3585/5447 5470/3586/5447 5471/3588/5447 5436/3587/5447
f 5436/3587/5448 5471/3588/5448 5472/3590/5448 5437/3589/5448
f 5437/3589/5449 5472/3590/5449 5473/3592/5449 5438/3591/5449
f 5438/3591/5450 5473/3592/5450 5474/3594/5450 5439/3593/5450
f 5439/3593/5451 5474/3594/5451 5475/3596/5451 5440/3595/5451
f 5440/3595/5452 5475/3596/5452 5476/3598/5452 5441/3597/5452
f 5441/3597/5453 5476/3598/5453 5477/3600/5453 5442/3599/5453
f 5442/3599/5454 5477/3600/5454 5407/3602/5454 5443/3601/5454
f 5443/3601/5455 5407/3602/5455 5406/3531/5455 5408/3532/5455
f 5480/3532/5456 5478/3531/5456 5516/3530/5456 5481/3529/5456
f 5481/3529/5457 5516/3530/5457 5517/3534/5457 5482/3533/5457
f 5482/3533/5458 5517/3534/5458 5518/3536/5458 5483/3535/5458
f 5483/3535/5459 5518/3536/5459 5519/3538/5459 5484/3537/5459
f 5484/3537/5460 5519/3538/5460 5520/3540/5460 5485/3539/5460
f 5485/3539/5461 5520/3540/5461 5521/3542/5461 5486/3541/5461
f 5486/3541/5462 5521/3542/5462 5522/3544/5462 5487/3543/5462
f 5487/3543/5463 5522/3544/5463 5523/3546/5463 5488/3545/5463
f 5488/3545/5464 5523/3546/5464 5524/3548/5464 5489/3547/5464
f 5489/3547/5465 5524/3548/5465 5525/3550/5465 5490/3549/5465
f 5490/3554/5466 5525/3553/5466 5526/3552/5466 5491/3551/5466
f 5491/3551/5467 5526/3552/5467 5527/3556/5467 5492/3555/5467
f 5492/3555/5468 5527/3556/5468 5528/3558/5468 5493/3557/5468
f 5493/3557/5469 5528/3558/5469 5529/3560/5469 5494/3559/5469
f 5494/3559/5470 5529/3560/5470 5530/3562/5470 5495/3561/5470
f 5495/3561/5471 5530/3562/5471 5531/3564/5471 5496/3563/5471
f 5496/3563/5472 5531/3564/5472 5532/3566/5472 5497/3565/5472
f 5497/3565/5473 5532/3566/5473 5533/3568/5473 5498/3567/5473
f 5498/3567/5474 5533/3568/5474 5534/3570/5474 5499/3569/5474
f 5499/3569/5475 5534/3570/5475 5535/3572/5475 5500/3571/5475
f 5500/3571/5476 5535/3572/5476 5536/3574/5476 5501/3573/5476
f 5501/3573/5477 5536/3574/5477 5537/3576/5477 5502/3575/5477
f 5502/3575/5478 5537/3576/5478 5538/3578/5478 5503/3577/5478
f 5503/3577/5479 5538/3578/5479 5539/3580/5479 5504/3579/5479
f 5504/3579/5480 5539/3580/5480 5540/3582/5480 5505/3581/5480
f 5505/3581/5481 5540/3582/5481 5541/3584/5481 5506/3583/5481
f 5506/3583/5482 5541/3584/5482 5542/3586/5482 5507/3585/5482
f 5507/3585/5483 5542/3586/5483 5543/3588/5483 5508/3587/5483
f 5508/3587/5484 5543/3588/5484 5544/3590/5484 5509/3589/5484
f 5509/3589/5485 5544/3590/5485 5545/3592/5485 5510/3591/5485
f 5510/3591/5486 5545/3592/5486 5546/3594/5486 5511/3593/5486
f 5511/3593/5487 5546/3594/5487 5547/3596/5487 5512/3595/5487
f 5512/3595/5488 5547/3596/5488 5548/3598/5488 5513/3597/5488
f 5513/3597/5489 5548/3598/5489 5549/3600/5489 5514/3599/5489
f 5514/3599/5490 5549/3600/5490 5479/3602/5490 5515/3601/5490
f 5515/3601/5491 5479/3602/5491 5478/3531/5491 5480/3532/5491
f 5552/3532/5492 5550/3531/5492 5588/3530/5492 5553/3529/5492
f 5553/3529/5493 5588/3530/5493 5589/3534/5493 5554/3533/5493
f 5554/3533/5494 5589/3534/5494 5590/3536/5494 5555/3535/5494
f 5555/3535/5495 5590/3536/5495 5591/3538/5495 5556/3537/5495
f 5556/3537/5496 5591/3538/5496 5592/3540/5496 5557/3539/5496
f 5557/3539/5497 5592/3540/5497 5593/3542/5497 5558/3541/5497
f 5558/3541/5498 5593/3542/5498 5594/3544/5498 5559/3543/5498
f 5559/3543/5499 5594/3544/5499 5595/3546/5499 5560/3545/5499
f 5560/3545/5500 5595/3546/5500 5596/3548/5500 5561/3547/5500
f 5561/3547/5501 5596/3548/5501 5597/3550/5501 5562/3549/5501
f 5562/3554/5502 5597/3553/5502 5598/3552/5502 5563/3551/5502
f 5563/3551/5503 5598/3552/5503 5599/3556/5503 5564/3555/5503
f 5564/3555/5504 5599/3556/5504 5600/3558/5504 5565/3557/5504
f 5565/3557/5505 5600/3558/5505 5601/3560/5505 5566/3559/5505
f 5566/3559/5506 5601/3560/5506 5602/3562/5506 5567/3561/5506
f 5567/3561/5507 5602/3562/5507 5603/3564/5507 5568/3563/5507
f 5568/3563/5508 5603/3564/5508 5604/3566/5508 5569/3565/5508
f 5569/3565/5509 5604/3566/5509 5605/3568/5509 5570/3567/5509
f 5570/3567/5510 5605/3568/5510 5606/3570/5510 5571/3569/5510
f 5571/3569/5511 5606/3570/5511 5607/3572/5511 5572/3571/5511
f 5572/3571/5512 5607/3572/5512 5608/3574/5512 5573/3573/5512
f 5573/3573/5513 5608/3574/5513 5609/3576/5513 5574/3575/5513
f 5574/3575/5514 5609/3576/5514 5610/3578/5514 5575/3577/5514
f 5575/3577/5515 5610/3578/5515 5611/3580/5515 5576/3579/5515
f 5576/3579/5516 5611/3580/5516 5612/3582/5516 5577/3581/5516
f 5577/3581/5517 5612/3582/5517 5613/3584/5517 5578/3583/5517
f 5578/3583/5518 5613/3584/5518 5614/3586/5518 5579/3585/5518
f 5579/3585/5519 5614/3586/5519 5615/3588/5519 5580/3587/5519
f 5580/3587/5520 5615/3588/5520 5616/3590/5520 5581/3589/5520
f 5581/3589/5521 5616/3590/5521 5617/3592/5521 5582/3591/5521
f 5582/3591/5522 5617/3592/5522 5618/3594/5522 5583/3593/5522
f 5583/3593/5523 5618/3594/5523 5619/3596/5523 5584/3595/5523
f 5584/3595/5524 5619/3596/5524 5620/3598/5524 5585/3597/5524
f 5585/3597/5525 5620/3598/5525 5621/3600/5525 5586/3599/5525
f 5586/3599/5526 5621/3600/5526 5551/3602/5526 5587/3601/5526
f 5587/3601/5527 5551/3602/5527 5550/3531/5527 5552/3532/5527
f 5624/3532/5528 5622/3531/5528 5660/3530/5528 5625/3529/5528
f 5625/3529/5529 5660/3530/5529 5661/3534/5529 5626/3533/5529
f 5626/3533/5530 5661/3534/5530 5662/3536/5530 5627/3535/5530
f 5627/3535/5531 5662/3536/5531 5663/3538/5531 5628/3537/5531
f 5628/3537/5532 5663/3538/5532 5664/3540/5532 5629/3539/5532
f 5629/3539/5533 5664/3540/5533 5665/3542/5533 5630/3541/5533
f 5630/3541/5534 5665/3542/5534 5666/3544/5534 5631/3543/5534
f 5631/3543/5499 5666/3544/5499 5667/3546/5499 5632/3545/5499
f 5632/3545/5535 5667/3546/5535 5668/3548/5535 5633/3547/5535
f 5633/3547/5536 5668/3548/5536 5669/3550/5536 5634/3549/5536
f 5634/3554/5537 5669/3553/5537 5670/3552/5537 5635/3551/5537
f 5635/3551/5538 5670/3552/5538 5671/3556/5538 5636/3555/5538
f 5636/3555/5539 5671/3556/5539 5672/3558/5539 5637/3557/5539
f 5637/3557/5540 5672/3558/5540 5673/3560/5540 5638/3559/5540
f 5638/3559/5541 5673/3560/5541 5674/3562/5541 5639/3561/5541
f 5639/3561/5542 5674/3562/5542 5675/3564/5542 5640/3563/5542
f 5640/3563/5543 5675/3564/5543 5676/3566/5543 5641/3565/5543
f 5641/3565/5544 5676/3566/5544 5677/3568/5544 5642/3567/5544
f 5642/3567/5545 5677/3568/5545 5678/3570/5545 5643/3569/5545
f 5643/3569/5546 5678/3570/5546 5679/3572/5546 5644/3571/5546
f 5644/3571/5547 5679/3572/5547 5680/3574/5547 5645/3573/5547
f 5645/3573/5548 5680/3574/5548 5681/3576/5548 5646/3575/5548
f 5646/3575/5549 5681/3576/5549 5682/3578/5549 5647/3577/5549
f 5647/3577/5550 5682/3578/5550 5683/3580/5550 5648/3579/5550
f 5648/3579/5551 5683/3580/5551 5684/3582/5551 5649/3581/5551
f 5649/3581/5481 5684/3582/5481 5685/3584/5481 5650/3583/5481
f 5650/3583/5552 5685/3584/5552 5686/3586/5552 5651/3585/5552
f 5651/3585/5553 5686/3586/5553 5687/3588/5553 5652/3587/5553
f 5652/3587/5554 5687/3588/5554 5688/3590/5554 5653/3589/5554
f 5653/3589/5555 5688/3590/5555 5689/3592/5555 5654/3591/5555
f 5654/3591/5556 5689/3592/5556 5690/3594/5556 5655/3593/5556
f 5655/3593/5557 5690/3594/5557 5691/3596/5557 5656/3595/5557
f 5656/3595/5558 5691/3596/5558 5692/3598/5558 5657/3597/5558
f 5657/3597/5559 5692/3598/5559 5693/3600/5559 5658/3599/5559
f 5658/3599/5560 5693/3600/5560 5623/3602/5560 5659/3601/5560
f 5659/3601/5561 5623/3602/5561 5622/3531/5561 5624/3532/5561
f 5408/3532/5563 5410/3533/5562 5411/3535/6 5412/3537/6
f 5416/3545/5564 5412/3537/6 5413/3539/6 5414/3541/6
f 5414/3541/6 5415/3543/6 5416/3545/5564
f 5420/3555/5567 5416/3545/5564 5417/3547/5566 5418/3549/5565
f 5418/3549/5565 5419/3551/5568 5420/3555/5567
f 5424/3563/5571 5420/3555/5567 5421/3557/5570 5422/3559/5569
f 5422/3559/5569 5423/3561/5572 5424/3563/5571
f 5440/3595/5573 5416/3545/5564 5420/3555/5567 5424/3563/5571
f 5428/3571/5576 5424/3563/5571 5425/3565/5575 5426/3567/5574
f 5426/3567/5574 5427/3569/6 5428/3571/5576
f 5432/3579/5577 5428/3571/5576 5429/3573/6 5430/3575/6
f 5430/3575/6 5431/3577/6 5432/3579/5577
f 5440/3595/5573 5424/3563/5571 5428/3571/5576 5432/3579/5577
f 5436/3587/6 5432/3579/5577 5433/3581/6 5434/3583/6
f 5434/3583/6 5435/3585/6 5436/3587/6
f 5440/3595/5573 5436/3587/6 5437/3589/6 5438/3591/6
f 5438/3591/6 5439/3593/6 5440/3595/5573
f 5432/3579/5577 5436/3587/6 5440/3595/5573
f 5408/3532/5563 5440/3595/5573 5441/3597/5579 5442/3599/5578
f 5442/3599/5578 5443/3601/6 5408/3532/5563
f 5412/3537/6 5416/3545/5564 5440/3595/5573 5408/3532/5563
f 5409/3529/5580 5410/3533/5562 5408/3532/5563
f 5444/3530/5584 5407/3602/5583 5477/3600/5582 5476/3598/5581
f 5472/3590/5587 5476/3598/5581 5475/3596/5586 5474/3594/5585
f 5474/3594/5585 5473/3592/4 5472/3590/5587
f 5468/3582/5590 5472/3590/5587 5471/3588/5589 5470/3586/5588
f 5470/3586/5588 5469/3584/5591 5468/3582/5590
f 5464/3574/5594 5468/3582/5590 5467/3580/5593 5466/3578/5592
f 5466/3578/5592 5465/3576/4 5464/3574/5594
f 5448/3540/5595 5472/3590/5587 5468/3582/5590 5464/3574/5594
f 5460/3566/5596 5464/3574/5594 5463/3572/4 5462/3570/4
f 5462/3570/4 5461/3568/4 5460/3566/5596
f 5456/3558/5599 5460/3566/5596 5459/3564/5598 5458/3562/5597
f 5458/3562/5597 5457/3560/5600 5456/3558/5599
f 5448/3540/5595 5464/3574/5594 5460/3566/5596 5456/3558/5599
f 5452/3548/5603 5456/3558/5599 5455/3556/5602 5454/3552/5601
f 5454/3552/5601 5453/3553/5604 5452/3548/5603
f 5448/3540/5595 5452/3548/5603 5451/3546/5606 5450/3544/5605
f 5450/3544/5605 5449/3542/5607 5448/3540/5595
f 5456/3558/5599 5452/3548/5603 5448/3540/5595
f 5444/3530/5584 5448/3540/5595 5447/3538/5609 5446/3536/5608
f 5446/3536/5608 5445/3534/5610 5444/3530/5584
f 5476/3598/5581 5472/3590/5587 5448/3540/5595 5444/3530/5584
f 5406/3531/5611 5407/3602/5583 5444/3530/5584
f 5480/3532/5613 5482/3533/6 5483/3535/6 5484/3537/5612
f 5488/3545/5616 5484/3537/5612 5485/3539/5615 5486/3541/5614
f 5486/3541/5614 5487/3543/5617 5488/3545/5616
f 5492/3555/5620 5488/3545/5616 5489/3547/5619 5490/3549/5618
f 5490/3549/5618 5491/3551/5621 5492/3555/5620
f 5496/3563/5624 5492/3555/5620 5493/3557/5623 5494/3559/5622
f 5494/3559/5622 5495/3561/5625 5496/3563/5624
f 5512/3595/5626 5488/3545/5616 5492/3555/5620 5496/3563/5624
f 5500/3571/5629 5496/3563/5624 5497/3565/5628 5498/3567/5627
f 5498/3567/5627 5499/3569/6 5500/3571/5629
f 5504/3579/5630 5500/3571/5629 5501/3573/6 5502/3575/6
f 5502/3575/6 5503/3577/6 5504/3579/5630
f 5512/3595/5626 5496/3563/5624 5500/3571/5629 5504/3579/5630
f 5508/3587/5633 5504/3579/5630 5505/3581/5632 5506/3583/5631
f 5506/3583/5631 5507/3585/5634 5508/3587/5633
f 5512/3595/5626 5508/3587/5633 5509/3589/5636 5510/3591/5635
f 5510/3591/5635 5511/3593/5637 5512/3595/5626
f 5504/3579/5630 5508/3587/5633 5512/3595/5626
f 5480/3532/5613 5512/3595/5626 5513/3597/5639 5514/3599/5638
f 5514/3599/5638 5515/3601/6 5480/3532/5613
f 5484/3537/5612 5488/3545/5616 5512/3595/5626 5480/3532/5613
f 5481/3529/6 5482/3533/6 5480/3532/5613
f 5516/3530/5643 5479/3602/5642 5549/3600/5641 5548/3598/5640
f 5544/3590/5646 5548/3598/5640 5547/3596/5645 5546/3594/5644
f 5546/3594/5644 5545/3592/5647 5544/3590/5646
f 5540/3582/5650 5544/3590/5646 5543/3588/5649 5542/3586/5648
f 5542/3586/5648 5541/3584/5651 5540/3582/5650
f 5536/3574/5652 5540/3582/5650 5539/3580/4 5538/3578/4
f 5538/3578/4 5537/3576/4 5536/3574/5652
f 5520/3540/5653 5544/3590/5646 5540/3582/5650 5536/3574/5652
f 5532/3566/5654 5536/3574/5652 5535/3572/4 5534/3570/4
f 5534/3570/4 5533/3568/4 5532/3566/5654
f 5528/3558/5657 5532/3566/5654 5531/3564/5656 5530/3562/5655
f 5530/3562/5655 5529/3560/5658 5528/3558/5657
f 5520/3540/5653 5536/3574/5652 5532/3566/5654 5528/3558/5657
f 5524/3548/5661 5528/3558/5657 5527/3556/5660 5526/3552/5659
f 5526/3552/5659 5525/3553/5662 5524/3548/5661
f 5520/3540/5653 5524/3548/5661 5523/3546/4 5522/3544/4
f 5522/3544/4 5521/3542/4 5520/3540/5653
f 5528/3558/5657 5524/3548/5661 5520/3540/5653
f 5516/3530/5643 5520/3540/5653 5519/3538/4 5518/3536/4
f 5518/3536/4 5517/3534/4 5516/3530/5643
f 5548/3598/5640 5544/3590/5646 5520/3540/5653 5516/3530/5643
f 5478/3531/4 5479/3602/5642 5516/3530/5643
f 5552/3532/5664 5554/3533/6 5555/3535/6 5556/3537/5663
f 5560/3545/5667 5556/3537/5663 5557/3539/5666 5558/3541/5665
f 5558/3541/5665 5559/3543/5668 5560/3545/5667
f 5564/3555/5671 5560/3545/5667 5561/3547/5670 5562/3549/5669
f 5562/3549/5669 5563/3551/5672 5564/3555/5671
f 5568/3563/5675 5564/3555/5671 5565/3557/5674 5566/3559/5673
f 5566/3559/5673 5567/3561/5676 5568/3563/5675
f 5584/3595/5677 5560/3545/5667 5564/3555/5671 5568/3563/5675
f 5572/3571/5680 5568/3563/5675 5569/3565/5679 5570/3567/5678
f 5570/3567/5678 5571/3569/6 5572/3571/5680
f 5576/3579/5681 5572/3571/5680 5573/3573/6 5574/3575/6
f 5574/3575/6 5575/3577/6 5576/3579/5681
f 5584/3595/5677 5568/3563/5675 5572/3571/5680 5576/3579/5681
f 5580/3587/5684 5576/3579/5681 5577/3581/5683 5578/3583/5682
f 5578/3583/5682 5579/3585/5634 5580/3587/5684
f 5584/3595/5677 5580/3587/5684 5581/3589/5686 5582/3591/5685
f 5582/3591/5685 5583/3593/6 5584/3595/5677
f 5576/3579/5681 5580/3587/5684 5584/3595/5677
f 5552/3532/5664 5584/3595/5677 5585/3597/6 5586/3599/6
f 5586/3599/6 5587/3601/6 5552/3532/5664
f 5556/3537/5663 5560/3545/5667 5584/3595/5677 5552/3532/5664
f 5553/3529/6 5554/3533/6 5552/3532/5664
f 5588/3530/5690 5551/3602/5689 5621/3600/5688 5620/3598/5687
f 5616/3590/5693 5620/3598/5687 5619/3596/5692 5618/3594/5691
f 5618/3594/5691 5617/3592/5694 5616/3590/5693
f 5612/3582/5697 5616/3590/5693 5615/3588/5696 5614/3586/5695
f 5614/3586/5695 5613/3584/5698 5612/3582/5697
f 5608/3574/5699 5612/3582/5697 5611/3580/4 5610/3578/4
f 5610/3578/4 5609/3576/4 5608/3574/5699
f 5592/3540/5700 5616/3590/5693 5612/3582/5697 5608/3574/5699
f 5604/3566/5701 5608/3574/5699 5607/3572/4 5606/3570/4
f 5606/3570/4 5605/3568/4 5604/3566/5701
f 5600/3558/5704 5604/3566/5701 5603/3564/5703 5602/3562/5702
f 5602/3562/5702 5601/3560/5705 5600/3558/5704
f 5592/3540/5700 5608/3574/5699 5604/3566/5701 5600/3558/5704
f 5596/3548/5708 5600/3558/5704 5599/3556/5707 5598/3552/5706
f 5598/3552/5706 5597/3553/5709 5596/3548/5708
f 5592/3540/5700 5596/3548/5708 5595/3546/4 5594/3544/4
f 5594/3544/4 5593/3542/4 5592/3540/5700
f 5600/3558/5704 5596/3548/5708 5592/3540/5700
f 5588/3530/5690 5592/3540/5700 5591/3538/4 5590/3536/4
f 5590/3536/4 5589/3534/4 5588/3530/5690
f 5620/3598/5687 5616/3590/5693 5592/3540/5700 5588/3530/5690
f 5550/3531/4 5551/3602/5689 5588/3530/5690
f 5624/3532/5711 5626/3533/6 5627/3535/6 5628/3537/5710
f 5632/3545/5714 5628/3537/5710 5629/3539/5713 5630/3541/5712
f 5630/3541/5712 5631/3543/5715 5632/3545/5714
f 5636/3555/5718 5632/3545/5714 5633/3547/5717 5634/3549/5716
f 5634/3549/5716 5635/3551/5719 5636/3555/5718
f 5640/3563/5722 5636/3555/5718 5637/3557/5721 5638/3559/5720
f 5638/3559/5720 5639/3561/5723 5640/3563/5722
f 5656/3595/5724 5632/3545/5714 5636/3555/5718 5640/3563/5722
f 5644/3571/5727 5640/3563/5722 5641/3565/5726 5642/3567/5725
f 5642/3567/5725 5643/3569/6 5644/3571/5727
f 5648/3579/5728 5644/3571/5727 5645/3573/6 5646/3575/6
f 5646/3575/6 5647/3577/6 5648/3579/5728
f 5656/3595/5724 5640/3563/5722 5644/3571/5727 5648/3579/5728
f 5652/3587/5731 5648/3579/5728 5649/3581/5730 5650/3583/5729
f 5650/3583/5729 5651/3585/5732 5652/3587/5731
f 5656/3595/5724 5652/3587/5731 5653/3589/5734 5654/3591/5733
f 5654/3591/5733 5655/3593/6 5656/3595/5724
f 5648/3579/5728 5652/3587/5731 5656/3595/5724
f 5624/3532/5711 5656/3595/5724 5657/3597/6 5658/3599/6
f 5658/3599/6 5659/3601/6 5624/3532/5711
f 5628/3537/5710 5632/3545/5714 5656/3595/5724 5624/3532/5711
f 5625/3529/6 5626/3533/6 5624/3532/5711
f 5660/3530/5738 5623/3602/5737 5693/3600/5736 5692/3598/5735
f 5688/3590/5741 5692/3598/5735 5691/3596/5740 5690/3594/5739
f 5690/3594/5739 5689/3592/5742 5688/3590/5741
f 5684/3582/5745 5688/3590/5741 5687/3588/5744 5686/3586/5743
f 5686/3586/5743 5685/3584/5746 5684/3582/5745
f 5680/3574/5747 5684/3582/5745 5683/3580/4 5682/3578/4
f 5682/3578/4 5681/3576/4 5680/3574/5747
f 5664/3540/5748 5688/3590/5741 5684/3582/5745 5680/3574/5747
f 5676/3566/5749 5680/3574/5747 5679/3572/4 5678/3570/4
f 5678/3570/4 5677/3568/4 5676/3566/5749
f 5672/3558/5752 5676/3566/5749 5675/3564/5751 5674/3562/5750
f 5674/3562/5750 5673/3560/5753 5672/3558/5752
f 5664/3540/5748 5680/3574/5747 5676/3566/5749 5672/3558/5752
f 5668/3548/5756 5672/3558/5752 5671/3556/5755 5670/3552/5754
f 5670/3552/5754 5669/3553/5757 5668/3548/5756
f 5664/3540/5748 5668/3548/5756 5667/3546/4 5666/3544/4
f 5666/3544/4 5665/3542/4 5664/3540/5748
f 5672/3558/5752 5668/3548/5756 5664/3540/5748
f 5660/3530/5738 5664/3540/5748 5663/3538/4 5662/3536/4
f 5662/3536/4 5661/3534/4 5660/3530/5738
f 5692/3598/5735 5688/3590/5741 5664/3540/5748 5660/3530/5738
f 5622/3531/4 5623/3602/5737 5660/3530/5738

